Movie_ID,tmdb_id,poster_url,backdrop_url
1,5.0,https://image.tmdb.org/t/p/w500/75aHn1NOYXh4M7L5shoeQ6NGykP.jpg,https://image.tmdb.org/t/p/w500/c1BaOxC8bo5ACFYkYYxL0bBWRaq.jpg
4,13.0,https://image.tmdb.org/t/p/w500/Cw4hIUIAmSYfK9QfaUW5igp9La.jpg,https://image.tmdb.org/t/p/w500/66Kn4XWhkuPkJxOJyPEx4U2CUfN.jpg
5,14.0,https://image.tmdb.org/t/p/w500/wby9315QzVKdW9BonAefg8jGTTb.jpg,https://image.tmdb.org/t/p/w500/2ndw55F40IkALzWyjCCza3M6nqM.jpg
7,18.0,https://image.tmdb.org/t/p/w500/fPtlCO1yQtnoLHOwKtWz7db6RGU.jpg,https://image.tmdb.org/t/p/w500/jW21PoKwqs79wk6bfiYezox63mK.jpg
8,19.0,https://image.tmdb.org/t/p/w500/kr9wXRN23zLuWJIelahas1mtnYj.jpg,https://image.tmdb.org/t/p/w500/eeMoFKxjjiCi6iep2GEZtSAMYIr.jpg
9,20.0,https://image.tmdb.org/t/p/w500/pFEtVPW88pWflYV84UFL0h1iJr3.jpg,https://image.tmdb.org/t/p/w500/kZyurQjTMLHalUxs7sHgH5XeiwO.jpg
10,22.0,https://image.tmdb.org/t/p/w500/poHwCZeWzJCShH7tOjg8RIoyjcw.jpg,https://image.tmdb.org/t/p/w500/uRNgkJSkNBFbbn9fPsEjDIy8Sh3.jpg
11,24.0,https://image.tmdb.org/t/p/w500/v7TaX8kXMXs5yFFGR41guUDNcnB.jpg,https://image.tmdb.org/t/p/w500/iffzIhuLAO38Po6sh1s6ZEVwlNL.jpg
12,25.0,https://image.tmdb.org/t/p/w500/6vdj47RAWOUZBkeQmqToeZ7eaio.jpg,https://image.tmdb.org/t/p/w500/bQ8fRUaitJvi54O2lUT6Ta7FVHK.jpg
13,28.0,https://image.tmdb.org/t/p/w500/gQB8Y5RCMkv2zwzFHbUJX3kAhvA.jpg,https://image.tmdb.org/t/p/w500/49fzLedFVKgGgFChLMuulDJBY1c.jpg
14,33.0,https://image.tmdb.org/t/p/w500/54roTwbX9fltg85zjsmrooXAs12.jpg,https://image.tmdb.org/t/p/w500/rvRGFevvZK48onX0PYI1eQLbuJd.jpg
15,35.0,https://image.tmdb.org/t/p/w500/s3b8TZWwmkYc2KoJ5zk77qB6PzY.jpg,https://image.tmdb.org/t/p/w500/8ln5VUVk7gnNGIb2VNgw8nICDVt.jpg
16,38.0,https://image.tmdb.org/t/p/w500/5MwkWH9tYHv3mV9OdYTMR5qreIz.jpg,https://image.tmdb.org/t/p/w500/W1ffLQGHoxfAOq0ZYdPtJlvAdb.jpg
17,55.0,https://image.tmdb.org/t/p/w500/1lX74fPZsBoOyyE5fWL5xT7k9sV.jpg,https://image.tmdb.org/t/p/w500/iTkxwBriD9YKg4Q35qWEIlLXd6e.jpg
19,59.0,https://image.tmdb.org/t/p/w500/ptJKY9WGDUUL064ge3jW78zBX0t.jpg,https://image.tmdb.org/t/p/w500/iZHJsUYxhjI6kbooHoQRWXv6F8E.jpg
20,62.0,https://image.tmdb.org/t/p/w500/ve72VxNqjGM69Uky4WTo2bK6rfq.jpg,https://image.tmdb.org/t/p/w500/w5IDXtifKntw0ajv2co7jFlTQDM.jpg
21,65.0,https://image.tmdb.org/t/p/w500/7BmQj8qE1FLuLTf7Xjf9sdIHzoa.jpg,https://image.tmdb.org/t/p/w500/jNG7pl0DkN1nzxnbZj4MCGf2VEG.jpg
22,66.0,https://image.tmdb.org/t/p/w500/jiwy7YaPHLN8s1SuXWGgQLKKNKE.jpg,https://image.tmdb.org/t/p/w500/cLftTzGw40BlLw8IggKSWDjKOQo.jpg
23,68.0,https://image.tmdb.org/t/p/w500/aewan59WcFThBimkTVVoNf2o5Vb.jpg,https://image.tmdb.org/t/p/w500/9IYyCLf5NNAQFK9pNtqzEU9HWzM.jpg
26,71.0,https://image.tmdb.org/t/p/w500/mYtqgWCJiXpDeZwjVcC3OQGD8IR.jpg,https://image.tmdb.org/t/p/w500/urzflyf41uySpgciGHdQzpcaMOY.jpg
27,73.0,https://image.tmdb.org/t/p/w500/x2drgoXYZ8484lqyDj7L1CEVR4T.jpg,https://image.tmdb.org/t/p/w500/6qHI1IYj7QlLSCwHRzkL62X175s.jpg
28,74.0,https://image.tmdb.org/t/p/w500/6Biy7R9LfumYshur3YKhpj56MpB.jpg,https://image.tmdb.org/t/p/w500/bInicBgSHfQiWLbnRT5jxw9Grvm.jpg
29,75.0,https://image.tmdb.org/t/p/w500/hll4O5vSAfnZDb6JbnP06GPtz7b.jpg,https://image.tmdb.org/t/p/w500/ELsTifJ2lu4vsMhoHeZ5EnncHw.jpg
30,76.0,https://image.tmdb.org/t/p/w500/kf1Jb1c2JAOqjuzA3H4oDM263uB.jpg,https://image.tmdb.org/t/p/w500/qA2TyqPldTtoTVY3LKrNIG5g6bH.jpg
31,77.0,https://image.tmdb.org/t/p/w500/nzlv62aC0octS5AklAiWpXLX9Z0.jpg,https://image.tmdb.org/t/p/w500/7Wev9JMo6R5XAfz2KDvXb7oPMmy.jpg
32,78.0,https://image.tmdb.org/t/p/w500/63N9uy8nd9j7Eog2axPQ8lbr3Wj.jpg,https://image.tmdb.org/t/p/w500/qr7dUqleMRd0VgollazbmyP9XjI.jpg
33,79.0,https://image.tmdb.org/t/p/w500/vxgZto2Cz7ILHAlmRXt50I2brB2.jpg,https://image.tmdb.org/t/p/w500/jDz6RYN3nKYtlo7J9IMvGoJit7B.jpg
34,80.0,https://image.tmdb.org/t/p/w500/4sW5XH9ZfYXpvFzev00S1IGAEbg.jpg,https://image.tmdb.org/t/p/w500/tcZi0LQc5iu2u6i5aOWyj9NBBvl.jpg
35,83.0,https://image.tmdb.org/t/p/w500/7Gy5N0Yp7ocaKBR860v9KDbpYHj.jpg,https://image.tmdb.org/t/p/w500/58BUQzjN6TH0bLe6JEfgMbHc55u.jpg
36,85.0,https://image.tmdb.org/t/p/w500/ceG9VzoRAVGwivFU403Wc3AHRys.jpg,https://image.tmdb.org/t/p/w500/zPACwR32amTNvzId9qyapCWXYDJ.jpg
37,87.0,https://image.tmdb.org/t/p/w500/gpdVNUaa4LhRMLfJOPj1AZdhAZ3.jpg,https://image.tmdb.org/t/p/w500/f133nWlU6yUkZqqwcCXCbTEJWHr.jpg
38,89.0,https://image.tmdb.org/t/p/w500/sizg1AU8f8JDZX4QIgE4pjUMBvx.jpg,https://image.tmdb.org/t/p/w500/7KGdTzKux4fp5sW7hUM33NWqBU1.jpg
39,90.0,https://image.tmdb.org/t/p/w500/eBJEvKkhQ0tUt1dBAcTEYW6kCle.jpg,https://image.tmdb.org/t/p/w500/p256RduW9wMC3uhGJTerywmGiiX.jpg
40,95.0,https://image.tmdb.org/t/p/w500/eTM3qtGhDU8cvjpoa6KEt5E2auU.jpg,https://image.tmdb.org/t/p/w500/1cO6OQJxz7YhTZ4V1OlkYfebeJa.jpg
41,96.0,https://image.tmdb.org/t/p/w500/egDakU8O5yUwpUJP9IMAUVtIDll.jpg,https://image.tmdb.org/t/p/w500/bIA65PCRtIQfBvIoKohJbtOPl3M.jpg
42,98.0,https://image.tmdb.org/t/p/w500/wN2xWp1eIwCKOD0BHTcErTBv1Uq.jpg,https://image.tmdb.org/t/p/w500/Ar7QuJ7sJEiC0oP3I8fKBKIQD9u.jpg
43,100.0,https://image.tmdb.org/t/p/w500/6pJB2t3MbQUy9m5pFIBHXLqnqNd.jpg,https://image.tmdb.org/t/p/w500/cXQH2u7wUIX1eoIdEj51kHXoWhX.jpg
44,103.0,https://image.tmdb.org/t/p/w500/ekstpH614fwDX8DUln1a2Opz0N8.jpg,https://image.tmdb.org/t/p/w500/9uddYYTNcLWpzUkl5iw1RUYhLhY.jpg
45,104.0,https://image.tmdb.org/t/p/w500/v0giIi4bTILVhNhJajet3WWY3FA.jpg,https://image.tmdb.org/t/p/w500/wRcm3iwi4BeMN59U4fjO7u3dOVI.jpg
46,105.0,https://image.tmdb.org/t/p/w500/vN5B5WgYscRGcQpVhHl6p9DDTP0.jpg,https://image.tmdb.org/t/p/w500/5bzPWQ2dFUl2aZKkp7ILJVVkRed.jpg
47,106.0,https://image.tmdb.org/t/p/w500/k3mW4qfJo6SKqe6laRyNGnbB9n5.jpg,https://image.tmdb.org/t/p/w500/YL3GPOiDcNraIJOVDCZsoOBoDy.jpg
48,107.0,https://image.tmdb.org/t/p/w500/kJZoAHq1SLDdWjeNGtlHAnGpmFV.jpg,https://image.tmdb.org/t/p/w500/gTghF8ardwJ48XLHkiapWk3ZmSo.jpg
49,111.0,https://image.tmdb.org/t/p/w500/iQ5ztdjvteGeboxtmRdXEChJOHh.jpg,https://image.tmdb.org/t/p/w500/cCvp5Sni75agCtyJkNOMapORUQV.jpg
50,114.0,https://image.tmdb.org/t/p/w500/oVKX1Pt1q7jXTkTk51mu2S0sAB0.jpg,https://image.tmdb.org/t/p/w500/rleTwPqymtOpeD2bR7asJGEmldV.jpg
51,115.0,https://image.tmdb.org/t/p/w500/3bv6WAp6BSxxYvB5ozKFUYuRA8C.jpg,https://image.tmdb.org/t/p/w500/77ElMccPnTMPouRxSdbJ4nEjf69.jpg
52,116.0,https://image.tmdb.org/t/p/w500/vHjEVTD8ucuwKSFOZJeyAnTZYli.jpg,https://image.tmdb.org/t/p/w500/yUJf20GQ5vifhk9QDxUGotAEaLz.jpg
53,117.0,https://image.tmdb.org/t/p/w500/tPq0R4jTO4Ey8ZspFaWK9wGA4Ls.jpg,https://image.tmdb.org/t/p/w500/i1oWUGVDNBhGBykcCRBlX326udb.jpg
54,118.0,https://image.tmdb.org/t/p/w500/iKP6wg3c6COUe8gYutoGG7qcPnO.jpg,https://image.tmdb.org/t/p/w500/atoIgfAk2Ig2HFJLD0VUnjiPWEz.jpg
55,120.0,https://image.tmdb.org/t/p/w500/6oom5QYQ2yQTMJIbnvbkBL9cHo6.jpg,https://image.tmdb.org/t/p/w500/oiwc338EoBgS4sEI2ixAny4KQKg.jpg
56,121.0,https://image.tmdb.org/t/p/w500/5VTN0pR8gcqV3EPUHHfMGnJYN9L.jpg,https://image.tmdb.org/t/p/w500/6G73mNyooWAEQTpckPSnFxFoNmc.jpg
57,122.0,https://image.tmdb.org/t/p/w500/rCzpDGLbOoPwLjy3OAm5NUPOTrC.jpg,https://image.tmdb.org/t/p/w500/ctiw6FZK4N36LmkjSklWEbuvlq9.jpg
58,128.0,https://image.tmdb.org/t/p/w500/cMYCDADoLKLbB83g4WnJegaZimC.jpg,https://image.tmdb.org/t/p/w500/gl0jzn4BupSbL2qMVeqrjKkF9Js.jpg
59,129.0,https://image.tmdb.org/t/p/w500/39wmItIWsg5sZMyRUHLkWBcuVCM.jpg,https://image.tmdb.org/t/p/w500/dyJvKsNs2KP8qQnAXbRwDjblViy.jpg
60,134.0,https://image.tmdb.org/t/p/w500/2YztYilviFCYcEtDAnrOstUWGie.jpg,https://image.tmdb.org/t/p/w500/rbsm633lnt3hKHEpk7FOt3dy82a.jpg
62,141.0,https://image.tmdb.org/t/p/w500/j2AtZFsflxiluaNtajMTI0Avm8C.jpg,https://image.tmdb.org/t/p/w500/msCHK5Kh1YbdZ0zPJ2nzPUhhSN9.jpg
63,142.0,https://image.tmdb.org/t/p/w500/aByfQOQBNa4CMFwIgq3QrqY2ZHh.jpg,https://image.tmdb.org/t/p/w500/vXzqV2RtJlT9WhNEM4NYWCEC6ZI.jpg
65,149.0,https://image.tmdb.org/t/p/w500/neZ0ykEsPqxamsX6o5QNUFILQrz.jpg,https://image.tmdb.org/t/p/w500/fK40VGYIm7hmKrLJ26fgPQU0qRG.jpg
67,153.0,https://image.tmdb.org/t/p/w500/3jCLmYDIIiSMPujbwygNpqdpM8N.jpg,https://image.tmdb.org/t/p/w500/6ITVHoipvxAS8luzKtHTbPaHLtT.jpg
68,154.0,https://image.tmdb.org/t/p/w500/uPyLsKl8Z0LOoxeaFXsY5MxhR5s.jpg,https://image.tmdb.org/t/p/w500/meqmvZjKpQ7WRhpZvIoKIAvioSD.jpg
70,157.0,https://image.tmdb.org/t/p/w500/yqEj0oPfKBMCz7YcCARHDgH7VFm.jpg,https://image.tmdb.org/t/p/w500/hFXXFpqrD0tvZPhILN4uqtNZDpY.jpg
71,161.0,https://image.tmdb.org/t/p/w500/hQQCdZrsHtZyR6NbKH2YyCqd2fR.jpg,https://image.tmdb.org/t/p/w500/ncoqdHs1poUaBqyKic9YI8ai7MP.jpg
72,162.0,https://image.tmdb.org/t/p/w500/e0FqKFvGPdQNWG8tF9cZBtev9Em.jpg,https://image.tmdb.org/t/p/w500/uNLIMPxknsV4n3IAEDpS1iqF5dm.jpg
73,163.0,https://image.tmdb.org/t/p/w500/pE5anFf7nf6ah7V3VRezQ1KSovi.jpg,https://image.tmdb.org/t/p/w500/5b5HrewiViLWEdMR4dmbd7ajQ8Q.jpg
74,165.0,https://image.tmdb.org/t/p/w500/hQq8xZe5uLjFzSBt4LanNP7SQjl.jpg,https://image.tmdb.org/t/p/w500/w6tPctxWAsHoQXeKxxNOT6lYKpx.jpg
75,167.0,https://image.tmdb.org/t/p/w500/tafXZX0I6rso7EyoEzfygfTqxq6.jpg,https://image.tmdb.org/t/p/w500/v8xav2JYqqn3O14s0PR4UgWBz95.jpg
77,169.0,https://image.tmdb.org/t/p/w500/83X4VwY9sdSJykskmsplIVG0a4h.jpg,https://image.tmdb.org/t/p/w500/8GGAXEXaTPMDGa0sCPyFcitvlD9.jpg
78,170.0,https://image.tmdb.org/t/p/w500/sQckQRt17VaWbo39GIu0TMOiszq.jpg,https://image.tmdb.org/t/p/w500/aJFwk1clMal1prxAvKAgHxKPAf.jpg
79,172.0,https://image.tmdb.org/t/p/w500/uiXr41VLYsuug3CZbFrKLSNahuZ.jpg,https://image.tmdb.org/t/p/w500/y0klN15XPVyYtd4P7HYecgJXSsZ.jpg
80,173.0,https://image.tmdb.org/t/p/w500/heAEH85fdxEgV98LizHbQCL95iZ.jpg,https://image.tmdb.org/t/p/w500/6kN5rkADuRtVw7kLD08JyQHZ5OB.jpg
81,174.0,https://image.tmdb.org/t/p/w500/tvTOJD7Gz668GLy2nNdLRQvpPsv.jpg,https://image.tmdb.org/t/p/w500/nGJTamFPZ9V4JX5YpiOS0UDuwmx.jpg
82,176.0,https://image.tmdb.org/t/p/w500/rLNSOudrayDBo1uqXjrhxcjODIC.jpg,https://image.tmdb.org/t/p/w500/ok4ot3YbfDYZcINXf91JUfq3maB.jpg
83,177.0,https://image.tmdb.org/t/p/w500/hwIYw22HmAUMobV4zsX69MgfVUz.jpg,https://image.tmdb.org/t/p/w500/3NyCi98Y2lqLawrV41kNCcyo6Ab.jpg
84,179.0,https://image.tmdb.org/t/p/w500/wTidq3J9fh8sEOAlD8WZFHVLSuB.jpg,https://image.tmdb.org/t/p/w500/A5mBIAtZOqVpAVUXolwtOnaQcZc.jpg
85,180.0,https://image.tmdb.org/t/p/w500/ccqpHq5tk5W4ymbSbuoy4uYOxFI.jpg,https://image.tmdb.org/t/p/w500/PrMb3oeEluauy0q9ZO5xL33A6C.jpg
86,182.0,https://image.tmdb.org/t/p/w500/3LjHC2CWDkzoiPehf3GViujws0.jpg,https://image.tmdb.org/t/p/w500/vr9xAWJeIkYJWAYmIov5WNHEAf6.jpg
87,184.0,https://image.tmdb.org/t/p/w500/rOUx7qg4KmEh1juEDwqzbDSL1Nr.jpg,https://image.tmdb.org/t/p/w500/gvaeY5kz3wHrMU6xLdnybziwYXw.jpg
88,186.0,https://image.tmdb.org/t/p/w500/x21s3p5wPww534nYj1cWakTcqz4.jpg,https://image.tmdb.org/t/p/w500/ShDHEWiJ4NL6ldn4W2m3bEkIBr.jpg
89,187.0,https://image.tmdb.org/t/p/w500/i66G50wATMmPrvpP95f0XP6ZdVS.jpg,https://image.tmdb.org/t/p/w500/t9kQnqiaxQ8TLB25rTzDKLd0fdM.jpg
90,189.0,https://image.tmdb.org/t/p/w500/50kALxDX4mmzIRljbNbPY0u4cie.jpg,https://image.tmdb.org/t/p/w500/rxMnmklIpunsNsRkQ7hw61ZJa84.jpg
91,193.0,https://image.tmdb.org/t/p/w500/gh0ZZRwSmlzEZTIZee3ZCN9Jssx.jpg,https://image.tmdb.org/t/p/w500/mNdsbVuRdsyo8eitW2IBW2BWRkU.jpg
93,197.0,https://image.tmdb.org/t/p/w500/or1gBugydmjToAEq7OZY0owwFk.jpg,https://image.tmdb.org/t/p/w500/1m1c5gIWWkb1FEC9lzsoXHhhs7b.jpg
95,200.0,https://image.tmdb.org/t/p/w500/xQCMAHeg5M9HpDIqanYbWdr4brB.jpg,https://image.tmdb.org/t/p/w500/vsjuHP9RQZJgYUvvSlO3mjJpXkq.jpg
97,203.0,https://image.tmdb.org/t/p/w500/9msfwOeGc9uL1iRRTBdEf15XonC.jpg,https://image.tmdb.org/t/p/w500/qdecDSIVoqctIoYoOhLH3TgSYLD.jpg
98,205.0,https://image.tmdb.org/t/p/w500/p3pHw85UMZPegfMZBA6dZ06yarm.jpg,https://image.tmdb.org/t/p/w500/jkvvXaN7FPVKGlk8oj9PL0FHNtj.jpg
99,207.0,https://image.tmdb.org/t/p/w500/tNvKkSnnn4Z6RCBThyK1gfCSSvv.jpg,https://image.tmdb.org/t/p/w500/lFIXZpwwlF9hg8NM3RazaIJDuaj.jpg
100,214.0,https://image.tmdb.org/t/p/w500/4iO9n24Rb10peXV0JH2EldIOrAp.jpg,https://image.tmdb.org/t/p/w500/qx8Pb3nVnHLBizI9792pbRN5nnm.jpg
101,215.0,https://image.tmdb.org/t/p/w500/gTnaTysN8HsvVQqTRUh8m35mmUA.jpg,https://image.tmdb.org/t/p/w500/1lWeIA03iGXTlDv0yzsN0wUdT9T.jpg
104,219.0,https://image.tmdb.org/t/p/w500/ljRPzuI1xybiFUGU1uCRdx68h0K.jpg,https://image.tmdb.org/t/p/w500/cLvcOx8RbSUPCbkynKzNIg1zc2g.jpg
105,223.0,https://image.tmdb.org/t/p/w500/1qz3qUOHnVy7dL7M7G8jSErxE4b.jpg,https://image.tmdb.org/t/p/w500/46p36NyMO6f25YtSqSYiwz4mKbW.jpg
107,227.0,https://image.tmdb.org/t/p/w500/l9os0HcXY8BOkvUWAx4rvby3j6L.jpg,https://image.tmdb.org/t/p/w500/hpzbQDjl2yzf6MwrYOrbDJCmojc.jpg
108,231.0,https://image.tmdb.org/t/p/w500/mO3hWUTOxmLJxihvDU0YFkb0Mb5.jpg,https://image.tmdb.org/t/p/w500/xSUsz5n5qtR9yEwmRxEmYvMLN7o.jpg
110,238.0,https://image.tmdb.org/t/p/w500/3bhkrj58Vtu7enYsRolD1fZdja1.jpg,https://image.tmdb.org/t/p/w500/tSPT36ZKlP2WVHJLM4cQPLSzv3b.jpg
111,239.0,https://image.tmdb.org/t/p/w500/hVIKyTK13AvOGv7ICmJjK44DTzp.jpg,https://image.tmdb.org/t/p/w500/5zTwAcnI3zCJ0mucPPnoBtkSWEV.jpg
113,242.0,https://image.tmdb.org/t/p/w500/lm3pQ2QoQ16pextRsmnUbG2onES.jpg,https://image.tmdb.org/t/p/w500/zNnjHLDtV8Ti3aworltaeaLMov4.jpg
114,243.0,https://image.tmdb.org/t/p/w500/e2LZGB62GMhv3Fo8tDZjY87I81a.jpg,https://image.tmdb.org/t/p/w500/tmP4COlAaowO0FniW30aatOcmMq.jpg
115,245.0,https://image.tmdb.org/t/p/w500/qoZ1bD0q9EFqcNiEYbEigsRcNCt.jpg,https://image.tmdb.org/t/p/w500/xxiPjhXigJ4zPiqqrA77FK10ULo.jpg
116,248.0,https://image.tmdb.org/t/p/w500/xjXwcGJjT5tE22wazQUYH32HwU8.jpg,https://image.tmdb.org/t/p/w500/kYaqmkeCSqNSat8nKgdLSz0A20l.jpg
117,251.0,https://image.tmdb.org/t/p/w500/w9RaPHov8oM5cnzeE27isnFMsvS.jpg,https://image.tmdb.org/t/p/w500/6nLdSON3ErniBZTXWG7WRqs5jGz.jpg
118,252.0,https://image.tmdb.org/t/p/w500/vmpsZkrs4Uvkp9r1atL8B3frA63.jpg,https://image.tmdb.org/t/p/w500/ko7hMSCtXoJFfpYAIbrowwgH0eq.jpg
119,253.0,https://image.tmdb.org/t/p/w500/39qkrjqMZs6utwNmihVImC3ghas.jpg,https://image.tmdb.org/t/p/w500/hzmmXx6UeYQeylioNbliFKjSbV7.jpg
120,254.0,https://image.tmdb.org/t/p/w500/6a2HY6UmD7XiDD3NokgaBAXEsD2.jpg,https://image.tmdb.org/t/p/w500/mRM2NB0i3wv4HqxXvwIjEVi4Qqq.jpg
121,257.0,https://image.tmdb.org/t/p/w500/zhPdYZ3x2uanhM1SyBj4CuL6hSa.jpg,https://image.tmdb.org/t/p/w500/2tfwa81Fg8iD4o8iEtIQRI8UY0F.jpg
122,261.0,https://image.tmdb.org/t/p/w500/5djZZECgqDGuSI1INmrdAcGRBb0.jpg,https://image.tmdb.org/t/p/w500/nXAP7rUMno8DjBFqkM5IZlnpybm.jpg
123,268.0,https://image.tmdb.org/t/p/w500/cij4dd21v2Rk2YtUQbV5kW69WB2.jpg,https://image.tmdb.org/t/p/w500/rBN6GPKUDZ6ZKAQiEZegZ0DZb6V.jpg
125,274.0,https://image.tmdb.org/t/p/w500/uS9m8OBk1A8eM9I042bx8XXpqAq.jpg,https://image.tmdb.org/t/p/w500/aYcnDyLMnpKce1FOYUpZrXtgUye.jpg
127,278.0,https://image.tmdb.org/t/p/w500/9cqNxx0GxF0bflZmeSMuL5tnGzr.jpg,https://image.tmdb.org/t/p/w500/pNjh59JSxChQktamG3LMp9ZoQzp.jpg
129,280.0,https://image.tmdb.org/t/p/w500/jFTVD4XoWQTcg7wdyJKa8PEds5q.jpg,https://image.tmdb.org/t/p/w500/izkMjmhauFx9DjoBQqM5sM5WAwE.jpg
130,284.0,https://image.tmdb.org/t/p/w500/hhSRt1KKfRT0yEhEtRW3qp31JFU.jpg,https://image.tmdb.org/t/p/w500/2L8U8rUyWeFTb6n1egTNeJsEsvj.jpg
131,285.0,https://image.tmdb.org/t/p/w500/jGWpG4YhpQwVmjyHEGkxEkeRf0S.jpg,https://image.tmdb.org/t/p/w500/1jHxkVXMI5s3vRiyiZooUy1shB5.jpg
132,288.0,https://image.tmdb.org/t/p/w500/qETSMQ4IXBSAS409Z9OL0ppXWTW.jpg,https://image.tmdb.org/t/p/w500/raYHhtIDyh3qDS6WdyRzeqjLyIK.jpg
133,289.0,https://image.tmdb.org/t/p/w500/lGCEKlJo2CnWydQj7aamY7s1S7Q.jpg,https://image.tmdb.org/t/p/w500/87wqeMeUeMRLjsE1IWNKJcPlpuC.jpg
134,291.0,https://image.tmdb.org/t/p/w500/8L3ir0KNqSqpps2oVAeCUPVTPhr.jpg,https://image.tmdb.org/t/p/w500/6B3kS8PeYG06VAEvRWHDsvp6Fjz.jpg
135,292.0,https://image.tmdb.org/t/p/w500/lGS9iKGGRjM049ZGK4J8TvQeBHg.jpg,https://image.tmdb.org/t/p/w500/ccygoEpryrDHueiUnc2oGfPF1ut.jpg
137,297.0,https://image.tmdb.org/t/p/w500/fDPAjvfPMomkKF7cMRmL5Anak61.jpg,https://image.tmdb.org/t/p/w500/uMBByiSDpgFwWVegAtwwnuzvogJ.jpg
138,298.0,https://image.tmdb.org/t/p/w500/pBsZs4zYUiUTemqbikTZ76iQRaU.jpg,https://image.tmdb.org/t/p/w500/uS18gs16EXfFJhjA11cXj4WWPMb.jpg
139,302.0,https://image.tmdb.org/t/p/w500/10xMAznUxI0LZPYyPxA9WjJsThr.jpg,https://image.tmdb.org/t/p/w500/q0kZOxL6OMSeDlT6SRNKCJYStlF.jpg
140,306.0,https://image.tmdb.org/t/p/w500/7vIpCkgGEfk5LZwm78nMxswLJRH.jpg,https://image.tmdb.org/t/p/w500/yrzJZwLW41fEnEgav4vyhUpGb4k.jpg
141,309.0,https://image.tmdb.org/t/p/w500/2LRzNq41yrY8EjCnD1S8sCCPvKk.jpg,https://image.tmdb.org/t/p/w500/yCtgdv7TfgZLHj6R9IQKD5TjljP.jpg
143,311.0,https://image.tmdb.org/t/p/w500/i0enkzsL5dPeneWnjl1fCWm6L7k.jpg,https://image.tmdb.org/t/p/w500/xlDUjb0Q5Dv6jPQRF5VE4IMjIy.jpg
144,314.0,https://image.tmdb.org/t/p/w500/pvnPgukFyEKgCzyOxyLiwyZ8T1C.jpg,https://image.tmdb.org/t/p/w500/wbwHIbOAAYHqhsaFFsFQV62Wr6.jpg
145,319.0,https://image.tmdb.org/t/p/w500/39lXk6ud6KiJgGbbWI2PUKS7y2.jpg,https://image.tmdb.org/t/p/w500/1Uh8yuXlFcMDpVHWZJidjanT06e.jpg
146,320.0,https://image.tmdb.org/t/p/w500/riVXh3EimGO0y5dgQxEWPRy5Itg.jpg,https://image.tmdb.org/t/p/w500/jU8MC5uSgBkZXyZYGtZgMsMsfeN.jpg
147,321.0,https://image.tmdb.org/t/p/w500/siYFoZUq0HOCksnOc7me8YT1AOo.jpg,https://image.tmdb.org/t/p/w500/tjlVklWsCrJH2XkoT1I2LIXvkvC.jpg
148,322.0,https://image.tmdb.org/t/p/w500/hCHVDbo6XJGj3r2i4hVjKhE0GKF.jpg,https://image.tmdb.org/t/p/w500/4ycpMe25LYpzGW42U9amyW9gM53.jpg
149,326.0,https://image.tmdb.org/t/p/w500/i0ynvZ89tV1t8MAL9FmeQELfXH0.jpg,https://image.tmdb.org/t/p/w500/wxGhAD63EM7N2YIQw9bktgQR8QM.jpg
150,327.0,https://image.tmdb.org/t/p/w500/rSRJozSafFFuiFT9XnwsE1ricHT.jpg,https://image.tmdb.org/t/p/w500/cL1VX6WllejQQhGTUGGWHW25yor.jpg
151,329.0,https://image.tmdb.org/t/p/w500/63viWuPfYQjRYLSZSZNq7dglJP5.jpg,https://image.tmdb.org/t/p/w500/4SyDTF02R5BepqSdQmOaNCHObzF.jpg
152,330.0,https://image.tmdb.org/t/p/w500/7st3JW0xpMAkwB3dYfv3iqAwD8Y.jpg,https://image.tmdb.org/t/p/w500/A4rYaPdzgocCjQ0n9LUSYUxyvpS.jpg
153,331.0,https://image.tmdb.org/t/p/w500/oQXj4NUfS3r3gHXtDOzcJgj1lLc.jpg,https://image.tmdb.org/t/p/w500/8v8x4vVbRgrsdU3M4drnD7HQbfe.jpg
156,335.0,https://image.tmdb.org/t/p/w500/qbYgqOczabWNn2XKwgMtVrntD6P.jpg,https://image.tmdb.org/t/p/w500/u5IhDThM1SClL4pkCUp8hOmsDQJ.jpg
157,338.0,https://image.tmdb.org/t/p/w500/uHk1oGEbnvQGLnyiiYxTslZLoog.jpg,https://image.tmdb.org/t/p/w500/uBLmfG7MyNXPXI50eMs1ZjxpbnV.jpg
159,345.0,https://image.tmdb.org/t/p/w500/knEIz1eNGl5MQDbrEAVWA7iRqF9.jpg,https://image.tmdb.org/t/p/w500/aC6wW62V6b0csr5iUnbOjYAqfhg.jpg
160,346.0,https://image.tmdb.org/t/p/w500/lOMGc8bnSwQhS4XyE1S99uH8NXf.jpg,https://image.tmdb.org/t/p/w500/qvZ91FwMq6O47VViAr8vZNQz3WI.jpg
163,364.0,https://image.tmdb.org/t/p/w500/jKBjeXM7iBBV9UkUcOXx3m7FSHY.jpg,https://image.tmdb.org/t/p/w500/7x4SNxO5HWArighxxFeet5sn3il.jpg
165,380.0,https://image.tmdb.org/t/p/w500/iTNHwO896WKkaoPtpMMS74d8VNi.jpg,https://image.tmdb.org/t/p/w500/b3tos7Tsd6lsTe52Nn4TMrEQg65.jpg
167,388.0,https://image.tmdb.org/t/p/w500/ffMUgkDZICNiyaws1Jkv8qG8uFW.jpg,https://image.tmdb.org/t/p/w500/tOkSenL74N23O4S7wjJSUHz7Aeh.jpg
168,389.0,https://image.tmdb.org/t/p/w500/zhG3vKWyDRaZYoaww1UVAi29T9h.jpg,https://image.tmdb.org/t/p/w500/qqHQsStV6exghCM7zbObuYBiYxw.jpg
169,391.0,https://image.tmdb.org/t/p/w500/lBwOEpwVeUAmrmglcstnaGcJq3Y.jpg,https://image.tmdb.org/t/p/w500/9gMkOYzk7P9QXwndhLRAC8cMZcJ.jpg
171,393.0,https://image.tmdb.org/t/p/w500/2yhg0mZQMhDyvUQ4rG1IZ4oIA8L.jpg,https://image.tmdb.org/t/p/w500/pgG6tzJzC8mjGqhaT8IWwEk00xf.jpg
172,395.0,https://image.tmdb.org/t/p/w500/ySWu5bCnnmgV1cVacvFnFIhgOjp.jpg,https://image.tmdb.org/t/p/w500/xvq1RLaiwSdHwPHe7WUhqZa1rCA.jpg
174,400.0,https://image.tmdb.org/t/p/w500/3LxYzYybOVpnw0juCSlNL5cj8NK.jpg,https://image.tmdb.org/t/p/w500/J4l8AvrK8ByAjnoKposMLh3ubL.jpg
177,404.0,https://image.tmdb.org/t/p/w500/tT9cMiVDdtlcdZxOoFy3VRmEoKk.jpg,https://image.tmdb.org/t/p/w500/1S81PpyGwS8eVx4W75uSKzMw4B0.jpg
178,408.0,https://image.tmdb.org/t/p/w500/3VAHfuNb6Z7UiW12iYKANSPBl8m.jpg,https://image.tmdb.org/t/p/w500/4yWayBvwl9gHXaWrDrAslxjL7mh.jpg
179,409.0,https://image.tmdb.org/t/p/w500/8eHHqMg8qEYtVw8LQLygsHXSR2q.jpg,https://image.tmdb.org/t/p/w500/em5kAUF8QbwThG5BCqVgFomxNT5.jpg
180,411.0,https://image.tmdb.org/t/p/w500/iREd0rNCjYdf5Ar0vfaW32yrkm.jpg,https://image.tmdb.org/t/p/w500/tuDhEdza074bA497bO9WFEPs6O6.jpg
181,414.0,https://image.tmdb.org/t/p/w500/i0fJS8M5UKoETjjJ0zwUiKaR8tr.jpg,https://image.tmdb.org/t/p/w500/snlu32RmjldF9b068UURJg8sQtn.jpg
182,415.0,https://image.tmdb.org/t/p/w500/i7hEUpDuMN2LOrCEifFyGSHZQSY.jpg,https://image.tmdb.org/t/p/w500/kEuQWHte2erRpAICrYqkAZaZAAY.jpg
183,421.0,https://image.tmdb.org/t/p/w500/qZoFLNBC78jzboWeDH6Ha0qavF2.jpg,https://image.tmdb.org/t/p/w500/7tWktnLQ81G8pHUkhuTebcTkcB3.jpg
184,423.0,https://image.tmdb.org/t/p/w500/2hFvxCCWrTmCYwfy7yum0GKRi3Y.jpg,https://image.tmdb.org/t/p/w500/c0fB9xk7D1aVb3Bg2rk2SVJcGn.jpg
185,424.0,https://image.tmdb.org/t/p/w500/sF1U4EUQS8YHUYjNl3pMGNIQyr0.jpg,https://image.tmdb.org/t/p/w500/zb6fM1CX41D9rF9hdgclu0peUmy.jpg
187,429.0,https://image.tmdb.org/t/p/w500/bX2xnavhMYjWDoZp1VM6VnU1xwe.jpg,https://image.tmdb.org/t/p/w500/x4biAVdPVCghBlsVIzB6NmbghIz.jpg
188,431.0,https://image.tmdb.org/t/p/w500/x4BTjxdrOKC27FcSkBh8KPEgnum.jpg,https://image.tmdb.org/t/p/w500/3TimUBrXMVblpnTsyg4HssGVbBv.jpg
189,433.0,https://image.tmdb.org/t/p/w500/o4Wsby4ydIXhWmtmfvb451D5Np1.jpg,https://image.tmdb.org/t/p/w500/nMXLizoHhVTeh3GjFyUOfNx3b7i.jpg
190,435.0,https://image.tmdb.org/t/p/w500/Wr4HeYQRvwVCxzOV5TmGE7UkXq.jpg,https://image.tmdb.org/t/p/w500/smqQ71MIn1DSdSiQzCzCOV6rgRq.jpg
191,436.0,https://image.tmdb.org/t/p/w500/30CImATfvHWLXy6a3KmHXnYXB6c.jpg,https://image.tmdb.org/t/p/w500/q6xEN0Lx214QUXXXlQfLaoJS7EB.jpg
192,440.0,https://image.tmdb.org/t/p/w500/5iTwPDNtvK6ZZF607BHBbU3HO0B.jpg,https://image.tmdb.org/t/p/w500/jXntuh47VtKLeoyBQ268rv24Igw.jpg
193,451.0,https://image.tmdb.org/t/p/w500/wIfP6uLXD9Ptu68SyRx8WuSNNSK.jpg,https://image.tmdb.org/t/p/w500/ckTh7Ej33m9O4eiKDQ1u91Opd9N.jpg
194,453.0,https://image.tmdb.org/t/p/w500/rEIg5yJdNOt9fmX4P8gU9LeNoTQ.jpg,https://image.tmdb.org/t/p/w500/hCJFWTPghXCwwSpvPpAoIB8318Q.jpg
195,454.0,https://image.tmdb.org/t/p/w500/dJCDUkXhfRdc4q8e4VCKEBbqzBT.jpg,https://image.tmdb.org/t/p/w500/hoQBa4EK6KFS31sPBND9zMjARfb.jpg
196,455.0,https://image.tmdb.org/t/p/w500/2dzSBmFWWqt8NbnubJKIWU21Y86.jpg,https://image.tmdb.org/t/p/w500/vUe5v3l6ul7coxMv2oLwINeVgFi.jpg
198,464.0,https://image.tmdb.org/t/p/w500/ygJ6RQQSmXRQLPpUKP9SCdKXSKJ.jpg,https://image.tmdb.org/t/p/w500/1MUfnjzUBTTEEZKaWWmIruh03Ke.jpg
199,468.0,https://image.tmdb.org/t/p/w500/p9TF90Pb5yg2MNb2UztzyXktMm4.jpg,https://image.tmdb.org/t/p/w500/stSaFz5CtMXwIj3r4MDjqxqWRot.jpg
200,470.0,https://image.tmdb.org/t/p/w500/wZ0l6or5juuVWqDkLEgaghs4f9l.jpg,https://image.tmdb.org/t/p/w500/5SgrtPH6kBmmHao0PofxpvOYfWC.jpg
202,479.0,https://image.tmdb.org/t/p/w500/pn7AE658mAHDS5xOinIeIOF7zBE.jpg,https://image.tmdb.org/t/p/w500/sblTwYXpm6Nrl4qewg3526lBdlK.jpg
203,480.0,https://image.tmdb.org/t/p/w500/vCwkv7tYFem0tQ9Duoq2MX7T7Zd.jpg,https://image.tmdb.org/t/p/w500/bEkGHeIZYtULSgEvyjIbGHnMqgf.jpg
204,489.0,https://image.tmdb.org/t/p/w500/z2FnLKpFi1HPO7BEJxdkv6hpJSU.jpg,https://image.tmdb.org/t/p/w500/xj1Sv1xm4Y0ydBueGuf10Y9qM0O.jpg
205,492.0,https://image.tmdb.org/t/p/w500/31FGQu3OnwdmS4COquENe0vMZc0.jpg,https://image.tmdb.org/t/p/w500/1Nyjb7aeRKynWgmOl8he5ZcvWLm.jpg
206,496.0,https://image.tmdb.org/t/p/w500/7g9kBHMN2KTr5KUf8aen187Mdn.jpg,https://image.tmdb.org/t/p/w500/lMxpaFElskdtbAnVEPSvG01SM4C.jpg
207,497.0,https://image.tmdb.org/t/p/w500/8VG8fDNiy50H4FedGwdSVUPoaJe.jpg,https://image.tmdb.org/t/p/w500/amZavErrjrdgDwhsIdpWxHNenIx.jpg
208,500.0,https://image.tmdb.org/t/p/w500/xi8Iu6qyTfyZVDVy60raIOYJJmk.jpg,https://image.tmdb.org/t/p/w500/jwt159hXWA9Q5xpBo8hWb3zwLi7.jpg
210,504.0,https://image.tmdb.org/t/p/w500/sWPKG1GX0woLNBuvDZkwZC8Q3Ub.jpg,https://image.tmdb.org/t/p/w500/nUJk4UjWS9YvBJUepCWziQ1QYSf.jpg
211,507.0,https://image.tmdb.org/t/p/w500/k3UEKMVnkljOlsO5sLmz87YGlaG.jpg,https://image.tmdb.org/t/p/w500/lA2EYuuyvWDDSL9rqONIByoQRDy.jpg
212,508.0,https://image.tmdb.org/t/p/w500/7QPeVsr9rcFU9Gl90yg0gTOTpVv.jpg,https://image.tmdb.org/t/p/w500/xUWf5xX0AnZgAnYXAMk03zTbsef.jpg
213,509.0,https://image.tmdb.org/t/p/w500/hHRIf2XHeQMbyRb3HUx19SF5Ujw.jpg,https://image.tmdb.org/t/p/w500/enTZhfxAdgOCdFdbj52MR3F10yC.jpg
214,510.0,https://image.tmdb.org/t/p/w500/kjWsMh72V6d8KRLV4EOoSJLT1H7.jpg,https://image.tmdb.org/t/p/w500/uA8eSNAUUUyfHNIrG4h0zHxzt9W.jpg
215,512.0,https://image.tmdb.org/t/p/w500/1nF290EoEn2rs4W9VVercKa4S5o.jpg,https://image.tmdb.org/t/p/w500/8qPG3AjLtletf1K4g8iGhKwHQSc.jpg
216,522.0,https://image.tmdb.org/t/p/w500/n8SrO3WbyuY2b6KazogqbQF348C.jpg,https://image.tmdb.org/t/p/w500/3jrwJiMCe7VZP0DNcywHYOKg0Zu.jpg
217,524.0,https://image.tmdb.org/t/p/w500/gziIkUSnYuj9ChCi8qOu2ZunpSC.jpg,https://image.tmdb.org/t/p/w500/iZGiMD0p1M2AOmzKknFo5bkuz94.jpg
218,525.0,https://image.tmdb.org/t/p/w500/b0hq1d2d7FIvRGNLewKLm79JNTK.jpg,https://image.tmdb.org/t/p/w500/bk2fTuIhQIvdAA3RbnrnvLvuaTc.jpg
219,526.0,https://image.tmdb.org/t/p/w500/l3nRJ9Cs7C1AZ7das8S76QqwqjI.jpg,https://image.tmdb.org/t/p/w500/DNb1rBm6R75IJ88PKOd0wfCHm6.jpg
220,533.0,https://image.tmdb.org/t/p/w500/cMQ2lNd7sBe6PCf6zF5QxrKzbRG.jpg,https://image.tmdb.org/t/p/w500/Aqvtwgu1G4eEwIf8nSIxiCN5ewC.jpg
221,534.0,https://image.tmdb.org/t/p/w500/gw6JhlekZgtKUFlDTezq3j5JEPK.jpg,https://image.tmdb.org/t/p/w500/uifaXfJxjTMeNttw5u04nHx1G5w.jpg
222,535.0,https://image.tmdb.org/t/p/w500/ziiy6ORt8BlxWFXskBChBMInvDA.jpg,https://image.tmdb.org/t/p/w500/k6BDdDhWeTlj0LVUL5eADZtR0cz.jpg
223,539.0,https://image.tmdb.org/t/p/w500/yz4QVqPx3h1hD1DfqqQkCq3rmxW.jpg,https://image.tmdb.org/t/p/w500/mufF1aYvwdpKerhq5R1YrVcbJLY.jpg
224,540.0,https://image.tmdb.org/t/p/w500/68BfXrFQPHg9iBWJVgp5R48gTix.jpg,https://image.tmdb.org/t/p/w500/cVkb5wUZrO71wCFM7nDyqPDezCL.jpg
226,544.0,https://image.tmdb.org/t/p/w500/slJD1Dvnsf15LoeqhERsyzisAdn.jpg,https://image.tmdb.org/t/p/w500/egJQ3nIon5fT8wyXcKRHzvmtZpD.jpg
227,546.0,https://image.tmdb.org/t/p/w500/3MmLpqRlrYSP0uFIDr9BHA4o2LP.jpg,https://image.tmdb.org/t/p/w500/40z3PhEHOWopC9KFqEIZaqJ5NAf.jpg
229,549.0,https://image.tmdb.org/t/p/w500/gFfVhN8BbgHhMb3ZNQRAH5xc7kq.jpg,https://image.tmdb.org/t/p/w500/h7vBO0meGzjW3yu0Gejx5hI09I9.jpg
230,550.0,https://image.tmdb.org/t/p/w500/jSziioSwPVrOy9Yow3XhWIBDjq1.jpg,https://image.tmdb.org/t/p/w500/c6OLXfKAk5BKeR6broC8pYiCquX.jpg
231,557.0,https://image.tmdb.org/t/p/w500/or6XJBVpcEbIkma0V9zshnbEtx4.jpg,https://image.tmdb.org/t/p/w500/zQ8AxTPiCiS5nnwXpwTBPBHSaa5.jpg
232,558.0,https://image.tmdb.org/t/p/w500/aGuvNAaaZuWXYQQ6N2v7DeuP6mB.jpg,https://image.tmdb.org/t/p/w500/6al048Lat3eLVQOuKtc9h6Tu94d.jpg
233,559.0,https://image.tmdb.org/t/p/w500/qFmwhVUoUSXjkKRmca5yGDEXBIj.jpg,https://image.tmdb.org/t/p/w500/FfAU0PUs8AJkMU2VbkVNFtRXR4.jpg
234,562.0,https://image.tmdb.org/t/p/w500/7Bjd8kfmDSOzpmhySpEhkUyK2oH.jpg,https://image.tmdb.org/t/p/w500/bvk2AAH64lP2YZs02Q3jskfHT8j.jpg
235,563.0,https://image.tmdb.org/t/p/w500/cxCmv23O7p3hyHwqoktHYkZcGsY.jpg,https://image.tmdb.org/t/p/w500/7iEfnj3rfyunky6BzvnlwqfoEF0.jpg
236,568.0,https://image.tmdb.org/t/p/w500/tVeKscCm2fY1xDXZk8PgnZ87h9S.jpg,https://image.tmdb.org/t/p/w500/n0FDJI9c0uWiZwm8wgXVjaMBn96.jpg
237,573.0,https://image.tmdb.org/t/p/w500/4SFvqrlSigAt9tnhXFSMyKeJWQk.jpg,https://image.tmdb.org/t/p/w500/feiECea2yhyiNRAfvqXzbQFgR1W.jpg
239,577.0,https://image.tmdb.org/t/p/w500/ji0F2HvO58iIrNfbo41lrnYybed.jpg,https://image.tmdb.org/t/p/w500/7LNkP4ofj5pPgPeyEXC5z3U4y8a.jpg
240,578.0,https://image.tmdb.org/t/p/w500/lxM6kqilAdpdhqUl2biYp5frUxE.jpg,https://image.tmdb.org/t/p/w500/i1yf91svRHX45l9BXL8rVFzLoPH.jpg
241,579.0,https://image.tmdb.org/t/p/w500/cN3ijEwsn4kBaRuHfcJpAQJbeWe.jpg,https://image.tmdb.org/t/p/w500/q46nyik6GeDkUV6wQGiZQ97UuP6.jpg
242,580.0,https://image.tmdb.org/t/p/w500/ebYw9tR0iqBzDGA6HVBhtd2xJM3.jpg,https://image.tmdb.org/t/p/w500/grIaRfJJz7VrMSpFxTTdD5GEbE4.jpg
243,581.0,https://image.tmdb.org/t/p/w500/hw0ZEHAaTqTxSXGVwUFX7uvanSA.jpg,https://image.tmdb.org/t/p/w500/ywWva4trKw7f3wtbz81Fe3FnrtC.jpg
244,582.0,https://image.tmdb.org/t/p/w500/cVUDMnskSc01rdbyH0tLATTJUdP.jpg,https://image.tmdb.org/t/p/w500/g11nKgir3nIhlG2gIDWIvJeR4fz.jpg
245,584.0,https://image.tmdb.org/t/p/w500/6nDZExrDKIXvSAghsFKVFRVJuSf.jpg,https://image.tmdb.org/t/p/w500/90ooE5SbUEO0OVJHewNO7pgySb6.jpg
246,585.0,https://image.tmdb.org/t/p/w500/wFSpyMsp7H0ttERbxY7Trlv8xry.jpg,https://image.tmdb.org/t/p/w500/sDTnMOJ3H5wI38OxObmCtK7wfd5.jpg
247,586.0,https://image.tmdb.org/t/p/w500/kAwOj7t8ZeaniTFtLWVSKO79JxX.jpg,https://image.tmdb.org/t/p/w500/vQuxf8meojQ3XV4hHl5BmOPYuFH.jpg
248,587.0,https://image.tmdb.org/t/p/w500/tjK063yCgaBAluVU72rZ6PKPH2l.jpg,https://image.tmdb.org/t/p/w500/bLqUd0tBvKezDr9MEla7k34i3rp.jpg
249,588.0,https://image.tmdb.org/t/p/w500/r0bEDWO2w4a43K2xTNSF284qOsc.jpg,https://image.tmdb.org/t/p/w500/48TM0HjZSRjIr4QMuDTsMWcz7gX.jpg
250,590.0,https://image.tmdb.org/t/p/w500/4myDtowDJQPQnkEDB1IWGtJR1Fo.jpg,https://image.tmdb.org/t/p/w500/3oHFSEr4TRnsyTxWGrmY8Xi2FrR.jpg
251,591.0,https://image.tmdb.org/t/p/w500/9ejKfNk0LBhSI9AahH4f9NJNZNM.jpg,https://image.tmdb.org/t/p/w500/4NsQl44oXVMiuIM9t7ZsVgYzOkv.jpg
253,593.0,https://image.tmdb.org/t/p/w500/pgqj7QoBPWFLLKtLEpPmFYFRMgB.jpg,https://image.tmdb.org/t/p/w500/jZv1u7uzpOE5JOc2MmrvPUZWoyb.jpg
254,594.0,https://image.tmdb.org/t/p/w500/cPB3ZMM4UdsSAhNdS4c7ps5nypY.jpg,https://image.tmdb.org/t/p/w500/zywtNiaZ9r7azrcNdl2j0jOgrkw.jpg
255,595.0,https://image.tmdb.org/t/p/w500/pKUaZNOb2FDdzSz7kWyAuBMhA8I.jpg,https://image.tmdb.org/t/p/w500/wYRpVySPCC7wA28p54yAaoMT478.jpg
256,597.0,https://image.tmdb.org/t/p/w500/9xjZS2rlVxm8SFx8kPC3aIGCOYQ.jpg,https://image.tmdb.org/t/p/w500/xXCuto8YVp5RFqBJ7yKmVmLOWpF.jpg
257,598.0,https://image.tmdb.org/t/p/w500/k7eYdWvhYQyRQoU2TB2A2Xu2TfD.jpg,https://image.tmdb.org/t/p/w500/uvitbjFU4JqvMwIkMWHp69bmUzG.jpg
258,601.0,https://image.tmdb.org/t/p/w500/an0nD6uq6byfxXCfk6lQBzdL2J1.jpg,https://image.tmdb.org/t/p/w500/mXLVA0YL6tcXi6SJSuAh9ONXFj5.jpg
259,602.0,https://image.tmdb.org/t/p/w500/p0BPQGSPoSa8Ml0DAf2mB2kCU0R.jpg,https://image.tmdb.org/t/p/w500/kFI1oF6KVnLEbUT7yLIbKXeyvu.jpg
260,603.0,https://image.tmdb.org/t/p/w500/aOIuZAjPaRIE6CMzbazvcHuHXDc.jpg,https://image.tmdb.org/t/p/w500/lrtSb1skJayPydZk0OSMAKjBOVe.jpg
261,604.0,https://image.tmdb.org/t/p/w500/aA5qHS0FbSXO8PxcxUIHbDrJyuh.jpg,https://image.tmdb.org/t/p/w500/ihOJcrorpDQtHTzIOrobbOhpJsj.jpg
262,605.0,https://image.tmdb.org/t/p/w500/qEWiBXJGXK28jGBAm8oFKKTB0WD.jpg,https://image.tmdb.org/t/p/w500/533xAMhhVyjTy8hwMUFEt5TuDfR.jpg
264,607.0,https://image.tmdb.org/t/p/w500/uLOmOF5IzWoyrgIF5MfUnh5pa1X.jpg,https://image.tmdb.org/t/p/w500/aJMhYOP80cVBtq5ku3uyqASF3Ol.jpg
265,608.0,https://image.tmdb.org/t/p/w500/enA22EPyzc2WQ1VVyY7zxresQQr.jpg,https://image.tmdb.org/t/p/w500/o1l6OCqA3pYDZHIc5L1s7CEzCMv.jpg
266,609.0,https://image.tmdb.org/t/p/w500/4eMN3GANH5GG4kXdHkrTZEUuQ9M.jpg,https://image.tmdb.org/t/p/w500/bvkPno6U02lLyvPWCnmibq4eIaN.jpg
267,612.0,https://image.tmdb.org/t/p/w500/iUekaw96QLInZpsNwRTlRKrZgwm.jpg,https://image.tmdb.org/t/p/w500/titl6uMe5u974sLAA2Zy1kFi4sC.jpg
268,613.0,https://image.tmdb.org/t/p/w500/cP1ElGjBhbZAAqmueXjHDKlSwiP.jpg,https://image.tmdb.org/t/p/w500/cT80aGpjWZLn8rd7cLtsbktFMhf.jpg
269,615.0,https://image.tmdb.org/t/p/w500/rBM5o2HpmCfDejuIPybI09tkY3V.jpg,https://image.tmdb.org/t/p/w500/4840rkbpsiuow5ew155oVKcqJwj.jpg
270,616.0,https://image.tmdb.org/t/p/w500/a8jmJPs5eZBARmnuEEvZwbjwyz4.jpg,https://image.tmdb.org/t/p/w500/z354BaTVzKj7E60WLzDoSmUuO4u.jpg
272,619.0,https://image.tmdb.org/t/p/w500/ihWF0uY1xnKqw9YK7ZHNLUZOhcO.jpg,https://image.tmdb.org/t/p/w500/bJyb7Bk9PLUslPggangniTBLzHO.jpg
273,621.0,https://image.tmdb.org/t/p/w500/2rM7fQKpb7cs1Iq7IBqub9LFDzJ.jpg,https://image.tmdb.org/t/p/w500/2SRJMIoJzABzgyGw01U6VbQbvJD.jpg
274,622.0,https://image.tmdb.org/t/p/w500/rxw9l9YNL14ODdmAavUwHLBjiDo.jpg,https://image.tmdb.org/t/p/w500/qVyN9czTgRJ2SAA2BLXESzQEVgz.jpg
275,627.0,https://image.tmdb.org/t/p/w500/1jUC02qsqS2NxBMFarbIhcQtazV.jpg,https://image.tmdb.org/t/p/w500/dkfBKDUIWP1peEszdqK10MkMZCP.jpg
278,630.0,https://image.tmdb.org/t/p/w500/uCC3j4pV9eOZwzDUWp2ilbcTf1f.jpg,https://image.tmdb.org/t/p/w500/g1OvTd1eF346vmx8qsJnjaiooZ6.jpg
279,634.0,https://image.tmdb.org/t/p/w500/olMTi7uCaec9Yr3Ar07D2SIja1G.jpg,https://image.tmdb.org/t/p/w500/9rSpxsMhG1FnFtUDdvSAXdtLtb3.jpg
280,639.0,https://image.tmdb.org/t/p/w500/rFOiFUhTMtDetqCGClC9PIgnC1P.jpg,https://image.tmdb.org/t/p/w500/orq7v7J0Esq9TWpKitCXPbevOdW.jpg
281,640.0,https://image.tmdb.org/t/p/w500/ctjEj2xM32OvBXCq8zAdK3ZrsAj.jpg,https://image.tmdb.org/t/p/w500/sfW8gtA6Bz2F4zK1FoCKbMqTF8Z.jpg
282,641.0,https://image.tmdb.org/t/p/w500/9BTwsLaMVHOGFlmsSlx5QYCaXb.jpg,https://image.tmdb.org/t/p/w500/fAGYRJCujRBMw7TCuTp893eSG8e.jpg
283,642.0,https://image.tmdb.org/t/p/w500/gFmmykF1Ym3OGzENo50nZQaD1dx.jpg,https://image.tmdb.org/t/p/w500/C6jcUqld8M6hZQmzBxgwHuQ4qT.jpg
284,644.0,https://image.tmdb.org/t/p/w500/wnUAcUrMRGPPZUDroLeZhSjLkuu.jpg,https://image.tmdb.org/t/p/w500/n7p6UTAZtkeoHkwCO42BEQaMFJY.jpg
287,652.0,https://image.tmdb.org/t/p/w500/a07wLy4ONfpsjnBqMwhlWTJTcm.jpg,https://image.tmdb.org/t/p/w500/ZPcC5hJh21QiW0jmhMQhZeSoGu.jpg
288,654.0,https://image.tmdb.org/t/p/w500/d4S8LpbCyFJsh1tGgwGQSJdGzKm.jpg,https://image.tmdb.org/t/p/w500/j0qTehcyVVV1VEzrJ7YYtoFmWNw.jpg
289,657.0,https://image.tmdb.org/t/p/w500/zx4V17FP8oclNvOpTgs2iCCtiYk.jpg,https://image.tmdb.org/t/p/w500/8JMiQa0OqsCYvbNUrQIrMzwV7g2.jpg
290,658.0,https://image.tmdb.org/t/p/w500/aKNFzaqQgPzsGXnsMc4kJH5hFIV.jpg,https://image.tmdb.org/t/p/w500/mM4WeXqJd2tu1gCF5GYyAZf2Npl.jpg
291,660.0,https://image.tmdb.org/t/p/w500/wCc4qllaTDsQN8zgGkAgQrKO6N9.jpg,https://image.tmdb.org/t/p/w500/7DLCXCQx52YLle1qTokrjROTwVV.jpg
292,663.0,https://image.tmdb.org/t/p/w500/ku1QdCXOU4ckz3zxLLlis8MIJVm.jpg,https://image.tmdb.org/t/p/w500/3lrNJ5jNqKq9UpQrXo8FNFzyoE4.jpg
293,664.0,https://image.tmdb.org/t/p/w500/d4ie3f6QTvNw40V770Uzo87SDZn.jpg,https://image.tmdb.org/t/p/w500/5oCAo7LFj2x0yByfi5JYirGnK8I.jpg
294,666.0,https://image.tmdb.org/t/p/w500/zJvp7XjQ2LhPbDVYhFXyucs40vR.jpg,https://image.tmdb.org/t/p/w500/lrLIy9OFRQg4VkhrCyolfNXJEUH.jpg
295,667.0,https://image.tmdb.org/t/p/w500/gIhS0VC7YzI8pj6zfS3KxsxV0dS.jpg,https://image.tmdb.org/t/p/w500/cpZAXIYA0lkZMpAt7d1MmH8ojNV.jpg
297,670.0,https://image.tmdb.org/t/p/w500/pWDtjs568ZfOTMbURQBYuT4Qxka.jpg,https://image.tmdb.org/t/p/w500/sdwjQEM869JFwMytTmvr6ggvaUl.jpg
298,671.0,https://image.tmdb.org/t/p/w500/wuMc08IPKEatf9rnMNXvIDxqP4W.jpg,https://image.tmdb.org/t/p/w500/1XAC6RPT01UX9EQGy2JVn5c8pgy.jpg
299,672.0,https://image.tmdb.org/t/p/w500/sdEOH0992YZ0QSxgXNIGLq1ToUi.jpg,https://image.tmdb.org/t/p/w500/7tbeoSTWW2cWPecjQo9fcdf0Hzv.jpg
300,673.0,https://image.tmdb.org/t/p/w500/aWxwnYoe8p2d2fcxOqtvAtJ72Rw.jpg,https://image.tmdb.org/t/p/w500/vbk5CfaAHOjQPSAcYm6AoRRz2Af.jpg
302,675.0,https://image.tmdb.org/t/p/w500/5aOyriWkPec0zUDxmHFP9qMmBaj.jpg,https://image.tmdb.org/t/p/w500/sO2VWeJ8qagNtYoznyLRL8TeSkw.jpg
303,676.0,https://image.tmdb.org/t/p/w500/y8A0Cvp8WQmZ3bjbnsL53lY0dsC.jpg,https://image.tmdb.org/t/p/w500/zv1xOEQzebKyku349qDZ085FZlO.jpg
304,679.0,https://image.tmdb.org/t/p/w500/r1x5JGpyqZU8PYhbs4UcrO1Xb6x.jpg,https://image.tmdb.org/t/p/w500/4kix6fAblJIH6eMs0Ku2loyZJXK.jpg
305,680.0,https://image.tmdb.org/t/p/w500/vQWk5YBFWF4bZaofAbv0tShwBvQ.jpg,https://image.tmdb.org/t/p/w500/suaEOtk1N1sgg2MTM7oZd2cfVp3.jpg
306,681.0,https://image.tmdb.org/t/p/w500/ooDT0eKrWCxJCsn9JehPkD0QYNj.jpg,https://image.tmdb.org/t/p/w500/pyTDtQCn5sG8gi2zkM5ZylSNmtJ.jpg
307,682.0,https://image.tmdb.org/t/p/w500/xVkbKwGnBVNQ122GN5bCTMyPbWz.jpg,https://image.tmdb.org/t/p/w500/3tpNEbRahT8smy7RraaWa0xg9Gv.jpg
308,686.0,https://image.tmdb.org/t/p/w500/bCpMIywuNZeWt3i5UMLEIc0VSwM.jpg,https://image.tmdb.org/t/p/w500/yFkUPqBuUnbhYbQL8VFpTrAT9za.jpg
311,691.0,https://image.tmdb.org/t/p/w500/3ZxHKFxMYvAko680DsRgAZKWcLi.jpg,https://image.tmdb.org/t/p/w500/lhPq8R8qgoyLNWvVTiqZSkYGLPX.jpg
313,693.0,https://image.tmdb.org/t/p/w500/59fXm6N2x7QSbvt6BaBxTNBXGL8.jpg,https://image.tmdb.org/t/p/w500/porZOny3iVvs5LK0osW1b52wWik.jpg
315,698.0,https://image.tmdb.org/t/p/w500/6LrJdXNmu5uHOVALZxVYd44Lva0.jpg,https://image.tmdb.org/t/p/w500/mrDC5DLx2wljt4HZGwgkmqlzfcF.jpg
316,699.0,https://image.tmdb.org/t/p/w500/xV4Nnr6DjjERlqNikqDQX8LUgua.jpg,https://image.tmdb.org/t/p/w500/z7Jp7HAsY7MqXzPYzTjJnmOQk2r.jpg
317,700.0,https://image.tmdb.org/t/p/w500/yoosZitM9igSk3Sd0sBXIhKlAh1.jpg,https://image.tmdb.org/t/p/w500/xTS1qCmhzH3vq7cuextO5vQA6eW.jpg
318,702.0,https://image.tmdb.org/t/p/w500/aicdlO5vt7z2ARm279eGzJeYCLQ.jpg,https://image.tmdb.org/t/p/w500/or90vNrOVnYwi07fYYpQ3pbnjxP.jpg
319,703.0,https://image.tmdb.org/t/p/w500/dEtjPywhDbAXYjoFfhBC4U9unU7.jpg,https://image.tmdb.org/t/p/w500/8n9dYsTbXTykzm2Nuy7R2ftapXQ.jpg
320,704.0,https://image.tmdb.org/t/p/w500/6Ulsccp2VkaVU5qbya3bxm9JG4x.jpg,https://image.tmdb.org/t/p/w500/9hWiNbvLR3nPDanTdEWOc4EeBGp.jpg
321,707.0,https://image.tmdb.org/t/p/w500/arJF829RP9cYvh0NU70dC5TtXSa.jpg,https://image.tmdb.org/t/p/w500/hvGWyyC8wER1I8ExSXNtFBs7Mgd.jpg
322,708.0,https://image.tmdb.org/t/p/w500/1oRlmWX9hewpn2B44wawBjHd7dx.jpg,https://image.tmdb.org/t/p/w500/ebaq0ecL1Tu39rIExfHwE4ToFl2.jpg
323,709.0,https://image.tmdb.org/t/p/w500/8nzJve63EXA79HGAyidZwivZrQ2.jpg,https://image.tmdb.org/t/p/w500/p6VFbg5lhWj0RCgXf5dj6IDMPvt.jpg
324,710.0,https://image.tmdb.org/t/p/w500/z0ljRnNxIO7CRBhLEO0DvLgAFPR.jpg,https://image.tmdb.org/t/p/w500/fIWsCpYR9iGDMSbMTSAzy8L7Kg5.jpg
325,711.0,https://image.tmdb.org/t/p/w500/chd9bCGNYtzDoJqGw5wUHlhrkOb.jpg,https://image.tmdb.org/t/p/w500/eQnIwnhDuHQiSks3dy0zwrJydWU.jpg
327,713.0,https://image.tmdb.org/t/p/w500/rx8RKXn8OtuS6lqloYsjyrGOUp4.jpg,https://image.tmdb.org/t/p/w500/c2O99arhWcuLexMHiuRfSuDMpYm.jpg
328,714.0,https://image.tmdb.org/t/p/w500/gZm002w7q9yLOkltxT76TWGfdZX.jpg,https://image.tmdb.org/t/p/w500/fesAgiKA0pc04vScDTAQe1f9nd4.jpg
329,744.0,https://image.tmdb.org/t/p/w500/xUuHj3CgmZQ9P2cMaqQs4J0d4Zc.jpg,https://image.tmdb.org/t/p/w500/dBgxEkWe17R0AJDAvAhpeVELQx2.jpg
330,745.0,https://image.tmdb.org/t/p/w500/vOyfUXNFSnaTk7Vk5AjpsKTUWsu.jpg,https://image.tmdb.org/t/p/w500/6TjllWT3cGrPFyqDXurVZ3L8bBi.jpg
331,746.0,https://image.tmdb.org/t/p/w500/7TILJhdeJAaEyDiwvJZMo9SQBoe.jpg,https://image.tmdb.org/t/p/w500/k29qVmwWwR0i5A1UMIws1Vmv6hV.jpg
332,747.0,https://image.tmdb.org/t/p/w500/dgXPhzNJH8HFTBjXPB177yNx6RI.jpg,https://image.tmdb.org/t/p/w500/wb34q3VgzHgL8frVMywrN3wXmqx.jpg
334,754.0,https://image.tmdb.org/t/p/w500/69Xzn8UdPbVnmqSChKz2RTpoNfB.jpg,https://image.tmdb.org/t/p/w500/tsSWHgaFlzzkp3o976juBZbmcs2.jpg
335,755.0,https://image.tmdb.org/t/p/w500/sV3kIAmvJ9tPz4Lq5fuf9LLMxte.jpg,https://image.tmdb.org/t/p/w500/phiRQhfwZZeMMn3osvQUmGYmJbp.jpg
336,756.0,https://image.tmdb.org/t/p/w500/5m9njnidjR0syG2gpVPVgcEMB2X.jpg,https://image.tmdb.org/t/p/w500/lyzI5uFJC2E7sIYCCdaU0oZkDw2.jpg
337,762.0,https://image.tmdb.org/t/p/w500/7nTkHjETdGMYK1phHwDbPsrzbYl.jpg,https://image.tmdb.org/t/p/w500/1KgXxv6tHXOnakqYvMPvFwYKWiw.jpg
338,764.0,https://image.tmdb.org/t/p/w500/54C1qdaiSijIU5NeNb4WsPJdNkG.jpg,https://image.tmdb.org/t/p/w500/onq6lsJLX8ay5iwxEbKX3qJKeO9.jpg
339,765.0,https://image.tmdb.org/t/p/w500/4zqCKJVHUolGs6C5AZwAZqLWixW.jpg,https://image.tmdb.org/t/p/w500/dOvEJK2u0slAGTfhdZOjnNgCQet.jpg
340,766.0,https://image.tmdb.org/t/p/w500/xsgTuAtR2zSH8Umg3jWZcZjlDpe.jpg,https://image.tmdb.org/t/p/w500/8WIufsaJgm7VWgAc5ALWdJ8v2kB.jpg
341,767.0,https://image.tmdb.org/t/p/w500/z7uo9zmQdQwU5ZJHFpv2Upl30i1.jpg,https://image.tmdb.org/t/p/w500/ze6Mx4QE5mQVXRYmG2flncqqle4.jpg
342,768.0,https://image.tmdb.org/t/p/w500/t2WpWM8nBO4sULXr2bDfNEt4qgr.jpg,https://image.tmdb.org/t/p/w500/bHKj3m3eLlU2wJQBlAs7wv6ZMBv.jpg
343,769.0,https://image.tmdb.org/t/p/w500/9OkCLM73MIU2CrKZbqiT8Ln1wY2.jpg,https://image.tmdb.org/t/p/w500/gILte6Zd7m1YneIr6MVhh30S9pr.jpg
344,770.0,https://image.tmdb.org/t/p/w500/lNz2Ow0wGCAvzckW7EOjE03KcYv.jpg,https://image.tmdb.org/t/p/w500/4FHcxMtVruMr7ltU2cItWssLjTP.jpg
345,771.0,https://image.tmdb.org/t/p/w500/onTSipZ8R3bliBdKfPtsDuHTdlL.jpg,https://image.tmdb.org/t/p/w500/ih2xVgeMS8R5WUetYE8Mr9hVTlB.jpg
347,773.0,https://image.tmdb.org/t/p/w500/niNdhTpPHSgw22tK0PLjQMV640v.jpg,https://image.tmdb.org/t/p/w500/twdtjJm31AExNx73DXaD4KRNU9c.jpg
348,782.0,https://image.tmdb.org/t/p/w500/eSKr5Fl1MEC7zpAXaLWBWSBjgJq.jpg,https://image.tmdb.org/t/p/w500/hPsCR1ny6GnctJkWqeJwihTDD7T.jpg
349,783.0,https://image.tmdb.org/t/p/w500/rOXftt7SluxskrFrvU7qFJa5zeN.jpg,https://image.tmdb.org/t/p/w500/gum3tuO1zKHBdElSQPS08PJ1w67.jpg
350,786.0,https://image.tmdb.org/t/p/w500/3rrkyLYbgLj84AYvjhdcJot4JPx.jpg,https://image.tmdb.org/t/p/w500/AqLtFRKVX2G0ghMnMnQoSGan4pY.jpg
351,787.0,https://image.tmdb.org/t/p/w500/kjD700RtyhveN3ZbOnSvUSne0Qj.jpg,https://image.tmdb.org/t/p/w500/tgDSUwWMgypgmcBhRs9u30RLPNC.jpg
352,788.0,https://image.tmdb.org/t/p/w500/shHrSmXS5140o6sQzgzXxn3KqSm.jpg,https://image.tmdb.org/t/p/w500/f9X91dUckoRzOZlw4XBUOfkN9FC.jpg
353,790.0,https://image.tmdb.org/t/p/w500/12EeSboRofP3CI4SPmMFNNXCbtY.jpg,https://image.tmdb.org/t/p/w500/pAOLiapALC7Q5pcCPDTA6P9pRuv.jpg
354,792.0,https://image.tmdb.org/t/p/w500/m3mmFkPQKvPZq5exmh0bDuXlD9T.jpg,https://image.tmdb.org/t/p/w500/vr0gwTvit5pTZs2wXOkvpsxCfli.jpg
355,794.0,https://image.tmdb.org/t/p/w500/mDcjjEu1fMNmsXi4l4D8IftlTix.jpg,https://image.tmdb.org/t/p/w500/5sfbPsenSrbH8pzVMjEd0LUu50Y.jpg
356,795.0,https://image.tmdb.org/t/p/w500/iuzxpUjHsbQJXV3kB9ZAdCimM60.jpg,https://image.tmdb.org/t/p/w500/pYl4YpepgRbr504D7ep58C5gMyF.jpg
357,796.0,https://image.tmdb.org/t/p/w500/76cCsRtQ5MJBAqoigojXsLXLJwh.jpg,https://image.tmdb.org/t/p/w500/m2QvGozzKz5ux74gKocn4kFTGz1.jpg
358,801.0,https://image.tmdb.org/t/p/w500/sreISlFUn5TyR41QNjlfAdX5SEW.jpg,https://image.tmdb.org/t/p/w500/mbgJEkrJ0uBOakLwpufdmW4K8Im.jpg
359,802.0,https://image.tmdb.org/t/p/w500/8Puqbeh0D95DpXFWep1rmH78btu.jpg,https://image.tmdb.org/t/p/w500/40JNQ4FOekM1LDgUC5mDcM8bZyl.jpg
360,805.0,https://image.tmdb.org/t/p/w500/uYgvlHceRFjAFbsNeMInYcLZLUb.jpg,https://image.tmdb.org/t/p/w500/qszuXKhzYR24oRpsmh7eZaPbvL8.jpg
363,809.0,https://image.tmdb.org/t/p/w500/2yYP0PQjG8zVqturh1BAqu2Tixl.jpg,https://image.tmdb.org/t/p/w500/8ohobj5lAIbl5XWw11FywS3IRrS.jpg
364,810.0,https://image.tmdb.org/t/p/w500/n4SexGGQzI26E269tfpa80MZaGV.jpg,https://image.tmdb.org/t/p/w500/wvXxKpFGXvQJRB0nvvfURhRD3C0.jpg
365,811.0,https://image.tmdb.org/t/p/w500/ahasZ5HILZHtlrl6cbXgpfk0y8H.jpg,https://image.tmdb.org/t/p/w500/5QTwfS9vcr22Nl7PCcUro7dEMFq.jpg
366,812.0,https://image.tmdb.org/t/p/w500/eLFfl7vS8dkeG1hKp5mwbm37V83.jpg,https://image.tmdb.org/t/p/w500/nenJjvfe2Eq8uBMXFJnWj5mw4bi.jpg
367,813.0,https://image.tmdb.org/t/p/w500/7Q3efxd3AF1vQjlSxnlerSA7RzN.jpg,https://image.tmdb.org/t/p/w500/wQyvrsNSTzFVEGgarZbFkFyIciy.jpg
368,816.0,https://image.tmdb.org/t/p/w500/5uD4dxNX8JKFjWKYMHyOsqhi5pN.jpg,https://image.tmdb.org/t/p/w500/wSm5McaHSAyOx4gGRYdlDHzj00y.jpg
369,817.0,https://image.tmdb.org/t/p/w500/jiF7UShERJFn5RtgfBK2lIJrOTc.jpg,https://image.tmdb.org/t/p/w500/xI1tAzzUk2v9nON6DLAHzcOLK42.jpg
370,818.0,https://image.tmdb.org/t/p/w500/n8V61f1v7idya4WJzGEJNoIp9iL.jpg,https://image.tmdb.org/t/p/w500/kuPpElzfYnzsCye0hF8EbJSrvwo.jpg
372,820.0,https://image.tmdb.org/t/p/w500/r0VWVTYlqdRCK5ZoOdNnHdqM2gt.jpg,https://image.tmdb.org/t/p/w500/77gjiDyD94aJfqZq6AJAcMLxZhd.jpg
374,824.0,https://image.tmdb.org/t/p/w500/2kjM5CUZRIU5yOANUowrbJcRL9L.jpg,https://image.tmdb.org/t/p/w500/vvcLSgiviCIU0J0UcwLqWdU8Iup.jpg
377,837.0,https://image.tmdb.org/t/p/w500/qqqkiZSU9EBGZ1KiDmfn07S7qvv.jpg,https://image.tmdb.org/t/p/w500/eBS1nvaQ7BMdsSlkoLyKapf0FEY.jpg
378,838.0,https://image.tmdb.org/t/p/w500/1tjLivPad2PX8FAzWko7FPIb8d2.jpg,https://image.tmdb.org/t/p/w500/xdofxnT2FADbSFOJflOTLnCoZe9.jpg
379,840.0,https://image.tmdb.org/t/p/w500/yaPx3cK9zGFX3SbcKwxWM1QIbUh.jpg,https://image.tmdb.org/t/p/w500/yBCekmb7vK70xUhtsRQBcTu65sB.jpg
380,841.0,https://image.tmdb.org/t/p/w500/4kJmUCE7mkVJjXa7A0g2rY4IGTm.jpg,https://image.tmdb.org/t/p/w500/5wJ2tckpvwcxGCAgZiccodwEJpf.jpg
381,846.0,https://image.tmdb.org/t/p/w500/yLIw6shz2WC3W3iI0jROsF4B2ha.jpg,https://image.tmdb.org/t/p/w500/2YIzEKCMfexbLIoeVUkR8MPayB2.jpg
382,848.0,https://image.tmdb.org/t/p/w500/92VXAEwbjebYqTeUa7uX5bBtDuD.jpg,https://image.tmdb.org/t/p/w500/wbNKvMdPgOjrsydymIXxHLqIlOZ.jpg
383,849.0,https://image.tmdb.org/t/p/w500/izDbySIrTmID0Nh6UqcWrUvOMjU.jpg,https://image.tmdb.org/t/p/w500/92C1qvCfarT0GVNtRujJywONi39.jpg
384,850.0,https://image.tmdb.org/t/p/w500/34nSHYqmb7222tiqiuKqKJmZiQa.jpg,https://image.tmdb.org/t/p/w500/feCcRTZNGUop3LnWBLTToYhd03S.jpg
385,853.0,https://image.tmdb.org/t/p/w500/cHRAbVdsCWFaQrswRsBP7Bn255W.jpg,https://image.tmdb.org/t/p/w500/pnEMDuaZeDXUQPPhhGTo9QMfMeA.jpg
386,854.0,https://image.tmdb.org/t/p/w500/jPC2eYub74zwf2tPGVtzSlBW6Oy.jpg,https://image.tmdb.org/t/p/w500/bQlw59HncOXX9alFlOYKHAvSnm.jpg
387,855.0,https://image.tmdb.org/t/p/w500/7fU5dSqKRL4XHeEUz62rCKBfYok.jpg,https://image.tmdb.org/t/p/w500/7jaNOECZG8uS1tlq69HsY5xY8P9.jpg
388,857.0,https://image.tmdb.org/t/p/w500/uqx37cS8cpHg8U35f9U5IBlrCV3.jpg,https://image.tmdb.org/t/p/w500/bdD39MpSVhKjxarTxLSfX6baoMP.jpg
390,860.0,https://image.tmdb.org/t/p/w500/zZ1rN4LoPxKNfAp67Xl300WxVeD.jpg,https://image.tmdb.org/t/p/w500/qtamfYGFfDLfGRcucx1zNwohRts.jpg
391,861.0,https://image.tmdb.org/t/p/w500/wVbeL6fkbTKSmNfalj4VoAUUqJv.jpg,https://image.tmdb.org/t/p/w500/x2wOlXuK4NzPDQ0OBZiJjNNOp6Y.jpg
392,862.0,https://image.tmdb.org/t/p/w500/uXDfjJbdP4ijW5hWSBrPrlKpxab.jpg,https://image.tmdb.org/t/p/w500/3Rfvhy1Nl6sSGJwyjb0QiZzZYlB.jpg
393,863.0,https://image.tmdb.org/t/p/w500/4rbcp3ng8n1MKHjpeqW0L7Fnpzz.jpg,https://image.tmdb.org/t/p/w500/nsfVr4QbbunUrHINN9N7JdVAMTf.jpg
394,864.0,https://image.tmdb.org/t/p/w500/6fXuGEb7EqGmAeUodxm7l5ELPZ.jpg,https://image.tmdb.org/t/p/w500/ucFDgf7Nw6cEwPh5o4cacp3k1aW.jpg
395,865.0,https://image.tmdb.org/t/p/w500/GTAUOhO4BN0peJVvxGEQydJvUO.jpg,https://image.tmdb.org/t/p/w500/ssQ7IcGmgUJdFLv8cHY3vC3OR4f.jpg
396,866.0,https://image.tmdb.org/t/p/w500/A9jgLICNCEb3lvWdNaIKAG9pRdp.jpg,https://image.tmdb.org/t/p/w500/ursbJ6xP9YnmtlTFKf77KPxmw7U.jpg
400,873.0,https://image.tmdb.org/t/p/w500/6bvxkcTAXyqxGRwo38mxw92D6Xr.jpg,https://image.tmdb.org/t/p/w500/lh6MbyxwCribn3hdAo81xLdPGoV.jpg
402,879.0,https://image.tmdb.org/t/p/w500/a6rB1lGXoGms7gWxRfJneQmAjNV.jpg,https://image.tmdb.org/t/p/w500/39OxcFZjX4uc6vYzexUh5qXghxE.jpg
404,887.0,https://image.tmdb.org/t/p/w500/gd5EoAU4MM57sW3vlWxJ0NMM8cV.jpg,https://image.tmdb.org/t/p/w500/n0og4mDtl08x9RLTWXt8zUKpqXQ.jpg
405,888.0,https://image.tmdb.org/t/p/w500/qbojLbbpSaNSerWa2moIrt0C8hy.jpg,https://image.tmdb.org/t/p/w500/4byUSbNrjqCSjqVYrJU6AxqyZYr.jpg
406,889.0,https://image.tmdb.org/t/p/w500/o4pijWLImp7TQ64Yg2nuUYzdiDy.jpg,https://image.tmdb.org/t/p/w500/5TgtoN4NjBsRD8PksQSDdWVjuWC.jpg
407,905.0,https://image.tmdb.org/t/p/w500/3B2A5g8t3HZltKp1fplNn2xW4us.jpg,https://image.tmdb.org/t/p/w500/y3WwIEEDcbT88MxjCjM8mlBEF04.jpg
408,907.0,https://image.tmdb.org/t/p/w500/r0Iv2BiCFYDnzc6uU1q3AJ56igT.jpg,https://image.tmdb.org/t/p/w500/wUaDgHfW7fViru7IubWa6Nronq9.jpg
409,913.0,https://image.tmdb.org/t/p/w500/5yqs1MVlqdIg1DY5adC5jFx3d7j.jpg,https://image.tmdb.org/t/p/w500/iDGfPcu2CV66BCRk31uOcfB3IvU.jpg
410,920.0,https://image.tmdb.org/t/p/w500/2Touk3m5gzsqr1VsvxypdyHY5ci.jpg,https://image.tmdb.org/t/p/w500/sOLgkBKf1gjMRc4yXxM5aciXdfr.jpg
412,924.0,https://image.tmdb.org/t/p/w500/ttquyxStEEctzghtA2f4PUGprDr.jpg,https://image.tmdb.org/t/p/w500/c1bejD7jTTf8qSUkcv32Gmv8N50.jpg
413,925.0,https://image.tmdb.org/t/p/w500/63rmSDPahrH7C1gEFYzRuIBAN9W.jpg,https://image.tmdb.org/t/p/w500/xnLh9CNRxkpkSNikVhi5qLwcfUG.jpg
414,926.0,https://image.tmdb.org/t/p/w500/fZXSwgZknp81vmciTb86rw0MejV.jpg,https://image.tmdb.org/t/p/w500/yzQ0mkz1OUJKtUK1NWp53jiGcaJ.jpg
415,927.0,https://image.tmdb.org/t/p/w500/6m0F7fsXjQvUbCZrPWcJNrjvIui.jpg,https://image.tmdb.org/t/p/w500/5UX6M0aEphiW6Xmy5rpYX75glbo.jpg
416,928.0,https://image.tmdb.org/t/p/w500/35F5yD7MljvBE2AC0NHAVCoPGEi.jpg,https://image.tmdb.org/t/p/w500/iR3tV8NXFls4UKzPA60D4zrI7Jh.jpg
417,935.0,https://image.tmdb.org/t/p/w500/gHm96BRW4GoI339rF1vYoYTB6Qe.jpg,https://image.tmdb.org/t/p/w500/7i0L2ee4Iy0aXV6vR5u1ZmblOrx.jpg
418,943.0,https://image.tmdb.org/t/p/w500/h6fTuK3BgyNy3kce4guusbB43bQ.jpg,https://image.tmdb.org/t/p/w500/kmt9XmhmX36sJduuDVFlTgEWh9U.jpg
419,944.0,https://image.tmdb.org/t/p/w500/pTLliHRoG0Qwp6qycmrMB4bD3mr.jpg,https://image.tmdb.org/t/p/w500/u4d4vymNPo1UuJ6ihtyy9OQgco2.jpg
420,947.0,https://image.tmdb.org/t/p/w500/AiAm0EtDvyGqNpVoieRw4u65vD1.jpg,https://image.tmdb.org/t/p/w500/z30x999Uku15xcFbe5s3hLvQPDl.jpg
421,948.0,https://image.tmdb.org/t/p/w500/wijlZ3HaYMvlDTPqJoTCWKFkCPU.jpg,https://image.tmdb.org/t/p/w500/sHI9xlFRWCJ38AIIfOqnGjuEvXz.jpg
422,950.0,https://image.tmdb.org/t/p/w500/zDduhCHasKQ9YOTvlOreHem7Wbi.jpg,https://image.tmdb.org/t/p/w500/o1jr0UqVjxIZ1JnFzuVLN4ulWey.jpg
423,951.0,https://image.tmdb.org/t/p/w500/nKnHWwkXyvhzCYWm3FyRAv3qBrl.jpg,https://image.tmdb.org/t/p/w500/qWP5TlH1448Pt9ayyuLZJY0NXWj.jpg
424,953.0,https://image.tmdb.org/t/p/w500/zMpJY5CJKUufG9OTw0In4eAFqPX.jpg,https://image.tmdb.org/t/p/w500/tPaurpIUskVji5vwV0dhy9pq4Vs.jpg
425,954.0,https://image.tmdb.org/t/p/w500/l5uxY5m5OInWpcExIpKG6AR3rgL.jpg,https://image.tmdb.org/t/p/w500/sra8XnL96OyLHENcglmZJg6HA8z.jpg
427,956.0,https://image.tmdb.org/t/p/w500/vKGYCpmQyV9uHybWDzXuII8Los5.jpg,https://image.tmdb.org/t/p/w500/bYKeB9uUcPmvikjouEEQ86uvPw9.jpg
428,957.0,https://image.tmdb.org/t/p/w500/kNbaxEsnCyWBTfANVPHayujBsxp.jpg,https://image.tmdb.org/t/p/w500/5j77rB8NRa7lXuu1Sgmm6wfgrzZ.jpg
429,978.0,https://image.tmdb.org/t/p/w500/qm87HHUew8ICtUCM4asO3gFYvby.jpg,https://image.tmdb.org/t/p/w500/athnSvS41TEHOSK2Ax0LAM0ulDp.jpg
430,979.0,https://image.tmdb.org/t/p/w500/rxeDxo8FvZpLu6iplNpxdtAVnfu.jpg,https://image.tmdb.org/t/p/w500/xV1EfNSEg6id6juJPr1vM6p9x5X.jpg
431,985.0,https://image.tmdb.org/t/p/w500/mxveW3mGVc0DzLdOmtkZsgd7c3B.jpg,https://image.tmdb.org/t/p/w500/ApB0mF2d5Oqioi3yxjuogiotSLI.jpg
432,987.0,https://image.tmdb.org/t/p/w500/r4RtbJk8wVyZ1yk6yBZjzGD4ANU.jpg,https://image.tmdb.org/t/p/w500/k0YZgwDZtI9M80GKvAAbGMweAEH.jpg
433,990.0,https://image.tmdb.org/t/p/w500/snItsSViawjaadW9mlWUmGwR41R.jpg,https://image.tmdb.org/t/p/w500/h0Esq4UXKlDmXc7YTprUFKLQPFf.jpg
434,1018.0,https://image.tmdb.org/t/p/w500/x7A59t6ySylr1L7aubOQEA480vM.jpg,https://image.tmdb.org/t/p/w500/g9ClaS5EqU0Hk8WIbMNhld0Bk6f.jpg
435,1024.0,https://image.tmdb.org/t/p/w500/uvb86wVCIqD3Rlbr0GTNgWDF7Zo.jpg,https://image.tmdb.org/t/p/w500/jHjOY9vgE7maH2HRk2fd9lOPg8.jpg
436,1051.0,https://image.tmdb.org/t/p/w500/pH4saPwMjhnVGwmSH6RkMaHrt3s.jpg,https://image.tmdb.org/t/p/w500/AsaW2VwcArvQmYjf2wsDjqWEn6f.jpg
437,1073.0,https://image.tmdb.org/t/p/w500/4yYHyZuyTTQaEZuHKS7561jXjtR.jpg,https://image.tmdb.org/t/p/w500/fejBH0x6Tn5UE7phdOMz2drp3jB.jpg
438,1088.0,https://image.tmdb.org/t/p/w500/cVBZQZq091KtwBm2qObOv0JTFcH.jpg,https://image.tmdb.org/t/p/w500/dLJ6qwEXg2AglBSClRV5iVYZI1b.jpg
439,1090.0,https://image.tmdb.org/t/p/w500/7oaie3ZBc9UuWZLF24crro1pone.jpg,https://image.tmdb.org/t/p/w500/nJ0jz1J3zNja31UEMeklhgFeMw5.jpg
441,1103.0,https://image.tmdb.org/t/p/w500/vH9llaphjAssRGi0k7e75tD40Ce.jpg,https://image.tmdb.org/t/p/w500/aXPCXYFzFzdveVVk1HjVf9fHUcn.jpg
442,1116.0,https://image.tmdb.org/t/p/w500/yCb4LweL6U7KTgSda3Wb7vHiA9J.jpg,https://image.tmdb.org/t/p/w500/fKrFGB96kVeJ9uE83Jc4fIWBgqO.jpg
443,1123.0,https://image.tmdb.org/t/p/w500/2sgujWX2yWH7REnDI35ZZXsqPiV.jpg,https://image.tmdb.org/t/p/w500/to5uhJxIin8Pi9WmREFLSUuS33L.jpg
444,1124.0,https://image.tmdb.org/t/p/w500/Ag2B2KHKQPukjH7WutmgnnSNurZ.jpg,https://image.tmdb.org/t/p/w500/z3br1ub7spqGMkxgjgJSdM4DC21.jpg
445,1125.0,https://image.tmdb.org/t/p/w500/sG5JyOj8Spe13QkNJMH8b5kzQUh.jpg,https://image.tmdb.org/t/p/w500/8wYluVq5AVXhnFFMhUYD9D4rTz5.jpg
446,1164.0,https://image.tmdb.org/t/p/w500/bZByZbvU7u14WjoUJERqCRW9saN.jpg,https://image.tmdb.org/t/p/w500/9YoLdWeBSxAdR6BqQ5uS88d3FWO.jpg
447,1165.0,https://image.tmdb.org/t/p/w500/v08RH5Cx9EFAQMBWQuE5jHAgHYs.jpg,https://image.tmdb.org/t/p/w500/rGtA5izCGzWHXt3l7sfzv5Vr6xA.jpg
448,1213.0,https://image.tmdb.org/t/p/w500/6ojHgqtIR41O2qLKa7LFUVj0cZa.jpg,https://image.tmdb.org/t/p/w500/51UDa3IuGyiKGe2MgMcLGvJE2Fm.jpg
450,1246.0,https://image.tmdb.org/t/p/w500/byBlJvZwCqgtIwrZNv0pyE974jC.jpg,https://image.tmdb.org/t/p/w500/fsJn2mPXMhauXsEpNTtFqDdjSQt.jpg
451,1248.0,https://image.tmdb.org/t/p/w500/7FTDMQoac0uqJUquZk4KenDzLMZ.jpg,https://image.tmdb.org/t/p/w500/am6ZfhUTUmcjPjjA4GIkLEJ33TN.jpg
452,1250.0,https://image.tmdb.org/t/p/w500/4quwR1VwZouD0YF9AaD72kQAjxH.jpg,https://image.tmdb.org/t/p/w500/zbV32WKHFuEYLXLTpr0rmVjQn11.jpg
453,1251.0,https://image.tmdb.org/t/p/w500/kZokxQtzMPURvijWYFuvh1fAvnv.jpg,https://image.tmdb.org/t/p/w500/69Mdg9vH6yQx08DwK02RlqO9CPp.jpg
454,1255.0,https://image.tmdb.org/t/p/w500/dEDLY3KeghKFzks5nTDWdigVikr.jpg,https://image.tmdb.org/t/p/w500/m0wczZyNfWpu5q9wNuhFUGGiLxG.jpg
455,1257.0,https://image.tmdb.org/t/p/w500/wQtGQnr5RPnmzSfV9zUcgh8R9NX.jpg,https://image.tmdb.org/t/p/w500/urEAbS3EmdH259mLcwWAZLAjMRy.jpg
456,1259.0,https://image.tmdb.org/t/p/w500/ymFybaA0r7MpwWnmUCFHYAT6Djb.jpg,https://image.tmdb.org/t/p/w500/cn1AjfcI8B2CxekvYYZWkLf5muE.jpg
459,1266.0,https://image.tmdb.org/t/p/w500/iTO7sBfVTr7LUqiFtGeFW7g2Ncf.jpg,https://image.tmdb.org/t/p/w500/tNUM567Hrv925Z3vWXdJUjQE6Ho.jpg
460,1268.0,https://image.tmdb.org/t/p/w500/bSSx9Sq6irWwN9NTQmoT9KE8kXn.jpg,https://image.tmdb.org/t/p/w500/e8FC87nMR1Bv2Q8k79j6cAVcJo.jpg
461,1272.0,https://image.tmdb.org/t/p/w500/oKGGeJ8qvm0UmClz43VJ31fzPP7.jpg,https://image.tmdb.org/t/p/w500/5AIAnucJKZ3sHpm7r1ykFVIoUHK.jpg
463,1282.0,https://image.tmdb.org/t/p/w500/eb02dpopuAhuThf7nXAAwKtAF88.jpg,https://image.tmdb.org/t/p/w500/ex21uMbWeAEju9QUAhkAqtfAgaO.jpg
464,1359.0,https://image.tmdb.org/t/p/w500/9uGHEgsiUXjCNq8wdq4r49YL8A1.jpg,https://image.tmdb.org/t/p/w500/5oaMV2q0qzxkIW2ukU3lldLu5q2.jpg
465,1360.0,https://image.tmdb.org/t/p/w500/a4hgR6aKoohB6MHni171jbi9BkU.jpg,https://image.tmdb.org/t/p/w500/gcGaSXzmodu53ABb0wOWrVWjKeg.jpg
466,1365.0,https://image.tmdb.org/t/p/w500/rQeufx98gKH4CCeVw57KT1Fd0gr.jpg,https://image.tmdb.org/t/p/w500/2lZYvShWuVThLM6Oo8zfakdBMqw.jpg
467,1366.0,https://image.tmdb.org/t/p/w500/xSI0dbKLDETwhiVUy6hGE8KXUln.jpg,https://image.tmdb.org/t/p/w500/bacOuUnRBoAO1NjMfsAGX2EKRrS.jpg
468,1368.0,https://image.tmdb.org/t/p/w500/a9sa6ERZCpplbPEO7OMWE763CLD.jpg,https://image.tmdb.org/t/p/w500/hCxxOJojCUFyuahDx167glJgp7E.jpg
469,1369.0,https://image.tmdb.org/t/p/w500/fVwRtWqEPdsCH21BVDGqgkAQcff.jpg,https://image.tmdb.org/t/p/w500/aPlgkT2FlD7EcE6Vi10I4RTzRqb.jpg
471,1372.0,https://image.tmdb.org/t/p/w500/sYAUuiWpoXGKHxUfHyjTj7Apj2h.jpg,https://image.tmdb.org/t/p/w500/vffPZUYScdWtGU0UrccFIRX4LbV.jpg
473,1381.0,https://image.tmdb.org/t/p/w500/4XTf8GuCVLWolubANaKkpk62YPq.jpg,https://image.tmdb.org/t/p/w500/9RNJ0pKYA8EQiMa0lFZ68gzeElH.jpg
474,1382.0,https://image.tmdb.org/t/p/w500/hrj9VsInHnqSDBhEc2FvY0qd79F.jpg,https://image.tmdb.org/t/p/w500/j3moxxL3MBkJhp0imy4v1QxALwi.jpg
475,1389.0,https://image.tmdb.org/t/p/w500/v49q7AMR3pB4M762woWB1NYMCLF.jpg,https://image.tmdb.org/t/p/w500/rOvXN8m3l4qNKCdNscLUjxK6I9I.jpg
476,1391.0,https://image.tmdb.org/t/p/w500/aj3rqjab8jfc2fWmcS3H3c5qbur.jpg,https://image.tmdb.org/t/p/w500/7aW9IZjpsoTXYEARlnOvTtl6EBr.jpg
478,1408.0,https://image.tmdb.org/t/p/w500/hYdeBZ4BFXivdouxLfQGWNE6zRx.jpg,https://image.tmdb.org/t/p/w500/hHoIQVAmTg4RM7PPNhNvMlJk3mg.jpg
479,1412.0,https://image.tmdb.org/t/p/w500/dE0u4uB5UPfVIdz258Ye2XEPuuh.jpg,https://image.tmdb.org/t/p/w500/wD95UmpUazo9820qnbbjRtbQ884.jpg
480,1415.0,https://image.tmdb.org/t/p/w500/4DVWGtV1OA3W8kZxiimdNsepS6O.jpg,https://image.tmdb.org/t/p/w500/c0tjgU8rq9ZsveoCvlqOnJQ5Aji.jpg
481,1417.0,https://image.tmdb.org/t/p/w500/z7xXihu5wHuSMWymq5VAulPVuvg.jpg,https://image.tmdb.org/t/p/w500/6G6nqSW9S7EHA9HrYl0Z8uo2H7f.jpg
482,1422.0,https://image.tmdb.org/t/p/w500/nT97ifVT2J1yMQmeq20Qblg61T.jpg,https://image.tmdb.org/t/p/w500/6WRrGYalXXveItfpnipYdayFkQB.jpg
483,1424.0,https://image.tmdb.org/t/p/w500/qqCn3bYlG85dlVdUBd5Vjv3i0Qg.jpg,https://image.tmdb.org/t/p/w500/vxRIvMcVkgWSbL6Gnv24GmpwiuA.jpg
484,1427.0,https://image.tmdb.org/t/p/w500/2wrFrUej8ri5EpjgIkjKTAnr686.jpg,https://image.tmdb.org/t/p/w500/kvdy0Ijjo2r9qsnWV4Dzx07qwnc.jpg
486,1429.0,https://image.tmdb.org/t/p/w500/uW7tTRElr2tRhmAVESzvHy4ByXg.jpg,https://image.tmdb.org/t/p/w500/mpfRchw4jh2cEBajB9EJltTnDH2.jpg
487,1430.0,https://image.tmdb.org/t/p/w500/4XsiTsZcNCRSkee1o0fdr5OqYRT.jpg,https://image.tmdb.org/t/p/w500/70uUnpfe7en9x011UjpZoub101l.jpg
489,1439.0,https://image.tmdb.org/t/p/w500/PIlOkljucv7HnvATbn4JwrAvSn.jpg,https://image.tmdb.org/t/p/w500/jW1HUCofeIYSpLLbVqVSsm7nMdN.jpg
490,1440.0,https://image.tmdb.org/t/p/w500/l2wTSP0Ifo9vY03nJEfkFBbT2S9.jpg,https://image.tmdb.org/t/p/w500/uDDgaNppSCJm6kWDLl7vMeu8xcl.jpg
491,1443.0,https://image.tmdb.org/t/p/w500/1NCQtXPQnaHRjOZVmktA9BSM35F.jpg,https://image.tmdb.org/t/p/w500/6b6UpsOXmjO8mJKYsGTG9HW49CN.jpg
492,1452.0,https://image.tmdb.org/t/p/w500/385XwTQZDpRX2d3kxtnpiLrjBXw.jpg,https://image.tmdb.org/t/p/w500/8eRscFbRYl681zDfkjv1jjW1KAA.jpg
493,1487.0,https://image.tmdb.org/t/p/w500/lbaTEneOofwvAyg77R8HbFML2zT.jpg,https://image.tmdb.org/t/p/w500/avwEj8wiywFH6FZ6h2wzvyJpiH7.jpg
497,1495.0,https://image.tmdb.org/t/p/w500/rNaBe4TwbMef71sgscqabpGKsxh.jpg,https://image.tmdb.org/t/p/w500/8itHQecANtOevcCdr3AhVxFCYkw.jpg
498,1497.0,https://image.tmdb.org/t/p/w500/Hyvvz9Z3le1is8a0EeFJQm0aSC.jpg,https://image.tmdb.org/t/p/w500/8VGaEXbTOGeWGW7IvzOf1j2rjet.jpg
499,1499.0,https://image.tmdb.org/t/p/w500/fwX5RdPDBFsbEAXc46DrvRz5Bca.jpg,https://image.tmdb.org/t/p/w500/jIZ67qdDawus6s3Aua96e7nV7eM.jpg
500,1523.0,https://image.tmdb.org/t/p/w500/n1CgN2mS7RSxHhv2R1DdisYDvT6.jpg,https://image.tmdb.org/t/p/w500/tO40eTUxPoKrmMKBDWViA9pVYg3.jpg
501,1535.0,https://image.tmdb.org/t/p/w500/6y8M1rxjKofQCRKKe6xeV91K2Fc.jpg,https://image.tmdb.org/t/p/w500/7Hfatv0lZkMyxw8UBZmiK2qSXDR.jpg
502,1537.0,https://image.tmdb.org/t/p/w500/8wh9WzTKo5pJw3EgHYWA60W7Kbl.jpg,https://image.tmdb.org/t/p/w500/lCPOmWoqtmVrI2yUNUw8iaOaTJn.jpg
503,1538.0,https://image.tmdb.org/t/p/w500/nV5316WUsVij8sVXLCF1g7TFitg.jpg,https://image.tmdb.org/t/p/w500/qVzmXKKOTtd3szkiCheCNrfa394.jpg
504,1542.0,https://image.tmdb.org/t/p/w500/iEmTwOkUaLziMQCUZii5wPQBIAO.jpg,https://image.tmdb.org/t/p/w500/g7o5O6xRWkMiwHXiYMPC690YEL4.jpg
505,1544.0,https://image.tmdb.org/t/p/w500/a7CbxY3TMwFKX6awlBxhb7Es6tS.jpg,https://image.tmdb.org/t/p/w500/6Zrz2cEupZ2CRHU1coEgb2xa1hq.jpg
506,1546.0,https://image.tmdb.org/t/p/w500/fBLjXNRkH0KuC5JEnGBUZx3SQw3.jpg,https://image.tmdb.org/t/p/w500/uTh7Uyy5sdGmcl2AgqJoHlxP3PE.jpg
509,1550.0,https://image.tmdb.org/t/p/w500/qm3jGZwz2UkwwEFEFzSot8T0pz1.jpg,https://image.tmdb.org/t/p/w500/jcue2THX5mjQFV7EXqoQyXyLlbR.jpg
510,1551.0,https://image.tmdb.org/t/p/w500/wda3j7p7YHXKpFIlSzoTCtP7myF.jpg,https://image.tmdb.org/t/p/w500/kI1wLZdD5n28SknQaRIkSoSRfas.jpg
511,1555.0,https://image.tmdb.org/t/p/w500/baDm4V3Dqx2hNh7WF1NvGrHGgqQ.jpg,https://image.tmdb.org/t/p/w500/kiSderXBFLpkSp7dZ5RQkHOD5nh.jpg
512,1562.0,https://image.tmdb.org/t/p/w500/oix0aNv1lvW3nUGspUyvSIBlpbs.jpg,https://image.tmdb.org/t/p/w500/83ownpZPvBHJD5UVNShzQfa3LaW.jpg
513,1571.0,https://image.tmdb.org/t/p/w500/31TT47YjBl7a7uvJ3ff1nrirXhP.jpg,https://image.tmdb.org/t/p/w500/aRqTPOPt8BOHE0ngppM9jnuuaeS.jpg
514,1572.0,https://image.tmdb.org/t/p/w500/buqmCdFQEWwEpL3agGgg2GVjN2d.jpg,https://image.tmdb.org/t/p/w500/fBvSfLetWlAMevQVHa0nBDV1Fon.jpg
516,1574.0,https://image.tmdb.org/t/p/w500/3ED8cWCXY9zkx77Sd0N5qMbsdDP.jpg,https://image.tmdb.org/t/p/w500/euxYhuuJjChU755u2YHj0ZPjww3.jpg
518,1577.0,https://image.tmdb.org/t/p/w500/way9dOm4dM2sm9UMcu2PEXMTX0q.jpg,https://image.tmdb.org/t/p/w500/5PJP3NaiH9ZJRzrEHLeqSY5rNxb.jpg
519,1578.0,https://image.tmdb.org/t/p/w500/1WV7WlTS8LI1L5NkCgjWT9GSW3O.jpg,https://image.tmdb.org/t/p/w500/tvNuhRlpRozDgsX1zR9gQ2aHv1X.jpg
520,1579.0,https://image.tmdb.org/t/p/w500/cRY25Q32kDNPFDkFkxAs6bgCq3L.jpg,https://image.tmdb.org/t/p/w500/nnmbJvYyDS1VkMOCbxSpdBi3WbJ.jpg
521,1581.0,https://image.tmdb.org/t/p/w500/h1ITOpvJN3Tw4Sy60w2QTfYMvdd.jpg,https://image.tmdb.org/t/p/w500/9Ebn8atCcGk5OZrx4xmoTobAxoh.jpg
522,1584.0,https://image.tmdb.org/t/p/w500/zXLXaepIBvFVLU25DH3wv4IPSbe.jpg,https://image.tmdb.org/t/p/w500/k5MTAtE9CCi5TWA84qaFMYv3ajB.jpg
523,1585.0,https://image.tmdb.org/t/p/w500/bSqt9rhDZx1Q7UZ86dBPKdNomp2.jpg,https://image.tmdb.org/t/p/w500/3q35nBLCIdEbxYfsr7D5ocYQXKz.jpg
524,1586.0,https://image.tmdb.org/t/p/w500/hvzw4wufKZkDCTPVeG71Z7pGfZh.jpg,https://image.tmdb.org/t/p/w500/dBSYDUZpps3LWru7ofUZAYoFgUj.jpg
525,1587.0,https://image.tmdb.org/t/p/w500/8FxWgsfDNosewo7H65oE4QkOb7g.jpg,https://image.tmdb.org/t/p/w500/m05zMH2I7aEOP4zc0JYOdqR4JUD.jpg
526,1588.0,https://image.tmdb.org/t/p/w500/bnVby0qI0dS7YunbShP7mw68HY3.jpg,https://image.tmdb.org/t/p/w500/3XpxR3cSQJou79KBQpPCcpZzmhj.jpg
527,1590.0,https://image.tmdb.org/t/p/w500/xplAbPXhZF9B3H4OnhjQsEKUESe.jpg,https://image.tmdb.org/t/p/w500/7b3cLZjiOIR8pqjnF2g2GkBwcZ4.jpg
529,1593.0,https://image.tmdb.org/t/p/w500/pDsAAYf6Zn0yiAGJ6lYGs6hoZ4E.jpg,https://image.tmdb.org/t/p/w500/1ZVlzOBYCggLzvVYHK7Im6LohjC.jpg
531,1598.0,https://image.tmdb.org/t/p/w500/meJZAAuVcjic2ipvbOPz5UlE4P9.jpg,https://image.tmdb.org/t/p/w500/ntgpger7OwFNlEldxuvvFHDKzjW.jpg
532,1599.0,https://image.tmdb.org/t/p/w500/h27ytqXyOrAB6KmRx2abOp8p2W.jpg,https://image.tmdb.org/t/p/w500/lMSlZxJp43HR81XacWh75w3hW2l.jpg
533,1613.0,https://image.tmdb.org/t/p/w500/aYlrGirWrRCTU1PF6Svghn1EMAc.jpg,https://image.tmdb.org/t/p/w500/lTn6AUlpKn70quBaANug12n07xj.jpg
534,1619.0,https://image.tmdb.org/t/p/w500/wrjMMdgn1a4ChlaBmlzKnb78nr6.jpg,https://image.tmdb.org/t/p/w500/iVpjSpgPlWMU1dSi5pOIg2BTlX1.jpg
535,1620.0,https://image.tmdb.org/t/p/w500/h69UJOOKlrHcvhl5H2LY74N61DQ.jpg,https://image.tmdb.org/t/p/w500/9LMIoURuLvxEVKMib4DoVVcJJ5l.jpg
536,1621.0,https://image.tmdb.org/t/p/w500/8mBuLCOcpWnmYtZc4aqtvDXslv6.jpg,https://image.tmdb.org/t/p/w500/3FO1kbQmRlU1H6Kmn7sTfmd7mw9.jpg
538,1635.0,https://image.tmdb.org/t/p/w500/9MaZYEyFmQwNeDTxZGQEN8E0e4p.jpg,https://image.tmdb.org/t/p/w500/zZZ1FDl5FPClZ9OnMrlaPA4Iuxv.jpg
540,1637.0,https://image.tmdb.org/t/p/w500/82PkCE4R95KhHICUDF7G4Ly2z3l.jpg,https://image.tmdb.org/t/p/w500/lywmuPU5Hr1Mnpb9UGeDbILmkTx.jpg
541,1639.0,https://image.tmdb.org/t/p/w500/gnK1ocpwUTj24zAktzomOJsD2bu.jpg,https://image.tmdb.org/t/p/w500/wmwEjQpqNXEIadsQoqWUS1pVVBi.jpg
542,1640.0,https://image.tmdb.org/t/p/w500/86BdPC6RDX88NC880pLidKn2LCj.jpg,https://image.tmdb.org/t/p/w500/l5LNCgS4hbNMnt5acKFT9G3LcMl.jpg
543,1642.0,https://image.tmdb.org/t/p/w500/dtupntUFMD5iXBo8HLfALt2ET4R.jpg,https://image.tmdb.org/t/p/w500/dDE6EIaFsPFJPLXHG1ghuPQc7ST.jpg
544,1645.0,https://image.tmdb.org/t/p/w500/w8UCke112E9jrhjKcwG32kyhTx5.jpg,https://image.tmdb.org/t/p/w500/bwLQCW6LqmrJ6aJsevypcg93JCU.jpg
547,1649.0,https://image.tmdb.org/t/p/w500/tldtDfLnPFOtTWp758EmIP2Hbz5.jpg,https://image.tmdb.org/t/p/w500/4PMSgLOzPFgyzARQBhhX4vS9oOW.jpg
548,1651.0,https://image.tmdb.org/t/p/w500/l2jsT4bWzGZry34x4k5eNiSquhv.jpg,https://image.tmdb.org/t/p/w500/bEe4xvjFr9kObNeBCw8kce3o047.jpg
549,1656.0,https://image.tmdb.org/t/p/w500/93iEBX1QbsxAv8eSybe8lhLXY1A.jpg,https://image.tmdb.org/t/p/w500/2b3PSB97qrxQduzquYihf7u3uwV.jpg
550,1667.0,https://image.tmdb.org/t/p/w500/o9xJ1xG1WKlHkl8ACqq0LShOuMu.jpg,https://image.tmdb.org/t/p/w500/lPsKI7VR1FJY3w8iEOBZEhWAESc.jpg
551,1669.0,https://image.tmdb.org/t/p/w500/yVl7zidse4KiWtGMqHFtZCx4X3N.jpg,https://image.tmdb.org/t/p/w500/5jCpCFrku6wmCZOYZWhHOC2j8IU.jpg
552,1677.0,https://image.tmdb.org/t/p/w500/tSPC7sO2XYNL9QcMmK88tuUALL5.jpg,https://image.tmdb.org/t/p/w500/umtxTkop7Ec9UFynjB7Z53lmkX1.jpg
553,1683.0,https://image.tmdb.org/t/p/w500/o8Vl4Vxp5LBth9J6Aa3k6PAefxt.jpg,https://image.tmdb.org/t/p/w500/4eakTJuJD3sRGfv1qVWW46iPq82.jpg
554,1685.0,https://image.tmdb.org/t/p/w500/szHCeYwi4ubewuYnlnz0YGqWnQC.jpg,https://image.tmdb.org/t/p/w500/gxz2lWaekGbVu8ODCi2qeZyBX1g.jpg
555,1687.0,https://image.tmdb.org/t/p/w500/vqD7qjBRizY7sPVIHbFRUZwgEXL.jpg,https://image.tmdb.org/t/p/w500/7GVWNxz7fN0yK61NGSPjBWZPt1J.jpg
556,1688.0,https://image.tmdb.org/t/p/w500/tzKZRY2opw5MruSkevffgT5ocun.jpg,https://image.tmdb.org/t/p/w500/3yazPBvuE1u07ljHFTPRaK2AHOt.jpg
557,1690.0,https://image.tmdb.org/t/p/w500/dDrtuWUKhgUGp12kgUWuP0NpTdF.jpg,https://image.tmdb.org/t/p/w500/dF6GNQ0TnZkr1t4wBt36Xc0Pccd.jpg
559,1696.0,https://image.tmdb.org/t/p/w500/drZz4AuI7trq6BxlH9Xa4v4O0Pb.jpg,https://image.tmdb.org/t/p/w500/ya7pQHMp57aJAbNu6e5HaJLqvQ9.jpg
560,1698.0,https://image.tmdb.org/t/p/w500/hZgnRhrOkmjjod5u3umbw4y08kX.jpg,https://image.tmdb.org/t/p/w500/6OzOuU2JE0lm11p0UEUm3dCiH3L.jpg
563,1710.0,https://image.tmdb.org/t/p/w500/oMgwJb016znNZcpDR20eXxZoW8A.jpg,https://image.tmdb.org/t/p/w500/f0wTYitK1lELuGygXslG7SQpY0E.jpg
564,25430.0,https://image.tmdb.org/t/p/w500/7o8nnvFnkekDAlIYznNUWzxQFM6.jpg,https://image.tmdb.org/t/p/w500/bSTvvll9gIOcoavWRIVYL5RoTkn.jpg
566,1724.0,https://image.tmdb.org/t/p/w500/gKzYx79y0AQTL4UAk1cBQJ3nvrm.jpg,https://image.tmdb.org/t/p/w500/jPu8yiadqgzwFPGKJmGo637ASVP.jpg
567,1725.0,https://image.tmdb.org/t/p/w500/nzCMu6D5q60i2bVrIQ0DxlRSgCZ.jpg,https://image.tmdb.org/t/p/w500/swYJtp5GISfsCMZ46y2WNBBwJsq.jpg
568,1726.0,https://image.tmdb.org/t/p/w500/78lPtwv72eTNqFW9COBYI0dWDJa.jpg,https://image.tmdb.org/t/p/w500/cKvDv2LpwVEqbdXWoQl4XgGN6le.jpg
569,1729.0,https://image.tmdb.org/t/p/w500/z8chF1Z7hyuSVqLYTgElkQZh2VB.jpg,https://image.tmdb.org/t/p/w500/9a59H9qoAzMcj1NWurMgvg9iLaT.jpg
570,1734.0,https://image.tmdb.org/t/p/w500/kdJsW7hcy1lrj7tdMPycTAQPAiR.jpg,https://image.tmdb.org/t/p/w500/7s7WkAFPBsMTprYMbqbgKoppQsR.jpg
572,1770.0,https://image.tmdb.org/t/p/w500/brIBbU6t9glEGAKRTJ4PMj9OiDC.jpg,https://image.tmdb.org/t/p/w500/A4Ikk4bR7R16rMFrDUsbUrurEHM.jpg
573,1771.0,https://image.tmdb.org/t/p/w500/vSNxAJTlD0r02V9sPYpOjqDZXUK.jpg,https://image.tmdb.org/t/p/w500/yFuKvT4Vm3sKHdFY4eG6I4ldAnn.jpg
575,1779.0,https://image.tmdb.org/t/p/w500/vSi4YK4E63geptUAxtizRUeTCFu.jpg,https://image.tmdb.org/t/p/w500/1TFrt5rlgbAS7WdHfCp142NPt4s.jpg
576,1781.0,https://image.tmdb.org/t/p/w500/zrYT5UHE2UIsofwkv6KK2Tsu5a.jpg,https://image.tmdb.org/t/p/w500/4Nx3XAGPwv5AfdrSq9LFDEACl3T.jpg
577,1788.0,https://image.tmdb.org/t/p/w500/9JEDjBCXCx3eKTSkXwispf0UN3O.jpg,https://image.tmdb.org/t/p/w500/t8n5mvmnJUYJkyfOPWYEtvqePuM.jpg
578,1792.0,https://image.tmdb.org/t/p/w500/5TmPGPsOP4EgMo8X14pyywxB1j2.jpg,https://image.tmdb.org/t/p/w500/bj4VHJFQOWXKgnvFrlHoBeOLU3M.jpg
579,1808.0,https://image.tmdb.org/t/p/w500/4EJkObEJFvXCuoVqOP7XBXGqdQ1.jpg,https://image.tmdb.org/t/p/w500/zUs2GW4rPSIsfzBp0GtXaQR2mqk.jpg
580,1809.0,https://image.tmdb.org/t/p/w500/6OybelUmwUkDm7fbX1BI7OhpYeQ.jpg,https://image.tmdb.org/t/p/w500/yTHvJqk7IFqnDCBBQ0ou60p2qvO.jpg
581,1813.0,https://image.tmdb.org/t/p/w500/5ZzBGpxy55OQzHxKVY11IpY6a0o.jpg,https://image.tmdb.org/t/p/w500/2Y6Q7eYDXoolcHjYCAyJQlE2CVT.jpg
583,1819.0,https://image.tmdb.org/t/p/w500/rtqbg1CKR4dFdmHxmsiM3u9n71I.jpg,https://image.tmdb.org/t/p/w500/muMAXHW2RknY5kA9VCmFhVHLkYh.jpg
585,1830.0,https://image.tmdb.org/t/p/w500/3MGQD4yXokufNlW1AyRXdiy7ytP.jpg,https://image.tmdb.org/t/p/w500/5HLNp2zEsXezVoXtOfLJE29xaUI.jpg
587,1832.0,https://image.tmdb.org/t/p/w500/oxhHl2YokTqcP44QK5tiTgjgLgk.jpg,https://image.tmdb.org/t/p/w500/nljRWpjfmqh5qYxcblFoazU5eYY.jpg
588,1833.0,https://image.tmdb.org/t/p/w500/fomBrfOHWxlaVcjPk4yCQgIwAnh.jpg,https://image.tmdb.org/t/p/w500/Aby2bp5yZYLSvs8Ql32bZAamTFb.jpg
589,1844.0,https://image.tmdb.org/t/p/w500/psrm7DToacaxQvgViBAcrYiLKzH.jpg,https://image.tmdb.org/t/p/w500/rsV4f4dzHyJIZ3WGNykh7K2WMHZ.jpg
590,1850.0,https://image.tmdb.org/t/p/w500/msOZS07xRIFnapwp3fprGbKEAfT.jpg,https://image.tmdb.org/t/p/w500/c6jFpztvihsXraV51up2nxXfm5t.jpg
591,1852.0,https://image.tmdb.org/t/p/w500/bfTiVc8kxq8uRXeblV3Ct35APGu.jpg,https://image.tmdb.org/t/p/w500/1PtzrpMbuYg9rfWpEkm6qwN63oW.jpg
592,1858.0,https://image.tmdb.org/t/p/w500/lkZ9gqCEjzX85lKR6Jjd1uGAXNp.jpg,https://image.tmdb.org/t/p/w500/iCDMBi6WLjUBnt24dNwHqqF81UL.jpg
593,1865.0,https://image.tmdb.org/t/p/w500/keGfSvCmYj7CvdRx36OdVrAEibE.jpg,https://image.tmdb.org/t/p/w500/uzIGtyS6bbnJzGsPL93WCF1FWm8.jpg
594,1874.0,https://image.tmdb.org/t/p/w500/omL85DnSNaZLLnF0KzqSZihuWAr.jpg,https://image.tmdb.org/t/p/w500/ciSmAUpqtFGtAm6igrzeCjXggeB.jpg
595,1878.0,https://image.tmdb.org/t/p/w500/tisNLcMkxryU2zxhi0PiyDFqhm0.jpg,https://image.tmdb.org/t/p/w500/qJaR9AZx2Qq2oJ3krnSO0Z5ne5I.jpg
596,1880.0,https://image.tmdb.org/t/p/w500/a2GkHcioc2QEFJbQk1NTB85u3vD.jpg,https://image.tmdb.org/t/p/w500/9fOfsVHZHig6MHPHczv0zMY6cKc.jpg
597,1883.0,https://image.tmdb.org/t/p/w500/o2s9ow0uRRm1BcF3teznk5twd90.jpg,https://image.tmdb.org/t/p/w500/yj9VAqzlA0kasae8rK1VG3NvDZk.jpg
598,1885.0,https://image.tmdb.org/t/p/w500/1mp4ViklKvA0WXXsNvNx0RBuiit.jpg,https://image.tmdb.org/t/p/w500/j1xaeJZOEOiVBD1rk3dg4YaAk23.jpg
599,1887.0,https://image.tmdb.org/t/p/w500/cybXGmv8Rjd5Os8Xml6YxMBQ0Zt.jpg,https://image.tmdb.org/t/p/w500/9hxBNoRjEDZGjyR1JpmmtxJWmVU.jpg
600,1891.0,https://image.tmdb.org/t/p/w500/nNAeTmF4CtdSgMDplXTDPOpYzsX.jpg,https://image.tmdb.org/t/p/w500/k9pshruhCpJAdH9RaGJO6jaWQ4X.jpg
603,1894.0,https://image.tmdb.org/t/p/w500/oZNPzxqM2s5DyVWab09NTQScDQt.jpg,https://image.tmdb.org/t/p/w500/cxvr2IOTwHcQa3EqMoQ8RHCkqBG.jpg
604,1895.0,https://image.tmdb.org/t/p/w500/xfSAoBEm9MNBjmlNcDYLvLSMlnq.jpg,https://image.tmdb.org/t/p/w500/5vDuLrjJXFS9PTF7Q1xzobmYKR9.jpg
605,1900.0,https://image.tmdb.org/t/p/w500/jbccmnqE4oAPI67bApgt2JiRPz8.jpg,https://image.tmdb.org/t/p/w500/nkMgY1XFLWr91najzfvwie8LyYF.jpg
607,1903.0,https://image.tmdb.org/t/p/w500/cAh2pCiNPftsY3aSqJuIOde7uWr.jpg,https://image.tmdb.org/t/p/w500/wwLufumafJojc59hgIamHyJSTO9.jpg
608,1904.0,https://image.tmdb.org/t/p/w500/pBwYsQaSTgnPphIy02DJjCF2cqs.jpg,https://image.tmdb.org/t/p/w500/zJDnqXtGNHUmexiaWNa52Vslve5.jpg
610,1909.0,https://image.tmdb.org/t/p/w500/fe0TuYz9jCKUba2Omj48K8bWJ8z.jpg,https://image.tmdb.org/t/p/w500/nnrITCU29fAVFDngn3eEwBsECPX.jpg
612,1913.0,https://image.tmdb.org/t/p/w500/mQW1JJKCUg02cmWBzr9JFu9vM1V.jpg,https://image.tmdb.org/t/p/w500/7XmDhCTkce5GH8KCdbMoTZdxn1p.jpg
614,1924.0,https://image.tmdb.org/t/p/w500/d7px1FQxW4tngdACVRsCSaZq0Xl.jpg,https://image.tmdb.org/t/p/w500/5PfHGXosySGs0l1JfeREspy3v6G.jpg
615,1927.0,https://image.tmdb.org/t/p/w500/UllIft2jLSBaay3zQyMV4GNdfy.jpg,https://image.tmdb.org/t/p/w500/8vQBXqDbb30qNpBcNYwTesSg75.jpg
619,1934.0,https://image.tmdb.org/t/p/w500/zdW7jdzPi4J9KZR3TyY2jn3Xh5e.jpg,https://image.tmdb.org/t/p/w500/i16MjvM9YsQ85ejdB63gtGXDu4W.jpg
620,1946.0,https://image.tmdb.org/t/p/w500/kETKF0JhdTPn1knci8CAdYL0d79.jpg,https://image.tmdb.org/t/p/w500/vgPBS3To8IuQ1sY1l9G97dqcsq2.jpg
621,1947.0,https://image.tmdb.org/t/p/w500/7ugLG1yF1l8HWYhmdmHHSC3kJ8b.jpg,https://image.tmdb.org/t/p/w500/2jOCJ6ejsn9ErgYUjmxWiziOeaI.jpg
622,1948.0,https://image.tmdb.org/t/p/w500/rsKmhnvzJezjwC1Ud2Hh37oNpdQ.jpg,https://image.tmdb.org/t/p/w500/8JPz1636hMcaADngF4H4KOxXfp1.jpg
623,1949.0,https://image.tmdb.org/t/p/w500/6YmeO4pB7XTh8P8F960O1uA14JO.jpg,https://image.tmdb.org/t/p/w500/3zCPI4JFc54xvLaJ71oI2KoP3az.jpg
624,1950.0,https://image.tmdb.org/t/p/w500/23jI1zZnrLlrkeGjjkBkUF4FVTf.jpg,https://image.tmdb.org/t/p/w500/wBIQsOrenmVjnfUqSub7Zrw0JNm.jpg
625,1951.0,https://image.tmdb.org/t/p/w500/6HYoHEcLNgETHlJDyQrC4Y7e01.jpg,https://image.tmdb.org/t/p/w500/dbAAQhptC6FyxBJx91IQv9zRiki.jpg
626,1954.0,https://image.tmdb.org/t/p/w500/ea5iv7TWMh18fOKoRGgmtcg85Gx.jpg,https://image.tmdb.org/t/p/w500/75UPGUm2Zm6M60szq1gQisDF4g.jpg
627,1955.0,https://image.tmdb.org/t/p/w500/u0wpPYjuSt8DIe1Y3Vapnh8jcKE.jpg,https://image.tmdb.org/t/p/w500/6huSptAsqYg3wbsi1jbMognSgmp.jpg
628,1956.0,https://image.tmdb.org/t/p/w500/jzuPVECdfWuHoBIqQEFajbSwwpa.jpg,https://image.tmdb.org/t/p/w500/zZ6I4kmBSKcA3r4LcvP1ya4Vkmh.jpg
629,1957.0,https://image.tmdb.org/t/p/w500/yAfXnB6B69iM8KiWwzGulCXF4Mo.jpg,https://image.tmdb.org/t/p/w500/ozbkcXmqcGqWKMKLE2o1QBIlPeW.jpg
630,1958.0,https://image.tmdb.org/t/p/w500/bJu4Gm7NQb2woPiIovrPD5jNWzf.jpg,https://image.tmdb.org/t/p/w500/6TmdYhlnM7OEITeuzcrX8XVlnp2.jpg
633,1969.0,https://image.tmdb.org/t/p/w500/31wgXG6OxDaXbp5IzyNoUJdVS5e.jpg,https://image.tmdb.org/t/p/w500/vmDpLofmDgDx3KXTNzRc6dYROim.jpg
634,1970.0,https://image.tmdb.org/t/p/w500/7vPAVPKYexQVmvC578wPLn2CGCL.jpg,https://image.tmdb.org/t/p/w500/yefSD6lp3jOBYkBeY5QxRRKTJME.jpg
635,1975.0,https://image.tmdb.org/t/p/w500/6fWhibnDKEJvDEz33CuNyl4FQgj.jpg,https://image.tmdb.org/t/p/w500/lAp8haqJnLEVrYnSv7FZpwEJ7o4.jpg
636,1979.0,https://image.tmdb.org/t/p/w500/pyk3c1a4U6nxRJPljPQbP8elTSU.jpg,https://image.tmdb.org/t/p/w500/o2wYH40zW0JIYiYUTu6L4gsNy7E.jpg
637,1985.0,https://image.tmdb.org/t/p/w500/nkXq7V7mmJVbvwZGr3nxkHo7HkS.jpg,https://image.tmdb.org/t/p/w500/ksT0nX66UpCVBdvXiXW1byaZtjo.jpg
638,1988.0,https://image.tmdb.org/t/p/w500/z5f7KPg8vqqYXtaF0wUkSWryDIg.jpg,https://image.tmdb.org/t/p/w500/zjVE6yJE3UvQbBTB6QbiN3fK52m.jpg
639,1989.0,https://image.tmdb.org/t/p/w500/w9w3m2IB9QRZXxi6R51ZamKv3HS.jpg,https://image.tmdb.org/t/p/w500/tj8T9OIM0E51Jf61RJbRbG6vnIJ.jpg
640,1995.0,https://image.tmdb.org/t/p/w500/sJpl1EfHGZhbKtZ3fWTlwrpM1tH.jpg,https://image.tmdb.org/t/p/w500/bL41GVWvp4YJDJ50PDcxaN4cds9.jpg
641,1996.0,https://image.tmdb.org/t/p/w500/ylIEGeAr2ygSClK4FDj9mi2Ah22.jpg,https://image.tmdb.org/t/p/w500/lyCPWvJJSLgUo62USdnvqOVJfGi.jpg
642,1997.0,https://image.tmdb.org/t/p/w500/5I2pRuJI3SZVsxP5iaorGaczzkI.jpg,https://image.tmdb.org/t/p/w500/aB5123I8MNi3NIg0t9RrP6A7Yla.jpg
645,2008.0,https://image.tmdb.org/t/p/w500/tdm4mlc27S1d72ub4Y4xcU2OlDD.jpg,https://image.tmdb.org/t/p/w500/AwlJ2bQGjfEuXLsL5XJAaxOmMuV.jpg
646,2009.0,https://image.tmdb.org/t/p/w500/acEtvzFPeOQwbzRWncjRLenhnKV.jpg,https://image.tmdb.org/t/p/w500/phYwx0HKSdcQyOuK5bMMO8woETT.jpg
647,2011.0,https://image.tmdb.org/t/p/w500/aU8i2QAdTyRR1nYb36Gq51xXP8p.jpg,https://image.tmdb.org/t/p/w500/4pfb85bv0rKkmslTp2hzAqA7RT4.jpg
648,2013.0,https://image.tmdb.org/t/p/w500/6NkJ4gnLrvLj0PZDW6sNM85JMbj.jpg,https://image.tmdb.org/t/p/w500/8v9UL4hL4WDC58IrKb9bkBz0kIQ.jpg
649,2018.0,https://image.tmdb.org/t/p/w500/meq4bLUPcBlOG3Z5YdiWuBMlpO.jpg,https://image.tmdb.org/t/p/w500/h6D695KwxdjFWteDwZ6LHOfICr6.jpg
650,2022.0,https://image.tmdb.org/t/p/w500/7gGk3pkpRsNlJ4PrJgEfgY9PG43.jpg,https://image.tmdb.org/t/p/w500/7P3VyWQTnZOYIQnk5seM0YQ9ucg.jpg
651,2023.0,https://image.tmdb.org/t/p/w500/iGzENlBPYJEFWZnye4t3nqWSSp1.jpg,https://image.tmdb.org/t/p/w500/sAiTihJ8bjEqg8nYUIlTQUnVXuj.jpg
652,2024.0,https://image.tmdb.org/t/p/w500/fWZd815QxUCUcrWQZwUkAp9ljG.jpg,https://image.tmdb.org/t/p/w500/8J10PcjUuJlk3BG3BMHlUOiIUpM.jpg
653,2026.0,https://image.tmdb.org/t/p/w500/vjhLmtjO2pMQXRgkxcwZoq2Ma8n.jpg,https://image.tmdb.org/t/p/w500/aK1uB5c111DXSvPOrriizPoWwh9.jpg
654,2034.0,https://image.tmdb.org/t/p/w500/bUeiwBQdupBLQthMCHKV7zv56uv.jpg,https://image.tmdb.org/t/p/w500/nuO8o9ltxhI7AZQxePavEZ4TyHa.jpg
656,2044.0,https://image.tmdb.org/t/p/w500/tHpc1118dYWLnHZleGhwZxRbpae.jpg,https://image.tmdb.org/t/p/w500/cvenzPOcYthevmYvy0WX4pZ2RNp.jpg
657,2048.0,https://image.tmdb.org/t/p/w500/efwv6F2lGaghjPpBRSINHtoEiZB.jpg,https://image.tmdb.org/t/p/w500/jpFcZH2eyh6gcoxCa637TrGe4bT.jpg
659,2055.0,https://image.tmdb.org/t/p/w500/1mrNc88NrUEGtMtat4FD7sfpFrW.jpg,https://image.tmdb.org/t/p/w500/e65E7jH5bKMSgHJnWLw4ex02Dyu.jpg
660,2056.0,https://image.tmdb.org/t/p/w500/kjJg6eJa9I9flfHaJG67ecEv8YX.jpg,https://image.tmdb.org/t/p/w500/bX5UVSVDOcuFMJh2zWN6gXbKswM.jpg
662,2059.0,https://image.tmdb.org/t/p/w500/jKbZBMRFpF2EfFuvrsDZ2uQYsEQ.jpg,https://image.tmdb.org/t/p/w500/9EnZD3ZWjpJy4IPoQkqTzxvZrso.jpg
663,2062.0,https://image.tmdb.org/t/p/w500/t3vaWRPSf6WjDSamIkKDs1iQWna.jpg,https://image.tmdb.org/t/p/w500/qxGmHvmjlBlH5WZOhdHEHAjHaMB.jpg
664,2067.0,https://image.tmdb.org/t/p/w500/cTKWoBpN5Gvi0vpMb9mLtYlwXqT.jpg,https://image.tmdb.org/t/p/w500/qurwfjYAzSgSsQl99IY6ttZ0S7P.jpg
665,2069.0,https://image.tmdb.org/t/p/w500/rDV7ntPLY0ZDBT722Odsi80nFrn.jpg,https://image.tmdb.org/t/p/w500/pqVFdQDe0wbZRKg6GDyx3ghYXag.jpg
667,2080.0,https://image.tmdb.org/t/p/w500/yj8LbTju1p7CUJg7US2unSBk33s.jpg,https://image.tmdb.org/t/p/w500/p4GzAzjlL7lXIVGvayg7zvzGTSi.jpg
668,2084.0,https://image.tmdb.org/t/p/w500/jrwCiqQjEm3WqxHXxvAoW4gOsUd.jpg,https://image.tmdb.org/t/p/w500/kq7a3jjof465gLwsIDhjtpyNURD.jpg
669,2085.0,https://image.tmdb.org/t/p/w500/zKrnaTWW63y4Q1XLrdZQyQmcRWd.jpg,https://image.tmdb.org/t/p/w500/hq5bbmRj65ald90E3PlWyzOtl7D.jpg
670,2088.0,https://image.tmdb.org/t/p/w500/ojXNRpHMXU99UFmF9MKKiJCymKr.jpg,https://image.tmdb.org/t/p/w500/bI6fptNOG0mS2pNNZgbZSxuVaPN.jpg
671,2100.0,https://image.tmdb.org/t/p/w500/pYnUfauPVK6g8IRO2REYl4TUZ2p.jpg,https://image.tmdb.org/t/p/w500/mYnCnyGxdtXo2PDhhyFT0er9sp5.jpg
672,2105.0,https://image.tmdb.org/t/p/w500/5P68by2Thn8wHAziyWGEw2O7hco.jpg,https://image.tmdb.org/t/p/w500/cvH1gNIMRITdLzoWv1HNAbRyH3n.jpg
673,2110.0,https://image.tmdb.org/t/p/w500/uo3MBDwn3o32GJzFyClm7r1ierb.jpg,https://image.tmdb.org/t/p/w500/kSpfkuIykUsXr6XSU8NdyqiVcR4.jpg
674,2112.0,https://image.tmdb.org/t/p/w500/8Bqlv2kbOyZFqfiPNgzdBscqYPn.jpg,https://image.tmdb.org/t/p/w500/fP9QYH8T9LBnsvnQvcqetB4nuwX.jpg
675,2114.0,https://image.tmdb.org/t/p/w500/47b1EwFqqSWxYna7NtUM7iML4oT.jpg,https://image.tmdb.org/t/p/w500/qyOO0dgss0oeUYFPWbbdALDgOSm.jpg
676,2116.0,https://image.tmdb.org/t/p/w500/zMExJ6RdJQmRMydvozhEBlOLX1m.jpg,https://image.tmdb.org/t/p/w500/ip2SgXV5XBT3XDQRrNdXtk1kZd5.jpg
677,2118.0,https://image.tmdb.org/t/p/w500/lWCgf5sD5FpMljjpkRhcC8pXcch.jpg,https://image.tmdb.org/t/p/w500/hUn13Hom8OWMYpR1ay0diwswwdP.jpg
680,2123.0,https://image.tmdb.org/t/p/w500/rvRrcbLbpn7UJGRH1JupgHOeJFq.jpg,https://image.tmdb.org/t/p/w500/8qLen3NLCVSu1I9aqGWbTUIoBLQ.jpg
681,2133.0,https://image.tmdb.org/t/p/w500/vJPoxqgpfFNbGi0HyoNsjFeLCio.jpg,https://image.tmdb.org/t/p/w500/tO1wEUOSmZLyttwkhOMzUxTiR7k.jpg
682,2135.0,https://image.tmdb.org/t/p/w500/iYayQahkghlbAsfOQX8b5eBzGVy.jpg,https://image.tmdb.org/t/p/w500/i0eOILDW8HipIkOUSKhB1dvZzNJ.jpg
683,2140.0,https://image.tmdb.org/t/p/w500/1ubtSyagwfNF9Bn9s2CKITRtx1d.jpg,https://image.tmdb.org/t/p/w500/9S0BHQuZAyNMG0GpHAMSIbF38au.jpg
684,2142.0,https://image.tmdb.org/t/p/w500/qzR7m6kUhsbdid3xRK2jTXjyNmG.jpg,https://image.tmdb.org/t/p/w500/cnD5ygO97xFY8wQPwLP5v9saus7.jpg
685,2148.0,https://image.tmdb.org/t/p/w500/jgCsLhIRLKlvUy1p1iImCi0nPnX.jpg,https://image.tmdb.org/t/p/w500/8vroa5RYUxD7Nv7vUGUoxZTyz7P.jpg
686,2155.0,https://image.tmdb.org/t/p/w500/8y1PedfYWllJVoBbkt9KWLY155v.jpg,https://image.tmdb.org/t/p/w500/n5pEhP9GUZywJ0Q1c8QVR6ryb7H.jpg
687,2157.0,https://image.tmdb.org/t/p/w500/fCocPDUFuKswY2GxDdfYsT9BXMd.jpg,https://image.tmdb.org/t/p/w500/qu0HXKZBsugBiHJm4QZdFiSrvPi.jpg
688,2162.0,https://image.tmdb.org/t/p/w500/fgPC0xS3o6J5eWFwetssfSD2SEK.jpg,https://image.tmdb.org/t/p/w500/s5kqyWWjuWNNjWEIkPSyqADyjdF.jpg
689,2163.0,https://image.tmdb.org/t/p/w500/m3VB59ppr1RlpxNUYRUfZTgjgU.jpg,https://image.tmdb.org/t/p/w500/e86x1nXqfXRlqATuy60MmzFUFQr.jpg
690,2176.0,https://image.tmdb.org/t/p/w500/16obDcmphjfq17zwWKJlur53fCh.jpg,https://image.tmdb.org/t/p/w500/r0ZAhYrmidOZuPgZZ2vDfNC2ddd.jpg
692,2196.0,https://image.tmdb.org/t/p/w500/xyTxrJnjbSJQzcbKIP6S1uqLuxy.jpg,https://image.tmdb.org/t/p/w500/lIXNL1uoEyuTLqaTAqtBYoc71WF.jpg
693,2207.0,https://image.tmdb.org/t/p/w500/cBLqMVfTZpuKmMQKDLKusb93dbR.jpg,https://image.tmdb.org/t/p/w500/z7BhlDkhAprUHugZlkVB9TPcB0T.jpg
694,2211.0,https://image.tmdb.org/t/p/w500/vd6c4PliEGXgtWTzq1iFxnXIE5H.jpg,https://image.tmdb.org/t/p/w500/uFiIYzTg752yDR5qErCaZyxbWV6.jpg
695,2251.0,https://image.tmdb.org/t/p/w500/bjiHEhuiwhIygzjczbTPAA07cGc.jpg,https://image.tmdb.org/t/p/w500/egVj5Y9f79xPnyAQJmeDR0Uwow3.jpg
696,2252.0,https://image.tmdb.org/t/p/w500/nLwv1pxRCRZucQaqs6oPkq7HH3K.jpg,https://image.tmdb.org/t/p/w500/1ckHUJ6ztq5XJRKM2nIAW0UjJNH.jpg
697,2253.0,https://image.tmdb.org/t/p/w500/8eoRtXswC8IQDsqW7iJWO56NhAv.jpg,https://image.tmdb.org/t/p/w500/h1bNQ2MZzKLuKa7N0nOuSXlgMwT.jpg
698,2255.0,https://image.tmdb.org/t/p/w500/tqydORBcNlQxy3ijgSpPurgDHM2.jpg,https://image.tmdb.org/t/p/w500/9dsOweKYJ6XAJteBIKEGOI0T2bf.jpg
699,2266.0,https://image.tmdb.org/t/p/w500/mcke8Uvw8QDToAZQ94UGo7VU0g6.jpg,https://image.tmdb.org/t/p/w500/z5SQmAzMAkK54qMQJC9WsZ6PddL.jpg
700,2268.0,https://image.tmdb.org/t/p/w500/6DTH9poR8RAw859L6OuokT7z993.jpg,https://image.tmdb.org/t/p/w500/qifYc5jT4CZxmLH9DfOlipioSPp.jpg
703,2277.0,https://image.tmdb.org/t/p/w500/wrs23eO0VEWwOQpXoOasMnlW9Y4.jpg,https://image.tmdb.org/t/p/w500/aIVL5crQCBMPxKMoExiIsUDFPeR.jpg
704,2280.0,https://image.tmdb.org/t/p/w500/eWhCDJiwxvx3YXkAFRiHjimnF0j.jpg,https://image.tmdb.org/t/p/w500/bi9ihIMB9DoXs7odkS5oKkHoK2o.jpg
706,2288.0,https://image.tmdb.org/t/p/w500/fGGaokx4k00S0J603VG53Qlr9jz.jpg,https://image.tmdb.org/t/p/w500/s7oDV92ltdecJ7BTfGSOgsDi900.jpg
707,2289.0,https://image.tmdb.org/t/p/w500/j0AJeeR5CQPDFh0otyWyCWREHO8.jpg,https://image.tmdb.org/t/p/w500/xjJz025MAPrSeNj18LPjcyu4xFM.jpg
708,2290.0,https://image.tmdb.org/t/p/w500/vvwsvPyQFuQbKKfzNgoRhAcL5ml.jpg,https://image.tmdb.org/t/p/w500/pRYrWzkFqtPUwfEXQcnyvSVRK81.jpg
710,2293.0,https://image.tmdb.org/t/p/w500/2ip0sGIMPN0XEN6q3lQIoaNI6tP.jpg,https://image.tmdb.org/t/p/w500/h8fMLx6zJ5qfp8uT2DXzbHCFoJC.jpg
712,2295.0,https://image.tmdb.org/t/p/w500/cLSW0nW94XT0DmBS69ublcLfQ9c.jpg,https://image.tmdb.org/t/p/w500/9qaTlXgurqg85Ya5AW4Ab8RixqD.jpg
714,2309.0,https://image.tmdb.org/t/p/w500/eXFK5aBDzUPSynAhSKMJy7xLxqE.jpg,https://image.tmdb.org/t/p/w500/dA1IWByfIvTktERGU4bzQqD3Xu8.jpg
715,2310.0,https://image.tmdb.org/t/p/w500/7QsWYyJAV97N9jOh21pdRIqJeJq.jpg,https://image.tmdb.org/t/p/w500/lIruQxRCxw5ZI3CmBL6VxwpKtUe.jpg
716,2312.0,https://image.tmdb.org/t/p/w500/bbN1lmDk1PT0GsTFCy179sk5nIF.jpg,https://image.tmdb.org/t/p/w500/5M187YumwzNjEdc4AH14dl9yAeB.jpg
718,2355.0,https://image.tmdb.org/t/p/w500/b5EtDvwj2gdG1qMBLijamlLfJLB.jpg,https://image.tmdb.org/t/p/w500/inPupECvfe7cHuAwaEVBkDJjXZO.jpg
719,2359.0,https://image.tmdb.org/t/p/w500/8PxUhW78Oy4DWZNRyUkKYmhGUaH.jpg,https://image.tmdb.org/t/p/w500/yvqAedtvpEXsc4SKrHQ7DkRLGMZ.jpg
720,2370.0,https://image.tmdb.org/t/p/w500/8u7vxykCVZoaxNocLbpstv3IFNK.jpg,https://image.tmdb.org/t/p/w500/3NSwwxsu8YXIqnGOrfREEsXWkT7.jpg
721,2395.0,https://image.tmdb.org/t/p/w500/eNB2SrqmTJLByRDq3akDzA6Z9rC.jpg,https://image.tmdb.org/t/p/w500/2PuEmuXQF3XQZp8Ki2mGJXUGEOd.jpg
722,2428.0,https://image.tmdb.org/t/p/w500/c21ON7BZn0jwdNl6ibZ1vhXJmpy.jpg,https://image.tmdb.org/t/p/w500/f6JjKDXn66XgNnYjBcKiwO4h3A7.jpg
723,2447.0,https://image.tmdb.org/t/p/w500/nd0oj0lmEx1X8WraiVkYMZlDjKk.jpg,https://image.tmdb.org/t/p/w500/buPWX4RYKQ7L2vHYRQZ52dMMj37.jpg
725,2454.0,https://image.tmdb.org/t/p/w500/qxz3WIyjZiSKUhaTIEJ3c1GcC9z.jpg,https://image.tmdb.org/t/p/w500/9pBv1BOSloAUgAkF0meJWdnbV4Q.jpg
726,2486.0,https://image.tmdb.org/t/p/w500/mNu6QLUnKqPIjRA3pgEb5dkJye6.jpg,https://image.tmdb.org/t/p/w500/2GB3sdsWn3drlkwGMMNQ3KFNbIV.jpg
727,2493.0,https://image.tmdb.org/t/p/w500/2FC9L9MrjBoGHYjYZjdWQdopVYb.jpg,https://image.tmdb.org/t/p/w500/2CisgvF2HcIVnbMZbSjASCtSgEb.jpg
728,2501.0,https://image.tmdb.org/t/p/w500/aP8swke3gmowbkfZ6lmNidu0y9p.jpg,https://image.tmdb.org/t/p/w500/kJaRWmy1BGq3pHyE94LOTteiHer.jpg
729,2502.0,https://image.tmdb.org/t/p/w500/jupG9sFT64YwM8PSkwkUD2wHcYD.jpg,https://image.tmdb.org/t/p/w500/fE7RqvVHbGHjBC9NjIjlLh2t4zK.jpg
730,2503.0,https://image.tmdb.org/t/p/w500/15rMz5MRXFp7CP4VxhjYw4y0FUn.jpg,https://image.tmdb.org/t/p/w500/qiBILuWhv7ipF0pxiEqIJdkQzj8.jpg
731,2539.0,https://image.tmdb.org/t/p/w500/x3OTaBvjqzhRL53Q39fOoIYqxyO.jpg,https://image.tmdb.org/t/p/w500/uXJgpBBOxD21X5Q93bZmjNHHdGA.jpg
732,2567.0,https://image.tmdb.org/t/p/w500/lx4kWcZc3o9PaNxlQpEJZM17XUI.jpg,https://image.tmdb.org/t/p/w500/6KLKdhk9wZvJ6OcTzDCoxup0Kmh.jpg
734,2577.0,https://image.tmdb.org/t/p/w500/ijayvLrCAwOVizi9OY8LZWq5SRW.jpg,https://image.tmdb.org/t/p/w500/8BsZeEl8gArwpYIBXyJ2WdreF8I.jpg
735,2604.0,https://image.tmdb.org/t/p/w500/c5gSie6ZA90iBs62yNM5MV4y9R7.jpg,https://image.tmdb.org/t/p/w500/y9QjSsIH4vBIIqGmAFT1zJzsqPh.jpg
737,2619.0,https://image.tmdb.org/t/p/w500/7FutTsMWBwVhjk1Ujf1wtndUVZh.jpg,https://image.tmdb.org/t/p/w500/nvz6Bu17ipOHGHpWRm3ezpE76j2.jpg
738,2621.0,https://image.tmdb.org/t/p/w500/mtYZyZh7hSiTq3gAU0C8FlcMC5.jpg,https://image.tmdb.org/t/p/w500/oNOJoW2XoH3shkQxHtOyacJRBCQ.jpg
739,2636.0,https://image.tmdb.org/t/p/w500/9CVAjtkSaFs9FyddGfThj11ZuQq.jpg,https://image.tmdb.org/t/p/w500/fvBshQMwOnYZdUXySGMdT6LiqsI.jpg
740,2637.0,https://image.tmdb.org/t/p/w500/z2PiOTyjbCOnMHY2QJdq3I4jU44.jpg,https://image.tmdb.org/t/p/w500/zQM01PhOwJY9ePnWPQ8L0YeKf8c.jpg
741,2639.0,https://image.tmdb.org/t/p/w500/i7Z5DdznqANJUjqWISEFu9bw6J7.jpg,https://image.tmdb.org/t/p/w500/f8Q3Sug5Sa42psw2b3Gdd1aT8t.jpg
742,2642.0,https://image.tmdb.org/t/p/w500/r18hSGAcxWiUysbX6nFShIZyjjP.jpg,https://image.tmdb.org/t/p/w500/owRq5hVmyLv8pNx3Kn1dmE6AQOm.jpg
743,2649.0,https://image.tmdb.org/t/p/w500/4UOa079915QjiTA2u5hT2yKVgUu.jpg,https://image.tmdb.org/t/p/w500/k7GM13qRYSour3lk90Dq1EwdpoW.jpg
744,2652.0,https://image.tmdb.org/t/p/w500/uHTmlcivbPeclEdmtuQg3zOQWPS.jpg,https://image.tmdb.org/t/p/w500/9uYq1A9mx4wvQ8J6OF8BXUntciQ.jpg
745,2655.0,https://image.tmdb.org/t/p/w500/2L3Cn0CizbSy2E9KJt1SiOSyb6p.jpg,https://image.tmdb.org/t/p/w500/dN0Y9PpPjW8pX4ZcdxarzswI2K6.jpg
747,2662.0,https://image.tmdb.org/t/p/w500/29c2qgXmSREosLBevOILEuMWzQC.jpg,https://image.tmdb.org/t/p/w500/jweRMLxgXqzfh12ILnTcmVz3Iix.jpg
748,2666.0,https://image.tmdb.org/t/p/w500/tNPEGju4DpTdbhBphNmZoEi9Bd3.jpg,https://image.tmdb.org/t/p/w500/sWi4SSeVPii4NU365Df9vzX1yOX.jpg
749,2667.0,https://image.tmdb.org/t/p/w500/9050VGrYjYrEjpOvDZVAngLbg1f.jpg,https://image.tmdb.org/t/p/w500/ghPJw3XfhELokIf6V5QL0VpsXtK.jpg
750,2669.0,https://image.tmdb.org/t/p/w500/hXFXIc6F4NXI5emWCKcUwqEPjIZ.jpg,https://image.tmdb.org/t/p/w500/aOHACmU6271TJjzK5X8bF6wISVM.jpg
751,2675.0,https://image.tmdb.org/t/p/w500/YtrIdrTxpRhvCnlw43dwOjfLqx.jpg,https://image.tmdb.org/t/p/w500/rsPjEr7o02mo8ex6wD2PbRwasUe.jpg
752,2687.0,https://image.tmdb.org/t/p/w500/zSy5SyhacsgqRfuJToU6jXFZ1DD.jpg,https://image.tmdb.org/t/p/w500/qY1YMdPcPOLVlxEdCdVzHmwMacl.jpg
753,2698.0,https://image.tmdb.org/t/p/w500/blI1ioXbgJWOJ3PbcBuSV65Ebwu.jpg,https://image.tmdb.org/t/p/w500/yVwCXQzSZvg9H0YBXvzPfSs6Vqx.jpg
754,2749.0,https://image.tmdb.org/t/p/w500/1qGyTDp4K4J2RjGtT5hR81ilX9r.jpg,https://image.tmdb.org/t/p/w500/dGm3XpCrvwU7DmMz7UFViJtKAYg.jpg
756,2755.0,https://image.tmdb.org/t/p/w500/tstvsrJHY57hc951lb190alXRQm.jpg,https://image.tmdb.org/t/p/w500/gz4ZIoruJ5e5n3SByTJeDS7qAcs.jpg
757,2756.0,https://image.tmdb.org/t/p/w500/2dCit3XAtv9KWCJvRKdPkJ0FAkH.jpg,https://image.tmdb.org/t/p/w500/mW6XzxelLY8T2oW2NjciG9LpZT5.jpg
758,2757.0,https://image.tmdb.org/t/p/w500/ffEmHQAiD0m5dEQ6rlsuA9vlllW.jpg,https://image.tmdb.org/t/p/w500/mkjdussWOjts0Se6hEwfTQdwCv2.jpg
759,2770.0,https://image.tmdb.org/t/p/w500/854ZZxXdeabAs90mrV72NqShJqR.jpg,https://image.tmdb.org/t/p/w500/as3gvp4DIXVRlXsj5x7OWPQI5lI.jpg
760,2771.0,https://image.tmdb.org/t/p/w500/rPLMxuk82AiqDiwEUVJ6E7WpjYs.jpg,https://image.tmdb.org/t/p/w500/51Q6Wyadho2zmOe8yCOdAWDpdGm.jpg
761,2779.0,https://image.tmdb.org/t/p/w500/mfvWefUp09oaLLxb8KhsvUYi7mX.jpg,https://image.tmdb.org/t/p/w500/vq4vYFV0TWCCovAFLcdZLCo4Qud.jpg
762,2786.0,https://image.tmdb.org/t/p/w500/i124H6iQB4CawrgFW9aZaZs7OBO.jpg,https://image.tmdb.org/t/p/w500/4zJ9w3lZcZI3mBXcNiq6s8bqpDO.jpg
763,2787.0,https://image.tmdb.org/t/p/w500/3AnlxZ5CZnhKKzjgFyY6EHxmOyl.jpg,https://image.tmdb.org/t/p/w500/bMJdVmo6QqoUHpUsjWyei6MN02x.jpg
764,2789.0,https://image.tmdb.org/t/p/w500/bVO1r90diKfFLzvZ5D3qK6Z558O.jpg,https://image.tmdb.org/t/p/w500/lt3NqorBMWn786m9bzqM0OLdMS8.jpg
765,2830.0,https://image.tmdb.org/t/p/w500/6z6ehjP1GyMLFeja9pHGGZb9B2.jpg,https://image.tmdb.org/t/p/w500/oL1xwtDOGL55Zyu7AuNKpt4y8N7.jpg
766,2832.0,https://image.tmdb.org/t/p/w500/sYgimsiBywqVwJI8H4sETke8m7v.jpg,https://image.tmdb.org/t/p/w500/iiPBXynI88EgnpunHoUlBCnLpSE.jpg
767,2841.0,https://image.tmdb.org/t/p/w500/jZ3Ir3d69dsyxif8dTVh3DjKzKH.jpg,https://image.tmdb.org/t/p/w500/vOpm4wQk5qIl8UepoKrpaloqaPC.jpg
769,2898.0,https://image.tmdb.org/t/p/w500/xXxuJPNUDZ0vjsAXca0O5p3leVB.jpg,https://image.tmdb.org/t/p/w500/x7y8ezKtU1vRInk0dmbvDoKgJ8u.jpg
770,2900.0,https://image.tmdb.org/t/p/w500/54RGJ6INW9ERG8IaalmMKbbDgwH.jpg,https://image.tmdb.org/t/p/w500/6WLXXpntALn42Is3hwxKeUzUujQ.jpg
773,2959.0,https://image.tmdb.org/t/p/w500/lJbT99nN3jEe23EfQvmlSh6EQ2b.jpg,https://image.tmdb.org/t/p/w500/wS8GxF4NBb7Oab452Ecwqx5cMJs.jpg
774,2976.0,https://image.tmdb.org/t/p/w500/fgMka3HtFvI5OgW1eYdR9XpySxH.jpg,https://image.tmdb.org/t/p/w500/oO55Z71apssUy4Cf0obsK2kX3oK.jpg
775,2977.0,https://image.tmdb.org/t/p/w500/yHA6JEn57MBGp2yGFgYyopJvk2O.jpg,https://image.tmdb.org/t/p/w500/r95IP56O3j8fz9a09x55lymr9uJ.jpg
776,2989.0,https://image.tmdb.org/t/p/w500/7AoDfoRDQ0hfoyasvl0J2PIFUJ0.jpg,https://image.tmdb.org/t/p/w500/iJCJ1ThBmuYtJyi3rgQWl56qVXt.jpg
778,3033.0,https://image.tmdb.org/t/p/w500/awvJH3NtXoStsjAtXKr99hfuVaG.jpg,https://image.tmdb.org/t/p/w500/v1HOjtXoGwQz26fT4elHeNT0JnW.jpg
782,3050.0,https://image.tmdb.org/t/p/w500/tLrchGMIkdo1KamQJA6fwvDQEy0.jpg,https://image.tmdb.org/t/p/w500/kqUjxYB209bPN0DpfXZuR9E4ERW.jpg
783,3059.0,https://image.tmdb.org/t/p/w500/lJCabs4TMOsKfnl0BmA5Hf16Ezb.jpg,https://image.tmdb.org/t/p/w500/5s5Vau1tCvoQaaTTTGk4Qux8CcH.jpg
785,3062.0,https://image.tmdb.org/t/p/w500/q4UEd8BL74zVsOOaJkKVMLMmdTg.jpg,https://image.tmdb.org/t/p/w500/5a5lJCew2hGBcd6abdMkomr9mos.jpg
786,3078.0,https://image.tmdb.org/t/p/w500/2PNUGWAflH6UUumas0POMmokHlc.jpg,https://image.tmdb.org/t/p/w500/hmiC0MsI0PDd1TJXC62xyw0tX0s.jpg
787,3080.0,https://image.tmdb.org/t/p/w500/qoPBiN6PBs2NsP7BNOJGCnmwruG.jpg,https://image.tmdb.org/t/p/w500/9riMLH4EOw6PZzeCDnPlIGSyiEu.jpg
788,3082.0,https://image.tmdb.org/t/p/w500/AthaPakkuCLROdKxtRbKWclkDBK.jpg,https://image.tmdb.org/t/p/w500/kSlO1pHpwQfPQdgVPr7dJiJNtJ8.jpg
790,3089.0,https://image.tmdb.org/t/p/w500/jyNTsAzrIWB441OtvfbgKtx1kFS.jpg,https://image.tmdb.org/t/p/w500/agUD7Wp6LAwpaB3phx6yiRmFoSY.jpg
791,3093.0,https://image.tmdb.org/t/p/w500/yNRSbx6AhOlW673t2073Wr2iH4U.jpg,https://image.tmdb.org/t/p/w500/g03rOxKeJJbgR3Lvzrcdii55dm8.jpg
792,3116.0,https://image.tmdb.org/t/p/w500/ckklq45UxUkwgHve9xItXqXr06r.jpg,https://image.tmdb.org/t/p/w500/wY04PHkTBqdlaEbsDj6cchfRL98.jpg
793,3131.0,https://image.tmdb.org/t/p/w500/lemqKtcCuAano5aqrzxYiKC8kkn.jpg,https://image.tmdb.org/t/p/w500/p8yXQse3IDZiwEjWRHda3EzDQjA.jpg
795,3170.0,https://image.tmdb.org/t/p/w500/wV9e2y4myJ4KMFsyFfWYcUOawyK.jpg,https://image.tmdb.org/t/p/w500/rKgqYwlpU32ZO9UTCuXNdhdnU4B.jpg
796,3172.0,https://image.tmdb.org/t/p/w500/67AUAkiT4rbgqN7SNlIJn0zWZqU.jpg,https://image.tmdb.org/t/p/w500/97uVTcMUaml18166fwM2ds0kgp8.jpg
797,3175.0,https://image.tmdb.org/t/p/w500/znfLskGQnXYB2xcOGM9eInRHPAV.jpg,https://image.tmdb.org/t/p/w500/ef6SvWbSfCFlKodJZqpIaTvsRRP.jpg
800,3472.0,https://image.tmdb.org/t/p/w500/nWpXOqB1STDq8ji3rQawcg1fGS9.jpg,https://image.tmdb.org/t/p/w500/4Q28PE1ZlRBMZqRluoVkP3NN7eO.jpg
801,3482.0,https://image.tmdb.org/t/p/w500/bzgPLB7efMohled42PIn6CcOTnO.jpg,https://image.tmdb.org/t/p/w500/tL5uUcgmpcCZOnrnjPcNwz1LGqY.jpg
802,3489.0,https://image.tmdb.org/t/p/w500/bSrmBJ2Png69Qnb5L1KHYZMsDP7.jpg,https://image.tmdb.org/t/p/w500/lEimZXv1tMve0VG9Oox8dfongto.jpg
803,3509.0,https://image.tmdb.org/t/p/w500/lUKudOpHICDj6A6SO7DdaZM4W48.jpg,https://image.tmdb.org/t/p/w500/do8idarfaUTxxwaarefTNA724Qj.jpg
804,3512.0,https://image.tmdb.org/t/p/w500/gElwFCQTbSK5hdK0PVyia547nst.jpg,https://image.tmdb.org/t/p/w500/yY2zwlxoqaFjcLXKSxmDIJSDmSd.jpg
808,3587.0,https://image.tmdb.org/t/p/w500/unp3wg7uzIV3HikMexGQJpO0OHc.jpg,https://image.tmdb.org/t/p/w500/kstY6KGkOzqfgf7VMuQPDgIOhVW.jpg
809,3594.0,https://image.tmdb.org/t/p/w500/iPJwdvgX3I5dEw9QhDOG3hxUvMp.jpg,https://image.tmdb.org/t/p/w500/zBFbGxw22wY2VTNGbcknd84CIEf.jpg
810,3595.0,https://image.tmdb.org/t/p/w500/4nmOA5ZOY2VlHzwSlKY03sF2JUz.jpg,https://image.tmdb.org/t/p/w500/AtHEEiHtD31xazyEvYdmk4Pj6o2.jpg
811,3597.0,https://image.tmdb.org/t/p/w500/dQyaJx0SptDqvQcAewAr8FAtLB2.jpg,https://image.tmdb.org/t/p/w500/6wpIPoE1H7N5yCuFsfcYoGBhFlP.jpg
812,3600.0,https://image.tmdb.org/t/p/w500/eg3d6hvTaOmW3lNErFfutBmWmAR.jpg,https://image.tmdb.org/t/p/w500/gF1BbDac7ONryE5jezRzXVe31Ud.jpg
813,3604.0,https://image.tmdb.org/t/p/w500/eTdEaRjtVnFbd5KVhxLRfbYW46e.jpg,https://image.tmdb.org/t/p/w500/fU92iWyQbysjAQmkfkuFxNlWzz1.jpg
814,3635.0,https://image.tmdb.org/t/p/w500/41DkOi1MvTgTQXt5BevVSzo94kk.jpg,https://image.tmdb.org/t/p/w500/tuiupUeJrNQkmO6LADHOSjbGJ6E.jpg
815,3638.0,https://image.tmdb.org/t/p/w500/eKqfRSf0DZ0Qey1f9ZHuZfsmXVR.jpg,https://image.tmdb.org/t/p/w500/rmlgq2gjiXBK3YNWj6WSdueLv0o.jpg
818,3877.0,https://image.tmdb.org/t/p/w500/fyMziX8tPzPSguUgOpKWkKK322S.jpg,https://image.tmdb.org/t/p/w500/wZoEYkZa3PfpF6dXyWf642W96nU.jpg
819,3902.0,https://image.tmdb.org/t/p/w500/bucgvB7gQqcl1m71efHkenfIMTj.jpg,https://image.tmdb.org/t/p/w500/hXGZv8TAFP52jxIZLdIDCVmPJBQ.jpg
820,3933.0,https://image.tmdb.org/t/p/w500/3RAoVTxUk1OzZClscAsynuu670p.jpg,https://image.tmdb.org/t/p/w500/v23fWgJUEt8EMmvn19btIacxP8E.jpg
821,3981.0,https://image.tmdb.org/t/p/w500/eqkBEMDk1316Yx5wVoabWY07JAi.jpg,https://image.tmdb.org/t/p/w500/xXHtSqFx8mLjzNGX9oCKQEx2yTa.jpg
822,3989.0,https://image.tmdb.org/t/p/w500/m1Q2VFe1DVVbjfu1LDZe7tlp9yb.jpg,https://image.tmdb.org/t/p/w500/splQED8WZ5M5OEqDCwZYAAtguZe.jpg
823,4011.0,https://image.tmdb.org/t/p/w500/nnl6OWkyPpuMm595hmAxNW3rZFn.jpg,https://image.tmdb.org/t/p/w500/yRKyJJYIzfeiVDHBe4LXguPQCvD.jpg
824,4012.0,https://image.tmdb.org/t/p/w500/doe1zmrCRCSRkC3EdalFiUZhMxn.jpg,https://image.tmdb.org/t/p/w500/cDTDGNaF5zu4LYD4gZjkaZ8DjjY.jpg
825,4032.0,https://image.tmdb.org/t/p/w500/qyJJNHteA7BUwQSey05t7qP4vRV.jpg,https://image.tmdb.org/t/p/w500/vSd89kiENYeFa6mPHzsM5BgliPm.jpg
826,4105.0,https://image.tmdb.org/t/p/w500/funhGWt9ee3Uwb6Ar8SGCCvbJdV.jpg,https://image.tmdb.org/t/p/w500/4xAxAvrcnelGOBA5mQsW0aEHpqW.jpg
827,4107.0,https://image.tmdb.org/t/p/w500/oqdQMDJucR7R0ol0LFvzmqcDyEb.jpg,https://image.tmdb.org/t/p/w500/eMiRBwTf7wWyuGCrDI9yHKOoPH8.jpg
828,4108.0,https://image.tmdb.org/t/p/w500/dncJ81z1BahrT3ogLvlxOUC5n4u.jpg,https://image.tmdb.org/t/p/w500/8dXR9R0NUo4eyS4hnYOsCywmo16.jpg
829,11644.0,https://image.tmdb.org/t/p/w500/uFzMscVLDrTaYd6KXOXlr6dly7w.jpg,https://image.tmdb.org/t/p/w500/nk87CtgZ7wd86W37oJHGYAJbmLz.jpg
830,4147.0,https://image.tmdb.org/t/p/w500/loSpBeirRfTPJ3cMIqpQArstGhh.jpg,https://image.tmdb.org/t/p/w500/cDDyZ2qtBzNAepdTbgxKfFcxREl.jpg
832,1852.0,https://image.tmdb.org/t/p/w500/bfTiVc8kxq8uRXeblV3Ct35APGu.jpg,https://image.tmdb.org/t/p/w500/1PtzrpMbuYg9rfWpEkm6qwN63oW.jpg
833,4174.0,https://image.tmdb.org/t/p/w500/dPAox7jGScLBvxKLeRptJIBF7v.jpg,https://image.tmdb.org/t/p/w500/45HFziT30x25QxQdWPkhSIqFbKR.jpg
834,4232.0,https://image.tmdb.org/t/p/w500/lr9ZIrmuwVmZhpZuTCW8D9g0ZJe.jpg,https://image.tmdb.org/t/p/w500/4w6nQYAY0eb7B0VVRDXilXcgAUV.jpg
836,4234.0,https://image.tmdb.org/t/p/w500/qpH8ToZVlFD1bakL04LkEKodyDI.jpg,https://image.tmdb.org/t/p/w500/AbFWty0o5nKGo4iLJaGRgqFtC8W.jpg
838,4248.0,https://image.tmdb.org/t/p/w500/7Eb1JWK0Cb0rbfsYjwfc9g0PbQH.jpg,https://image.tmdb.org/t/p/w500/cjSB3ZjaMpaa9oHFyeYha3KG0mp.jpg
839,4251.0,https://image.tmdb.org/t/p/w500/j267YqLvKAHeyykTflxzpgVgviQ.jpg,https://image.tmdb.org/t/p/w500/tID8mHaMGDwh9sNydvSo3U1fdxb.jpg
840,4256.0,https://image.tmdb.org/t/p/w500/8dLsax5KSwlCY5uWXETKjud5k6U.jpg,https://image.tmdb.org/t/p/w500/nF74HKjNe7X54XMcIc7ulK5InxR.jpg
841,4257.0,https://image.tmdb.org/t/p/w500/dEwlu8S0z1AibuX1weLwUyiRWFl.jpg,https://image.tmdb.org/t/p/w500/pSNwe7G9bESwlCBVurlwRs7fMZU.jpg
842,4258.0,https://image.tmdb.org/t/p/w500/vBqLLxE6GaAPhO6v9EFvFbLZ7Ap.jpg,https://image.tmdb.org/t/p/w500/2eW8VlLXjUq4OKk8SYf5KTr91Kv.jpg
844,4347.0,https://image.tmdb.org/t/p/w500/hMRIyBjPzxaSXWM06se3OcNjIQa.jpg,https://image.tmdb.org/t/p/w500/ffKYRCEVOzpb5y4tA7VW1DwhQw9.jpg
846,4349.0,https://image.tmdb.org/t/p/w500/AgtEL99178EEEKfd44mvvoPRZt1.jpg,https://image.tmdb.org/t/p/w500/qzmCz3tK2v5BFLQYgbQVGmTI3YD.jpg
847,4379.0,https://image.tmdb.org/t/p/w500/iRqcGkIPdRbEaW0xMEA5kgceUF8.jpg,https://image.tmdb.org/t/p/w500/FjqN9Aaqxd63Bfjoft6APu4Fua.jpg
848,4380.0,https://image.tmdb.org/t/p/w500/aGIyiQv08Gw1HO5BV1yrwCWtGHC.jpg,https://image.tmdb.org/t/p/w500/dbk1GH7eRmUrs8y9WFQP1corti2.jpg
850,4442.0,https://image.tmdb.org/t/p/w500/iPrey2UYrA5Fqa8L3KnxqMqfmSq.jpg,https://image.tmdb.org/t/p/w500/aDfGKWdtNHzDmnHkdDyXz7zoDuy.jpg
851,4464.0,https://image.tmdb.org/t/p/w500/5m7NfZvxYsSm2YBCJ2VPQf8ziKr.jpg,https://image.tmdb.org/t/p/w500/9mxDXwoNLLX1SOeq2uiqEfGg4sN.jpg
853,4476.0,https://image.tmdb.org/t/p/w500/89DRDb6mmNkIekqSeAzz13faQDt.jpg,https://image.tmdb.org/t/p/w500/eVIuBKpeLB8rkozkj8bVmxDuAsp.jpg
854,4477.0,https://image.tmdb.org/t/p/w500/3KIPu7H3tST0j4tpqdKpQZUBCQz.jpg,https://image.tmdb.org/t/p/w500/Bfsoyo6mai2KKhdL5tk85RIB8F.jpg
855,4512.0,https://image.tmdb.org/t/p/w500/xMKn6EQS7eR5ubhPJbw5pQSBZMw.jpg,https://image.tmdb.org/t/p/w500/3HvQ5PaxwQJEiRSZD5AyVuqEiNn.jpg
856,4513.0,https://image.tmdb.org/t/p/w500/7LwSrvFA0gz1KAlcrGcinoQPene.jpg,https://image.tmdb.org/t/p/w500/w8VDpCcKezdBbXJEWMHwttI35mU.jpg
857,4515.0,https://image.tmdb.org/t/p/w500/37L6IoLhTgLzq6XYWpWUlbbEzMj.jpg,https://image.tmdb.org/t/p/w500/tfE55NmC3tF2U0DtZkAYKvUHn5k.jpg
858,4517.0,https://image.tmdb.org/t/p/w500/oBQ64TyPEINgVpwKWriv3QsIDJb.jpg,https://image.tmdb.org/t/p/w500/sRx1eyBP8ydHQixz5ejV09YVZrn.jpg
860,4523.0,https://image.tmdb.org/t/p/w500/8KCNzCArLlvLdQoHx6npua2VSVc.jpg,https://image.tmdb.org/t/p/w500/u4UpRDi0w84aNrigr9p049rMHiy.jpg
861,4547.0,https://image.tmdb.org/t/p/w500/hANYbvfwxmkC9E4yY6YyJxYxlSJ.jpg,https://image.tmdb.org/t/p/w500/gJfd2SzUsvY1q1iszthJ3ryuvEA.jpg
862,4550.0,https://image.tmdb.org/t/p/w500/ifcxaKfzNQ6W8uSLpnGo7AfiSL8.jpg,https://image.tmdb.org/t/p/w500/1N45Z1UQY3LMNJEHuyHj6NygOYq.jpg
863,4551.0,https://image.tmdb.org/t/p/w500/ekKCH7Zkb5ZTr1f1AczZY23FH.jpg,https://image.tmdb.org/t/p/w500/rAx0aCQ6luULuUb8tW6CD1365Mh.jpg
864,4553.0,https://image.tmdb.org/t/p/w500/diAYqR4xdF9Hnj7qun6DEQhRrT2.jpg,https://image.tmdb.org/t/p/w500/hi3lxLd93iKwCmVAfhMV9m1k2jr.jpg
865,4566.0,https://image.tmdb.org/t/p/w500/hhkW4yVIGo8Bee3UITKvqOvhNMG.jpg,https://image.tmdb.org/t/p/w500/8j6GP3wOkUDIC7DZDsAyaDsr1el.jpg
868,4599.0,https://image.tmdb.org/t/p/w500/ubZin4oGXYp6hCn3WU6nrBre62y.jpg,https://image.tmdb.org/t/p/w500/lw5YfNEZaxWo7Q7sn76bLUlyAhi.jpg
869,4614.0,https://image.tmdb.org/t/p/w500/3E4LW4bjRhEMDeeXeIsmkJ94v8K.jpg,https://image.tmdb.org/t/p/w500/455z1puGQRuMKumAaDttSEEzqg1.jpg
870,4638.0,https://image.tmdb.org/t/p/w500/zPib4ukTSdXvHP9pxGkFCe34f3y.jpg,https://image.tmdb.org/t/p/w500/9rMSCFH9zhv1vILpEZQlUJs9iUm.jpg
871,4657.0,https://image.tmdb.org/t/p/w500/zozfpvbl8OezjqBsgFByTGkbnw8.jpg,https://image.tmdb.org/t/p/w500/qH6e13I6ScnJ8JGkbbChYsZ7puK.jpg
872,4688.0,https://image.tmdb.org/t/p/w500/447c8Te3DXC46rQvDEixKGO4dS6.jpg,https://image.tmdb.org/t/p/w500/s2mJnlqvRwVo1XpnmuPGvWso7pJ.jpg
873,4723.0,https://image.tmdb.org/t/p/w500/7dbIDQ80z4bxiDlAvxRwc5TI44C.jpg,https://image.tmdb.org/t/p/w500/oaT5yMG61XetddVmymGrDVeoCg4.jpg
874,4806.0,https://image.tmdb.org/t/p/w500/wzivR0yWJStVdhcl0A5rQvVdTQ7.jpg,https://image.tmdb.org/t/p/w500/kvZxYVwy75O35YqvkHztYijFVRE.jpg
875,4816.0,https://image.tmdb.org/t/p/w500/gjcl07r9zgQ9tVo9alyHmysPFfX.jpg,https://image.tmdb.org/t/p/w500/9oRbHgbJf1Zr2fct8jBIKadpKya.jpg
876,4824.0,https://image.tmdb.org/t/p/w500/oXF26QmDEaRaH9Fbhs3NXtcnryx.jpg,https://image.tmdb.org/t/p/w500/ctu2jbJ4NpQX2SKXdIMCYfwDCsO.jpg
877,4836.0,https://image.tmdb.org/t/p/w500/rDOxXteqxALBaSa3V3zTjGJuyWB.jpg,https://image.tmdb.org/t/p/w500/tUjgRaqoTPgQKfqDx8PjVbpPWrG.jpg
879,4911.0,https://image.tmdb.org/t/p/w500/ekW39lKhQ3L3rdOgzyF3d0CoPLV.jpg,https://image.tmdb.org/t/p/w500/dmpYhHScw2B0PD9XM0HG0NF0q7T.jpg
881,4922.0,https://image.tmdb.org/t/p/w500/26wEWZYt6yJkwRVkjcbwJEFh9IS.jpg,https://image.tmdb.org/t/p/w500/2fswjyrY3GEzeoVn6mF8pNeNcgf.jpg
883,4935.0,https://image.tmdb.org/t/p/w500/13kOl2v0nD2OLbVSHnHk8GUFEhO.jpg,https://image.tmdb.org/t/p/w500/nv5wwZou159v5OC61i4ElR7OqyY.jpg
884,4942.0,https://image.tmdb.org/t/p/w500/dl2yu8iuwG3dqbpjalm2odadRaH.jpg,https://image.tmdb.org/t/p/w500/p6sqf1ujNfaQepZgVC7j3E0dU0B.jpg
886,4951.0,https://image.tmdb.org/t/p/w500/ujERk3aKABXU3NDXOAxEQYTHe9A.jpg,https://image.tmdb.org/t/p/w500/yvPbncYhMu9FfTjDhq0N5lgnVkO.jpg
887,4953.0,https://image.tmdb.org/t/p/w500/f0oX20YrQEiVPDH9InCQ1d3Cm66.jpg,https://image.tmdb.org/t/p/w500/nbmPpumlhuR8jcmW4buPQzliKU3.jpg
889,4959.0,https://image.tmdb.org/t/p/w500/fneofXacvudxNUKyM61UtoilHRI.jpg,https://image.tmdb.org/t/p/w500/rX7EDn70R2L0ijCPRbz5cjoQ73h.jpg
890,4960.0,https://image.tmdb.org/t/p/w500/5UwdhrjXhUgsiDhe1dpS9z4yj7q.jpg,https://image.tmdb.org/t/p/w500/insPcjOIWFf6Uc9DR0ORgXATqSM.jpg
892,4965.0,https://image.tmdb.org/t/p/w500/7Uy4JbalP0mEyKnFW2IorQDmbBa.jpg,https://image.tmdb.org/t/p/w500/dv4tLF2gISz3w1e9YK3rK1jxpLj.jpg
893,4967.0,https://image.tmdb.org/t/p/w500/9NF199FTvHr9ggqdBTVbPhF1MGk.jpg,https://image.tmdb.org/t/p/w500/3xJFFU3YF9WcpK2WXDF15zVcSQZ.jpg
894,4970.0,https://image.tmdb.org/t/p/w500/frSGNQcWx1ek8dCduFYCux1ho7n.jpg,https://image.tmdb.org/t/p/w500/eLBHPVQkJZyaSEUAGAFWNJJwmeo.jpg
896,4995.0,https://image.tmdb.org/t/p/w500/2hVSN9yOfoI8EUTqcVW6zCIyQ1G.jpg,https://image.tmdb.org/t/p/w500/ArpTzQZHWh4UVsgUvV6S7WjTq1n.jpg
897,12092.0,https://image.tmdb.org/t/p/w500/20cvfwfaFqNbe9Fc3VEHJuPRxmn.jpg,https://image.tmdb.org/t/p/w500/tyj0QztA0PkYo6XauifWjkx7UVi.jpg
898,5038.0,https://image.tmdb.org/t/p/w500/ekAIg0GSbbHTH7y1GPgWj0brLTW.jpg,https://image.tmdb.org/t/p/w500/uU7Ctqx6V27BXWhWgxcnFWaYYHz.jpg
900,5123.0,https://image.tmdb.org/t/p/w500/oA6ZeICPINiS6YtD5WZeBaGVmuT.jpg,https://image.tmdb.org/t/p/w500/i3pONuqGZSR3UYOOdBeU2CiQnxj.jpg
901,5125.0,https://image.tmdb.org/t/p/w500/uW8gNhIJkNabd0AIafWqFRxB8Os.jpg,https://image.tmdb.org/t/p/w500/hVgbeqLYbbrT23pryiR0Oz009CM.jpg
902,5126.0,https://image.tmdb.org/t/p/w500/amRUHHflkZsbcvRnfJN9ZKxv8R3.jpg,https://image.tmdb.org/t/p/w500/hAvQYr8vpK9OlJHwn4ft0ETKzRD.jpg
903,5137.0,https://image.tmdb.org/t/p/w500/pFJDXKg280uKiXG3eorscwV68D7.jpg,https://image.tmdb.org/t/p/w500/mTWwWXuqF65CthgoA4j2Pd0bWwz.jpg
904,5172.0,https://image.tmdb.org/t/p/w500/19uGc8wW3Ert1QvMYxvnReQkFMc.jpg,https://image.tmdb.org/t/p/w500/l4hWbdxXompHvLIR0bl3m3WromI.jpg
905,5174.0,https://image.tmdb.org/t/p/w500/mp9CzKxLa2i7yblMXUrzVfGqsCo.jpg,https://image.tmdb.org/t/p/w500/ozsLB1HRCN6ZAmJN89pWtoiAwnb.jpg
906,5175.0,https://image.tmdb.org/t/p/w500/aBQf2vMiCINeVC9v6BGVYKXurTh.jpg,https://image.tmdb.org/t/p/w500/vPJwn9pp5f58CqdaXU3eOSLoJkl.jpg
907,5176.0,https://image.tmdb.org/t/p/w500/voMB69AsLnPNmtfbrBl0lbeFKDH.jpg,https://image.tmdb.org/t/p/w500/2eznGndOi8s9CGReAvcQ8PEULwm.jpg
908,5178.0,https://image.tmdb.org/t/p/w500/cSoUB8SFcVNaCFs1b3dTN3niYck.jpg,https://image.tmdb.org/t/p/w500/yMPKlAScFj19It2QaTe7nk20JWZ.jpg
909,5236.0,https://image.tmdb.org/t/p/w500/aWfjIkpENFX6Uw82pET7EQ6jnrd.jpg,https://image.tmdb.org/t/p/w500/kKdBNPXfjENj3wG5qtiCrZ2wflp.jpg
910,5255.0,https://image.tmdb.org/t/p/w500/eOoCzH0MqeGr2taUZO4SwG416PF.jpg,https://image.tmdb.org/t/p/w500/jtOvTVlkF8TlaOq94oNXRc9u2yp.jpg
911,5279.0,https://image.tmdb.org/t/p/w500/7r8DeZuaaHCiOEbkqZC6MFmwJ69.jpg,https://image.tmdb.org/t/p/w500/936dZMmlCejiIzDe5jWsxdTSoOf.jpg
913,5393.0,https://image.tmdb.org/t/p/w500/geXsapJfihg78gVDvEVPoK5c07y.jpg,https://image.tmdb.org/t/p/w500/zBW4LZyYi0Moqz82BTkEQzR7h0z.jpg
916,5503.0,https://image.tmdb.org/t/p/w500/b3rEtLKyOnF89mcK75GXDXdmOEf.jpg,https://image.tmdb.org/t/p/w500/7WVRxZ7KZmzoHnUkAjnEFT4o6Dw.jpg
917,5516.0,https://image.tmdb.org/t/p/w500/l4g9R39NCp6VaYFrw6q8JwKNW9x.jpg,https://image.tmdb.org/t/p/w500/mdaBC7yEcorGC4uI9U5CEyfWsvK.jpg
918,5528.0,https://image.tmdb.org/t/p/w500/hUl7gSvkGygyk9wt3zy5NqpC5bb.jpg,https://image.tmdb.org/t/p/w500/eWYrrdCKd4bjOKB9DB0HtRUhI1o.jpg
919,5550.0,https://image.tmdb.org/t/p/w500/ppLSSwCuC5ERRWbu9H3R8SPL9AM.jpg,https://image.tmdb.org/t/p/w500/uxYlITKYX1x1lhMpYiH60Z8Udu8.jpg
920,5551.0,https://image.tmdb.org/t/p/w500/hPzt1bbA1sUDQOl6Vujmyz2hjLN.jpg,https://image.tmdb.org/t/p/w500/sUye6BrOjlpoAKRMjcP0YwiUvHW.jpg
921,5559.0,https://image.tmdb.org/t/p/w500/tX2mgKFUkzFMZingSVD4vioZNz2.jpg,https://image.tmdb.org/t/p/w500/uRZhr7zzaxeidLq2eYL59ulh4vn.jpg
922,5689.0,https://image.tmdb.org/t/p/w500/hg57Zr63A96mpIQKHxOjHYqCVhI.jpg,https://image.tmdb.org/t/p/w500/4HYBkZPz2Gb7LWXludvvOfATzGS.jpg
923,5708.0,https://image.tmdb.org/t/p/w500/jOJiaOhwrDdwqTRZvZOhbndqHGp.jpg,https://image.tmdb.org/t/p/w500/dwxdn3ppDAn7QtaLlhGDEErWfg9.jpg
924,5722.0,https://image.tmdb.org/t/p/w500/eslylQSssnNIV4f06fHtfxPTH3I.jpg,https://image.tmdb.org/t/p/w500/4ms1JNHHpW4rwEXnjyhLN7IP0PZ.jpg
925,5723.0,https://image.tmdb.org/t/p/w500/7nW363kSYRCkr4VGOMvuSGwtzKs.jpg,https://image.tmdb.org/t/p/w500/p1XSyBriqz7oBWoVcRqYlB6Kve3.jpg
926,5759.0,https://image.tmdb.org/t/p/w500/pO3Au8iDpZsJt7Xco6fRsNvm3vz.jpg,https://image.tmdb.org/t/p/w500/k5uh8veAdTC7VLkcNsFerWFGedh.jpg
927,5769.0,https://image.tmdb.org/t/p/w500/yKuZKLMhe74PJzaxYLh2s8h4P2P.jpg,https://image.tmdb.org/t/p/w500/cbHhPCdSdoMpjaLazz7gDS2WYpz.jpg
928,5780.0,https://image.tmdb.org/t/p/w500/7XC1l9eP2TBYMEdA4KRUqKAFmbm.jpg,https://image.tmdb.org/t/p/w500/84jdp4kDVL9jm5VmWyELd7K13jw.jpg
929,5820.0,https://image.tmdb.org/t/p/w500/wPFVeVYuFhCnnOAZZHpMROCbssE.jpg,https://image.tmdb.org/t/p/w500/ewbqfunOZKC3qcMx6dc3R2oXnDz.jpg
930,5822.0,https://image.tmdb.org/t/p/w500/ykGkbDp1QxQTM3UUrUvowtXLI0i.jpg,https://image.tmdb.org/t/p/w500/w3HmBVzzawXuLmZzbs2jEh5TdVE.jpg
931,5852.0,https://image.tmdb.org/t/p/w500/6ZeMoynnz4pRweKKZ9c2G1absMJ.jpg,https://image.tmdb.org/t/p/w500/6r38uhBZTZl0KGfEcfi3HNP2N0z.jpg
932,5854.0,https://image.tmdb.org/t/p/w500/oQ9QbyBuIM2uYaheSKjs2x1xIQV.jpg,https://image.tmdb.org/t/p/w500/gc3eJlBJQfYHRkCko3BBZEtcbPd.jpg
933,5876.0,https://image.tmdb.org/t/p/w500/c4UgUKZjM0Qzy5t4hAXSOFHYsnb.jpg,https://image.tmdb.org/t/p/w500/76J14zgwVWyOciri7X7F3DGP3TA.jpg
934,5900.0,https://image.tmdb.org/t/p/w500/jmAQ4eXd5GCvYFrmoI0fKLr1zuD.jpg,https://image.tmdb.org/t/p/w500/tQy94y8ryHjoBsOo93cKZ61nlTu.jpg
935,5902.0,https://image.tmdb.org/t/p/w500/lszOk3Xmh7qpLaM9J4K9E6ADLk1.jpg,https://image.tmdb.org/t/p/w500/1oRug23GWxgyQmqQGbX7ke974lp.jpg
936,5915.0,https://image.tmdb.org/t/p/w500/jnLnLYP5pGDfri04gxtAqAvkHMw.jpg,https://image.tmdb.org/t/p/w500/87tmTU1NSR5EUGTKsF5rhLwZtZc.jpg
937,5925.0,https://image.tmdb.org/t/p/w500/gBH4H8UMFxl139HaLz6lRuvsel8.jpg,https://image.tmdb.org/t/p/w500/lb87H6BFXXKMJlUnDHvPOMGfh8z.jpg
938,5955.0,https://image.tmdb.org/t/p/w500/9QOzFL3FPMAUNNPrNiKC3mEDxco.jpg,https://image.tmdb.org/t/p/w500/o62VYsoyEUYgYMn21Thd9GHTuUE.jpg
939,5966.0,https://image.tmdb.org/t/p/w500/7Tp16THdpHkMrqgoiDresDz9CWL.jpg,https://image.tmdb.org/t/p/w500/d0oHN3xA6TxOvADW64OiyYFpLOf.jpg
940,5971.0,https://image.tmdb.org/t/p/w500/5XBVURkON7jyzxr0cONWeTbgAov.jpg,https://image.tmdb.org/t/p/w500/tWEz8BNLThtkbyXLIgHxilViHLK.jpg
941,5994.0,https://image.tmdb.org/t/p/w500/9wToOVsKuf0XeKhlauzCa3D8Gui.jpg,https://image.tmdb.org/t/p/w500/gnosJeDIDQXy9uDewXphEpDWNYT.jpg
942,6007.0,https://image.tmdb.org/t/p/w500/i4o9u93vR7setcwVeL87jGwc8CS.jpg,https://image.tmdb.org/t/p/w500/mGTTk3v32wEk8TDkxsfMnlqSb8H.jpg
943,6016.0,https://image.tmdb.org/t/p/w500/TMlSiPuj9LymfwPiKFiRRnhkRq.jpg,https://image.tmdb.org/t/p/w500/glPLQhUruqkHuqwcN5DNwAjAlzi.jpg
944,6020.0,https://image.tmdb.org/t/p/w500/yBhRjKi16T9R3GJepPwS6ARViBi.jpg,https://image.tmdb.org/t/p/w500/ySYMPpD6eCBRD1YU1HK5ZKEN1gE.jpg
945,6023.0,https://image.tmdb.org/t/p/w500/x6M9nlTpgpI4AOw0tMkOAVbhL5z.jpg,https://image.tmdb.org/t/p/w500/7JrXKA5vkyqITySzbx8iZB89ivk.jpg
946,6038.0,https://image.tmdb.org/t/p/w500/vVNQStMlZS9mn2AKBEpadRunHgt.jpg,https://image.tmdb.org/t/p/w500/AoXqOWzD0HGZttYi0wHMvvGJZhZ.jpg
947,6068.0,https://image.tmdb.org/t/p/w500/fzWrrCzRa16v51TXAUuT6Wendw7.jpg,https://image.tmdb.org/t/p/w500/9rzH8WD96rJTM31bHjxsLrQDV2G.jpg
948,6071.0,https://image.tmdb.org/t/p/w500/2cCxEqeIy6Q8HgVjfT7obOnF5Zi.jpg,https://image.tmdb.org/t/p/w500/p9PdDRIiQfjGtg21xHOPVD7jZyy.jpg
949,6073.0,https://image.tmdb.org/t/p/w500/5GqF6rVjUW6CVTuj7w1A2JE49AF.jpg,https://image.tmdb.org/t/p/w500/nfG7okcUaUknI8HsDg25eQpQu3L.jpg
950,6106.0,https://image.tmdb.org/t/p/w500/c5JgUmzN7syTFy9suwoHF3vhNsN.jpg,https://image.tmdb.org/t/p/w500/6DSXD0cSOOQJd9YX7KUekv6bKLr.jpg
951,6114.0,https://image.tmdb.org/t/p/w500/jSxCIZXudp5q8wQO8VERGX8hRAl.jpg,https://image.tmdb.org/t/p/w500/88S6EYQBVyQktDfSqsB33I169jN.jpg
952,6116.0,https://image.tmdb.org/t/p/w500/yWK6Wz8kHPlBcWW9BzZm2Dm0cOl.jpg,https://image.tmdb.org/t/p/w500/zZEJu3db4Ld4urK5klPvQxkWzaX.jpg
953,6171.0,https://image.tmdb.org/t/p/w500/lLhvwLNU4pLgvaNREVFaQ4n3lCf.jpg,https://image.tmdb.org/t/p/w500/fKEF2MD4tA8G9Eywqq0k9E76sxw.jpg
954,6217.0,https://image.tmdb.org/t/p/w500/nYcQnkbTD4LDmp11HCReQuUoMKD.jpg,https://image.tmdb.org/t/p/w500/f6bYn4s7fa24XVzUvvkbezc81aw.jpg
955,6278.0,https://image.tmdb.org/t/p/w500/vZVXCj3jXzIPJUHLaQohzt2uTM3.jpg,https://image.tmdb.org/t/p/w500/gAozjuCvXYyrxhpkb0P4SuLnEkV.jpg
956,6282.0,https://image.tmdb.org/t/p/w500/xYM0laKrEqjiRSQNvqRrXPXN3iL.jpg,https://image.tmdb.org/t/p/w500/f2MzXz3vjuNtSPn17ugFa6oTUmc.jpg
958,6435.0,https://image.tmdb.org/t/p/w500/AwmToSgf2IL3aHv0QRVsR5KvChv.jpg,https://image.tmdb.org/t/p/w500/mGznDQ8opBuRd004ChVWhDqjAyW.jpg
961,6466.0,https://image.tmdb.org/t/p/w500/f9ZASRUfl8Jlco7rgRx3ujPR0P7.jpg,https://image.tmdb.org/t/p/w500/hCAOQTMRop2fHjsl8n7yNwpkMJn.jpg
962,6477.0,https://image.tmdb.org/t/p/w500/3s3WvpKPXXeKAPketDDqiQTi20S.jpg,https://image.tmdb.org/t/p/w500/lKkkogTlIQT8o83GFQZZ3CA9MzB.jpg
963,6478.0,https://image.tmdb.org/t/p/w500/wIewPJNyyTIMI5rQzcElc23jenW.jpg,https://image.tmdb.org/t/p/w500/6lqG65kS1z3WrquVosNmb3uhBY5.jpg
964,6479.0,https://image.tmdb.org/t/p/w500/iPDkaSdKk2jRLTM65UOEoKtsIZ8.jpg,https://image.tmdb.org/t/p/w500/ePgD1cwmklyrFBjl6z96IuixuSY.jpg
965,6488.0,https://image.tmdb.org/t/p/w500/lHjpwv1Yv2RcGcTQb4Lc1cKw1y9.jpg,https://image.tmdb.org/t/p/w500/w1PDaPJuW3D1TfSxesY7nGZZYS7.jpg
966,6519.0,https://image.tmdb.org/t/p/w500/2ZrNyYJEgE0VIqhelQPqFTR20xF.jpg,https://image.tmdb.org/t/p/w500/luOLydz3H319kUl79MbBcfGsCgz.jpg
967,6520.0,https://image.tmdb.org/t/p/w500/dJH5bwtu3UxbwRsSlhlhmMrV8ZH.jpg,https://image.tmdb.org/t/p/w500/tsgEdYjwWVhdGHv01djx7KdXDJm.jpg
968,6521.0,https://image.tmdb.org/t/p/w500/duRe0F2GYHIDvqe2bqIAMP4gWeP.jpg,https://image.tmdb.org/t/p/w500/9Ozm2xSLu292GTo06JJrlkGGDfq.jpg
969,6537.0,https://image.tmdb.org/t/p/w500/vIpi1KtHLXUOfSVC2m6MqpjSPgL.jpg,https://image.tmdb.org/t/p/w500/g6pNnKmvTkNlEvn0ScwstYvhFE.jpg
970,6538.0,https://image.tmdb.org/t/p/w500/45FghqcdSYRWK7PsHUInaFPNd8l.jpg,https://image.tmdb.org/t/p/w500/7k6VuqGQsAgxJBtnLiGOTtkznRU.jpg
971,6552.0,https://image.tmdb.org/t/p/w500/mCO4gU1lkViGXTkoRBEYrvjDIJu.jpg,https://image.tmdb.org/t/p/w500/vSX4JjjifAUnF4PD5J9czE4Fz0C.jpg
972,6557.0,https://image.tmdb.org/t/p/w500/rEfourJfgEyKiewwH8ZkUYt9AqE.jpg,https://image.tmdb.org/t/p/w500/esArWR9sImBpEgq3sHCPyP5mcfd.jpg
973,6575.0,https://image.tmdb.org/t/p/w500/Aa1IQ4Cuin3d7qIahvPheMmR4E5.jpg,https://image.tmdb.org/t/p/w500/axg73mVxiZcE9Pzynu2uj1TYIgj.jpg
974,6615.0,https://image.tmdb.org/t/p/w500/nkAt4a7KIPc7Fi1BhxNHhYYbe2b.jpg,https://image.tmdb.org/t/p/w500/2KeicelocjfYzViherowQn69moR.jpg
975,6623.0,https://image.tmdb.org/t/p/w500/hc3p6pvIrfO4AmrVLb6qTviOwW2.jpg,https://image.tmdb.org/t/p/w500/lwEuFWTUsXbQWF6wU3Ui7mcAoId.jpg
976,6639.0,https://image.tmdb.org/t/p/w500/lU3uvWGQlWeySxrUlJpxNaHW2Ra.jpg,https://image.tmdb.org/t/p/w500/qD4oylPXPLxQCULTWPzhwWSeEVI.jpg
977,6687.0,https://image.tmdb.org/t/p/w500/dhTOda5CLp9tEdDzQZiqBTdv5lR.jpg,https://image.tmdb.org/t/p/w500/dpSrTZIWeI3u025LSUOjV9FHFvf.jpg
978,6795.0,https://image.tmdb.org/t/p/w500/gDb5BW2NLqZ9cvg9nyzkZVvmgze.jpg,https://image.tmdb.org/t/p/w500/s9Bn7Mx4U9cWOR1WdFZjU1DTAkh.jpg
979,6877.0,https://image.tmdb.org/t/p/w500/omReuKQ8ItWYD5pOLmsKh3MF24w.jpg,https://image.tmdb.org/t/p/w500/3fFVHmZcSIzG0ACExUz6pAhcSAR.jpg
980,6933.0,https://image.tmdb.org/t/p/w500/9pIvQaQV0sMHx7d3Ys9qTK9YqTZ.jpg,https://image.tmdb.org/t/p/w500/s4hyfEJIFsOVnaEuoa3qoaVMV0u.jpg
981,6947.0,https://image.tmdb.org/t/p/w500/v7UvYtKfIVaHLaHwVgfalyrK7Ho.jpg,https://image.tmdb.org/t/p/w500/lxwCRTWWfCisuarrFFUhW43eBnW.jpg
982,6950.0,https://image.tmdb.org/t/p/w500/4KymNvlWR0XF0sqX2BWRd9Z3yXR.jpg,https://image.tmdb.org/t/p/w500/jwwltwI2uLpxhIUReucyLBkL8dg.jpg
984,6961.0,https://image.tmdb.org/t/p/w500/x3o3VMEdwct54uLZmuzI4iyi2Zh.jpg,https://image.tmdb.org/t/p/w500/jOF3m9ajvpxGAoYvUzFsgZ4mAqJ.jpg
985,6963.0,https://image.tmdb.org/t/p/w500/oQilVzOxLPxvBn9hAuvGpKTpONM.jpg,https://image.tmdb.org/t/p/w500/wn2zysoNM6QncXEw9MyvSGJ6eS1.jpg
986,6964.0,https://image.tmdb.org/t/p/w500/1cpdqe0SpiHzzbOLq9GDUUlZdSl.jpg,https://image.tmdb.org/t/p/w500/xTQXtSQQZY5ZbJ1GxEcSCRP4aWV.jpg
988,6972.0,https://image.tmdb.org/t/p/w500/tFQpccGMTWe24eWxK5U9rb7tK3M.jpg,https://image.tmdb.org/t/p/w500/kPmdc2OhVONoxdGXA8oJ6dqC3HL.jpg
989,6973.0,https://image.tmdb.org/t/p/w500/ufCkeypovY01Dm123I2aPvGUA5H.jpg,https://image.tmdb.org/t/p/w500/8u5IUOsk2xdfpSj0ljrNHf6MKM8.jpg
991,6978.0,https://image.tmdb.org/t/p/w500/gI2Qs1yTTj3NcESJyttCkbmJ4k9.jpg,https://image.tmdb.org/t/p/w500/mAxA5ltgqNXLXlm7PO5XrWSo9U1.jpg
993,7191.0,https://image.tmdb.org/t/p/w500/qIegUGJqyMMCRjkKV1s7A9MqdJ8.jpg,https://image.tmdb.org/t/p/w500/6ms6RdNcQUAnjBY26aM85xC2wV0.jpg
994,7214.0,https://image.tmdb.org/t/p/w500/y3HOTTyM5nLsdUzXFtFCohG28qj.jpg,https://image.tmdb.org/t/p/w500/n4CvA50GBtIPrSqCl8nMNZCliYI.jpg
995,7220.0,https://image.tmdb.org/t/p/w500/7rmA1HwYp2GKM85BL0cVwCaosGr.jpg,https://image.tmdb.org/t/p/w500/ziexSS07RmowuyqAdJMh1sGxjHg.jpg
996,7278.0,https://image.tmdb.org/t/p/w500/DWQOjAPvM8Kk1Qp3Xq0zae0Z6w.jpg,https://image.tmdb.org/t/p/w500/8D3dBwSoPSGWRusbTYS8oR1tAu9.jpg
997,7288.0,https://image.tmdb.org/t/p/w500/mCQ4oO9djqcthBRD3ftTnR8qSP7.jpg,https://image.tmdb.org/t/p/w500/peQaGE36oX0ClMj1xOPPzQxF1MM.jpg
998,7299.0,https://image.tmdb.org/t/p/w500/yQuovle5Ov6q69XSdTNdH52eANc.jpg,https://image.tmdb.org/t/p/w500/dQutbCXdvcoRORJTcnakrICCkDb.jpg
999,7301.0,https://image.tmdb.org/t/p/w500/z5wh9kFxpqC6bKB7TUx7j6X7BOq.jpg,https://image.tmdb.org/t/p/w500/qzUY5BlilSqg18glC6YzCePuDc0.jpg
1000,7303.0,https://image.tmdb.org/t/p/w500/gnEuTYH3jhHxl80QyoPfZjEYd0J.jpg,https://image.tmdb.org/t/p/w500/l5sD0AK286fBpXyDHRCbtaFMArN.jpg
1002,7305.0,https://image.tmdb.org/t/p/w500/uQACcCZqd7WCTRin9xRIW5gr1bd.jpg,https://image.tmdb.org/t/p/w500/qHXdyDBgetOyetVkWGzHYGp7L72.jpg
1003,7326.0,https://image.tmdb.org/t/p/w500/jNIn2tVhpvFD6P9IojldI3mNYcn.jpg,https://image.tmdb.org/t/p/w500/sRXMmeNHTSWRYdDz3zaHNyyPJ0u.jpg
1004,7341.0,https://image.tmdb.org/t/p/w500/jJmIf22gwwQPAFJfZ6Tr1MwSpRg.jpg,https://image.tmdb.org/t/p/w500/AiswLMQwcqzg5aGgOnNwHczA56v.jpg
1005,7345.0,https://image.tmdb.org/t/p/w500/fa0RDkAlCec0STeMNAhPaF89q6U.jpg,https://image.tmdb.org/t/p/w500/9UAKA6ceZi6TgQwTAAMt7DWwYPI.jpg
1006,7347.0,https://image.tmdb.org/t/p/w500/lwIXz785N2fXi8hsBr1IXciFlkM.jpg,https://image.tmdb.org/t/p/w500/huUgrGkCetYSkDl5fMvZCXCbFKl.jpg
1007,7350.0,https://image.tmdb.org/t/p/w500/idbNSe8zsYKQL97dJApfOrDSdya.jpg,https://image.tmdb.org/t/p/w500/6OpluXPGIE8hfVrhpeygR7p4XwR.jpg
1009,7443.0,https://image.tmdb.org/t/p/w500/8XgmIsbpVamdhwcNVsYzohFZTtT.jpg,https://image.tmdb.org/t/p/w500/3eYkMSjWbvTaZso7ow5ub9ikNNq.jpg
1010,7445.0,https://image.tmdb.org/t/p/w500/skHqceAFYee0JZuYd9MVk2IQggi.jpg,https://image.tmdb.org/t/p/w500/xERofiEyzGekTNi3oIppQvdLDZB.jpg
1011,7446.0,https://image.tmdb.org/t/p/w500/zAurB9mNxfYRoVrVjAJJwGV3sPg.jpg,https://image.tmdb.org/t/p/w500/4pLi4QMm0MZ9TSoF3l8qQmY9HNO.jpg
1012,7450.0,https://image.tmdb.org/t/p/w500/el2iHk3LTJWfEnwrvcRkvWY501G.jpg,https://image.tmdb.org/t/p/w500/t0VWB5Kc5o38w5YYgzReArrGiZ8.jpg
1013,7451.0,https://image.tmdb.org/t/p/w500/xeEw3eLeSFmJgXZzmF2Efww0q3s.jpg,https://image.tmdb.org/t/p/w500/qwK9soQmmJ7kRdjLZVXblw3g7AQ.jpg
1015,7459.0,https://image.tmdb.org/t/p/w500/rVNpkV6ksY1hqjkun1WCTxqyK9v.jpg,https://image.tmdb.org/t/p/w500/4CLeg52cRU2hBZk2O6bvsAf57sD.jpg
1016,7461.0,https://image.tmdb.org/t/p/w500/9xA1KaGoYQJveY3C87J41Au5Kkn.jpg,https://image.tmdb.org/t/p/w500/5c3RpVjkNzrguLUBHqOG1kFI5Kb.jpg
1017,7484.0,https://image.tmdb.org/t/p/w500/w5Lctmkc1yah215Luxmci4djaiW.jpg,https://image.tmdb.org/t/p/w500/wttDKH1WRXGpebDVzrqnVSdh15u.jpg
1018,7485.0,https://image.tmdb.org/t/p/w500/2aWGxo1E5polpBjPvtBRkWp7qaS.jpg,https://image.tmdb.org/t/p/w500/uy2trYgO8MOQfQXlvMaLhBnkUqg.jpg
1019,7501.0,https://image.tmdb.org/t/p/w500/oYqsIxxIfJMRHiNEMLzgG81brkY.jpg,https://image.tmdb.org/t/p/w500/eZTEtIU8AORfmVa7YcRBlAfbgA1.jpg
1020,2460.0,https://image.tmdb.org/t/p/w500/AeswDyMS7DS8c66vrnLZxXXbLT1.jpg,https://image.tmdb.org/t/p/w500/y4pVhEtlQ3CuHs7jfaceKm56qzS.jpg
1021,83.0,https://image.tmdb.org/t/p/w500/7Gy5N0Yp7ocaKBR860v9KDbpYHj.jpg,https://image.tmdb.org/t/p/w500/58BUQzjN6TH0bLe6JEfgMbHc55u.jpg
1022,7510.0,https://image.tmdb.org/t/p/w500/pbWUFYyyZzawsYljkbIKmDxQN8Y.jpg,https://image.tmdb.org/t/p/w500/8pkD8os8efLv2qYWc9xSjMvlaCU.jpg
1023,7512.0,https://image.tmdb.org/t/p/w500/6cTHBq49ApwsJaRr3ojlY1cmiXk.jpg,https://image.tmdb.org/t/p/w500/9Z4msMhKvNp63sOB1ZvxPMPvqz3.jpg
1024,7515.0,https://image.tmdb.org/t/p/w500/zvNHklUZcrwdN8xpL7Vsqedru5l.jpg,https://image.tmdb.org/t/p/w500/uqchYxRnt7QRRRPa6Dm5NFigDXW.jpg
1025,7516.0,https://image.tmdb.org/t/p/w500/nrdnN8WqvyOt8Bnl3hgWcZD6ZyM.jpg,https://image.tmdb.org/t/p/w500/mvWYpXsgeZiJ1GKrl0Nb1pwJI7I.jpg
1027,7547.0,https://image.tmdb.org/t/p/w500/5faIZQlDLIKEH8zLBf1oKrbHIXv.jpg,https://image.tmdb.org/t/p/w500/3rBP8uP67QDfBqwBxmgrbl0AoVs.jpg
1028,7548.0,https://image.tmdb.org/t/p/w500/11bd8chDHTPWUaUwIYIVIfwS99u.jpg,https://image.tmdb.org/t/p/w500/NdTaUaxHQzTIUupFKD2YmDT0o1.jpg
1029,7552.0,https://image.tmdb.org/t/p/w500/xTcIPKpzCqQUQixNPS0Rb7HPEAf.jpg,https://image.tmdb.org/t/p/w500/9srAE8f6r4Ln3i4B7QwuvaewKF.jpg
1030,7553.0,https://image.tmdb.org/t/p/w500/h3NJDiaaliUH35ApXPu8PFKZwWz.jpg,https://image.tmdb.org/t/p/w500/jaegX6b1InnSSUAagdr0NE2ABBS.jpg
1031,7735.0,https://image.tmdb.org/t/p/w500/vtJ4u0fpTZhibxAJHzXtcdCxhsL.jpg,https://image.tmdb.org/t/p/w500/bxQT6xCjejpGtgKl0QH8WUtrs33.jpg
1032,7737.0,https://image.tmdb.org/t/p/w500/6yaLr7Ymg5cvbtSVi5hHwBKx35I.jpg,https://image.tmdb.org/t/p/w500/5UgYt4ewCZZeX9HEG1Bk0ts4xu7.jpg
1033,7859.0,https://image.tmdb.org/t/p/w500/fdUCisMpTwy0oJOGwM7NrFFs400.jpg,https://image.tmdb.org/t/p/w500/tutGoHgPKTrgr1T6sfMZxN1V4E6.jpg
1034,7863.0,https://image.tmdb.org/t/p/w500/cbmThowj2XAW7lKlMAXmnhZvjGI.jpg,https://image.tmdb.org/t/p/w500/2NU8w8djgX6SzLrg7rN6yMXWAzC.jpg
1035,7870.0,https://image.tmdb.org/t/p/w500/qgyp48naq0W7j4NbOttFi91DlYW.jpg,https://image.tmdb.org/t/p/w500/AzFcxCHZlftO0aZTSnjGI6rGhy.jpg
1036,7873.0,https://image.tmdb.org/t/p/w500/raBWBnGz2X6FQ3iUwPwYQE4FrkY.jpg,https://image.tmdb.org/t/p/w500/lwK1HY1ml8bnTaQJzzcKfe2q93O.jpg
1037,7874.0,https://image.tmdb.org/t/p/w500/8Yv7kxsqXSe4ZHl8uJEhmsPjhAP.jpg,https://image.tmdb.org/t/p/w500/i8x7qxJvtROen1yny3270RtKgEa.jpg
1038,7913.0,https://image.tmdb.org/t/p/w500/f1bF8CHzEu621bPSIg6XiUNAabh.jpg,https://image.tmdb.org/t/p/w500/fgRhyGbMAolDsQ65VRBRBtVQZNn.jpg
1039,7942.0,https://image.tmdb.org/t/p/w500/2MZNPXJquIG8OcwajiR8YkCr7ak.jpg,https://image.tmdb.org/t/p/w500/lfNNJkJJXjkRke18vsgCH4a0nu8.jpg
1040,7944.0,https://image.tmdb.org/t/p/w500/rMVrNWWaO3xAWZHFUbeamWPzVAC.jpg,https://image.tmdb.org/t/p/w500/zzAuxUpfZDEspL33N3KlOCWxOLH.jpg
1041,7973.0,https://image.tmdb.org/t/p/w500/3YAAZuO0Rz33CrIO66NqxMS6R4y.jpg,https://image.tmdb.org/t/p/w500/xg3HpC1I0eDEREqF3RyDY21kzUh.jpg
1042,7978.0,https://image.tmdb.org/t/p/w500/fQqPoAHvHicie1ttuiV2q0yv9V7.jpg,https://image.tmdb.org/t/p/w500/kTDunJrHYsH6o1wmD6iT4wXkuHo.jpg
1046,8009.0,https://image.tmdb.org/t/p/w500/8Z8dptJEypuLoOQro1WugD855YE.jpg,https://image.tmdb.org/t/p/w500/2EfbAWLq8s2f1LxTAIuLGYpKETV.jpg
1050,8051.0,https://image.tmdb.org/t/p/w500/htYp4yqFu4rzBEIa6j9jP8miDm3.jpg,https://image.tmdb.org/t/p/w500/q8GwhIAttJwqmjDtbLW8JvEMMdw.jpg
1051,8053.0,https://image.tmdb.org/t/p/w500/uHOEb6mo45qMSJaZqbkVa7oW1Y7.jpg,https://image.tmdb.org/t/p/w500/3n4Bfg390okuusER56enINib0kL.jpg
1052,8054.0,https://image.tmdb.org/t/p/w500/DtrqQHa0wT9AWrk2WA9beROJJx.jpg,https://image.tmdb.org/t/p/w500/vBw4z7l3NI32th7nR34zqRgdvXS.jpg
1054,8060.0,https://image.tmdb.org/t/p/w500/AdJKmRh3AKX5CVCdwdw1dNTqEJ8.jpg,https://image.tmdb.org/t/p/w500/fvIj8fo9j6DifyMWopHevGVhFUQ.jpg
1055,8068.0,https://image.tmdb.org/t/p/w500/e3gwpBeXpvGZsxUya9zNym5QXrw.jpg,https://image.tmdb.org/t/p/w500/pBje8Zw42aEy7E2IxrCIw9jM4qC.jpg
1057,8077.0,https://image.tmdb.org/t/p/w500/xh5wI0UoW7DfS1IyLy3d2CgrCEP.jpg,https://image.tmdb.org/t/p/w500/lU0zVj8KcQVkPczdGGraYGiRC72.jpg
1058,8078.0,https://image.tmdb.org/t/p/w500/9aRDMlU5Zwpysilm0WCWzU2PCFv.jpg,https://image.tmdb.org/t/p/w500/ikr0UILfvRerzMNoBTtJtyuWAEV.jpg
1059,8080.0,https://image.tmdb.org/t/p/w500/sIIahTE5sfOJtieytf252kB9RcS.jpg,https://image.tmdb.org/t/p/w500/xLfBGBUnEkhwzn1lMRwZNxfregM.jpg
1060,8090.0,https://image.tmdb.org/t/p/w500/ySUwDRDEn01lKIMPQorpFCMLWqE.jpg,https://image.tmdb.org/t/p/w500/eIjrpeXSiSq0CN6AE44trDAPRau.jpg
1061,8095.0,https://image.tmdb.org/t/p/w500/bj7rUGUewofA9cpHt1h36gvDFfy.jpg,https://image.tmdb.org/t/p/w500/q7fBDmVcU0MWkc8sWt9IKj6YbVd.jpg
1062,8141.0,https://image.tmdb.org/t/p/w500/4C5VQVdE2YRBPhpZLnExk1XUzDZ.jpg,https://image.tmdb.org/t/p/w500/8WXGl3bMf363K3CZhy1nVsuAEiB.jpg
1063,8193.0,https://image.tmdb.org/t/p/w500/6Iv6Uwa2SBLN0dSGM00rdrwN4MJ.jpg,https://image.tmdb.org/t/p/w500/vVMMgWiQkXNB6YpE1ecs8FsXDh2.jpg
1064,8195.0,https://image.tmdb.org/t/p/w500/AirrhRJjHwytOV0pdLu7YZ4DEyr.jpg,https://image.tmdb.org/t/p/w500/frqahc6v8wt0p2Zo3XKBu2dg73z.jpg
1065,8197.0,https://image.tmdb.org/t/p/w500/4SYIV9cPixTWfjlDd44mGl6F05f.jpg,https://image.tmdb.org/t/p/w500/zDtIIaPdcRvZnvpD1qnI8v4nHOR.jpg
1066,8198.0,https://image.tmdb.org/t/p/w500/nLooNNrvzpf49G7HsB9siQT4036.jpg,https://image.tmdb.org/t/p/w500/fay6quwuE1sqGJ7R9I2PH5SNmTn.jpg
1069,8224.0,https://image.tmdb.org/t/p/w500/mhr9xRpjOBqlBjgDwtiOx6FsLvV.jpg,https://image.tmdb.org/t/p/w500/eEP8pyCmldfbnml0SFMvPK7kE4x.jpg
1070,8247.0,https://image.tmdb.org/t/p/w500/3pPZ9JhNz3VMmASVir5SMHvTDUU.jpg,https://image.tmdb.org/t/p/w500/1R4DZbEwWTPnRShBumJsOwsfAiB.jpg
1071,8265.0,https://image.tmdb.org/t/p/w500/cnUkc60SkI1PCY1SyfLFpZc0T7C.jpg,https://image.tmdb.org/t/p/w500/sBmLZreEkVK3bc6LLEyZFgKuxjk.jpg
1074,8273.0,https://image.tmdb.org/t/p/w500/pCO3lJv2PzPkJty29APxCVSjyoE.jpg,https://image.tmdb.org/t/p/w500/qW703anWHFXulRTKWOckAg9i70K.jpg
1075,8285.0,https://image.tmdb.org/t/p/w500/rZovzd9Oz3fQChXdKo3aT7EUVkj.jpg,https://image.tmdb.org/t/p/w500/xqgSXgSIkTvyU9vfUcBOd6GYflJ.jpg
1076,8291.0,https://image.tmdb.org/t/p/w500/6jE7Vzh3edBQtbbDcF4AC5gMX2g.jpg,https://image.tmdb.org/t/p/w500/lNvlerKoYwboltmK7hQfgxsYtNP.jpg
1077,8292.0,https://image.tmdb.org/t/p/w500/8cO39cnWSZQi2ncPG5TxL3YRzKc.jpg,https://image.tmdb.org/t/p/w500/2pITFeesu6aikrEknoH6bNXOdhk.jpg
1078,8293.0,https://image.tmdb.org/t/p/w500/1009nhfj28VhhQnVadtjkOacduX.jpg,https://image.tmdb.org/t/p/w500/novvibtQv0B4psRxuqvd8g2qS5M.jpg
1079,8321.0,https://image.tmdb.org/t/p/w500/vz3Vd6nfq9YZrVvyYx5RHFaYKV3.jpg,https://image.tmdb.org/t/p/w500/dtGxDOcFssdUUTYBr6M6INXTI1e.jpg
1080,8326.0,https://image.tmdb.org/t/p/w500/o2Dm2mcE1qW8vT0bpsJO5OMBbqa.jpg,https://image.tmdb.org/t/p/w500/cVMK2k0Wbs8DV3IK5sS4ziVenrI.jpg
1081,8328.0,https://image.tmdb.org/t/p/w500/vYdlRTvA5fneB88NchV3sirzCE1.jpg,https://image.tmdb.org/t/p/w500/h87R0iJBcUYcIOE2GEVEcpwtBd9.jpg
1082,8329.0,https://image.tmdb.org/t/p/w500/hgyJR4sgMsee6xMFM3xYiG6cDCh.jpg,https://image.tmdb.org/t/p/w500/xfrguTH6maYiGsC8FXiQ9N3lZXw.jpg
1083,8337.0,https://image.tmdb.org/t/p/w500/ngnybFTuopfbfmmEeX9jjBQQmF6.jpg,https://image.tmdb.org/t/p/w500/bwyLycDaQdS3rS4crpbYssYLJRy.jpg
1086,8355.0,https://image.tmdb.org/t/p/w500/cXOLaxcNjNAYmEx1trZxOTKhK3Q.jpg,https://image.tmdb.org/t/p/w500/6Ybbh8TrO8bkEfQXDedekLwVDfA.jpg
1087,8357.0,https://image.tmdb.org/t/p/w500/ghoM9gorKvgAcqkSJ6TDQcsObWN.jpg,https://image.tmdb.org/t/p/w500/8UbudSoPEbbCUGDnj56TbDK0jYy.jpg
1088,8358.0,https://image.tmdb.org/t/p/w500/7lLJgKnAicAcR5UEuo8xhSMj18w.jpg,https://image.tmdb.org/t/p/w500/oCFVYPXI4IfhtF3GapU2jkDicDI.jpg
1089,8359.0,https://image.tmdb.org/t/p/w500/niHi0hJSryO5DpSVNCMASc3EELc.jpg,https://image.tmdb.org/t/p/w500/vstpnfQNVyilkmXjmCzfIVwGwjg.jpg
1090,8363.0,https://image.tmdb.org/t/p/w500/ek8e8txUyUwd2BNqj6lFEerJfbq.jpg,https://image.tmdb.org/t/p/w500/coru98UcFBzJIU7bxZguxaePgu0.jpg
1092,8373.0,https://image.tmdb.org/t/p/w500/pLBb0whOzVDtJvyD4DPeQyQNOqp.jpg,https://image.tmdb.org/t/p/w500/bH1bhjn37uA1zOPvyHbzJSvza7v.jpg
1094,8386.0,https://image.tmdb.org/t/p/w500/qWF784YqUZE8KhbBfuqhMSzmUPs.jpg,https://image.tmdb.org/t/p/w500/lFn8azDMDXa1vEhW0DTfY7GNFDi.jpg
1095,8390.0,https://image.tmdb.org/t/p/w500/7eS5RurcMyi8eVUDenaCjPGAzJ2.jpg,https://image.tmdb.org/t/p/w500/myH9ZNzJqJJVldyZJIeGDoqPFfO.jpg
1096,8408.0,https://image.tmdb.org/t/p/w500/bi7SO5F4VyyGQTlxQirbH1dwKzW.jpg,https://image.tmdb.org/t/p/w500/sZUnqJCjEUtdZ0vhPO3oe1PFYV9.jpg
1097,8409.0,https://image.tmdb.org/t/p/w500/mgcGj39KYcyPx6zDiICHsPQNAJQ.jpg,https://image.tmdb.org/t/p/w500/bPVCkI1NVHNuAdD9OB5NFHgOSXk.jpg
1098,8413.0,https://image.tmdb.org/t/p/w500/qfluaDXv0cIdLwgQWzNB2piHL2q.jpg,https://image.tmdb.org/t/p/w500/nByMcYBhChTs2TF9fEFcTSsjme5.jpg
1099,8416.0,https://image.tmdb.org/t/p/w500/nLJjFRqIJAK8qz0OKYnpKCblZNK.jpg,https://image.tmdb.org/t/p/w500/xKhnjQA5wrAUaopEKegdKD3Yi26.jpg
1102,8452.0,https://image.tmdb.org/t/p/w500/nlbB47qp1oxEtts9Ik3UYAwKWHM.jpg,https://image.tmdb.org/t/p/w500/pf5xJlqKLPSCXnyn3KlbAuxcklZ.jpg
1103,8456.0,https://image.tmdb.org/t/p/w500/8oRUTyP1QAtGDMvRpKZyuyFPG0U.jpg,https://image.tmdb.org/t/p/w500/h71xyiurUscD6uIPbECyso1Lwb9.jpg
1104,8457.0,https://image.tmdb.org/t/p/w500/shqO696kFnM8Z4ODa3JglcjP97u.jpg,https://image.tmdb.org/t/p/w500/yd750mff5FTjwMenmBMWRezbuSe.jpg
1105,8461.0,https://image.tmdb.org/t/p/w500/zs92sAOh3Q0kDIJkgaJFTBzSFka.jpg,https://image.tmdb.org/t/p/w500/zsx28vZqh9ACu8gfWaMhJyOuPKm.jpg
1106,8467.0,https://image.tmdb.org/t/p/w500/4LdpBXiCyGKkR8FGHgjKlphrfUc.jpg,https://image.tmdb.org/t/p/w500/8uBTDGRcNHhYChcoazP5rleRME7.jpg
1107,8469.0,https://image.tmdb.org/t/p/w500/fWooBbipMRIKeSRhEzmeaDV0T8H.jpg,https://image.tmdb.org/t/p/w500/dBTWOjGU7ry4jGgP9fp63FZs83y.jpg
1112,8536.0,https://image.tmdb.org/t/p/w500/3xk5cno9BHcnwc97XO9k21aI1Zi.jpg,https://image.tmdb.org/t/p/w500/e77VeVcrXhxfCdJWD9rameYn7Qn.jpg
1113,8545.0,https://image.tmdb.org/t/p/w500/7VxdMxSa3BEAvGl5nLvsgpBwrZH.jpg,https://image.tmdb.org/t/p/w500/lwluU3TYXBL4AllSxhgqRlhGEIY.jpg
1114,8584.0,https://image.tmdb.org/t/p/w500/b0WwWRcDiDahkah5vZ0KjB4N9ZZ.jpg,https://image.tmdb.org/t/p/w500/xuwPmDMHslcx71T7zHc9YqF2Ny3.jpg
1115,8587.0,https://image.tmdb.org/t/p/w500/sKCr78MXSLixwmZ8DyJLrpMsd15.jpg,https://image.tmdb.org/t/p/w500/bqFxtuGNsz30HTk5mzgGs8m9Po.jpg
1116,8592.0,https://image.tmdb.org/t/p/w500/sjeP4bpgsUvAGE8oFcICy2GaHxw.jpg,https://image.tmdb.org/t/p/w500/zW4vA16M8h8GPPmJFosTY6MUhBR.jpg
1117,8617.0,https://image.tmdb.org/t/p/w500/pKSeyN02R5khphImEIpAdBjQgEP.jpg,https://image.tmdb.org/t/p/w500/3jjOF43iyBeauKuPivyA1WDZbII.jpg
1118,8618.0,https://image.tmdb.org/t/p/w500/klybhTU75GUcQbzdVXUhsZgq1EV.jpg,https://image.tmdb.org/t/p/w500/A159OAi9EAU9v4l3sfMhpMqSK5v.jpg
1119,8619.0,https://image.tmdb.org/t/p/w500/7ZUHF6P0vcA5v1Gm8NbRYyd9w4N.jpg,https://image.tmdb.org/t/p/w500/zMHyNxNt4zhL939XX8QLBW3gWfu.jpg
1120,8643.0,https://image.tmdb.org/t/p/w500/qMN0HIP34f736kkQcfvTfmL9TP3.jpg,https://image.tmdb.org/t/p/w500/eHT36hVNslbJXCY3SXgtzxPE3cl.jpg
1121,8645.0,https://image.tmdb.org/t/p/w500/fP4nBrtmc0teSDDHzYmDE7TLQBT.jpg,https://image.tmdb.org/t/p/w500/6moXpp6y1EZ6pfnSxnKFMrbFnWv.jpg
1122,8649.0,https://image.tmdb.org/t/p/w500/gE2Q8mL0m0EA6HakRyc92uzSPJn.jpg,https://image.tmdb.org/t/p/w500/6UgzxKBBIdfTLrDQdDdFf1gpBBa.jpg
1123,8656.0,https://image.tmdb.org/t/p/w500/a3vQS7JKqlOb3MdVJHuTCP9s7Mg.jpg,https://image.tmdb.org/t/p/w500/pWmJBkdb0EMb3PSd2f9wjza0krb.jpg
1124,8665.0,https://image.tmdb.org/t/p/w500/vImR0HQkJs7Xs2qgdXEUDeX49m0.jpg,https://image.tmdb.org/t/p/w500/vhGmRg0RyTwpoPsLpGHtqOcsGSI.jpg
1125,8669.0,https://image.tmdb.org/t/p/w500/l0jr9jSIW2TYFuunPtDQ1exyjtI.jpg,https://image.tmdb.org/t/p/w500/eCK6auUIfnQnIQ5ufVIl7fvllOb.jpg
1126,8675.0,https://image.tmdb.org/t/p/w500/hu1DbDbrutEuiK9qSR4LExLYQby.jpg,https://image.tmdb.org/t/p/w500/bFCJcJ8Grp12Fkeh0X4oUcoV5uR.jpg
1127,8676.0,https://image.tmdb.org/t/p/w500/f4djEBW3nyGRPLTcDlWYyaO43mx.jpg,https://image.tmdb.org/t/p/w500/6vsZR4066s6ZbaAAqDdzDbC4kgH.jpg
1129,8688.0,https://image.tmdb.org/t/p/w500/gsh9mQKRrr4M90XC9Rr0wxefc9u.jpg,https://image.tmdb.org/t/p/w500/2MvYDk1CzVOffa6IoFjVrTR3Ow4.jpg
1130,8698.0,https://image.tmdb.org/t/p/w500/kdAuVFP63XXxnb983ry2pLCKd9S.jpg,https://image.tmdb.org/t/p/w500/n3VpgjdOB1DkHSUe1DbFzV8ncpJ.jpg
1131,8699.0,https://image.tmdb.org/t/p/w500/mhZIcRePT7U8viFQVjt1ZjYIsR4.jpg,https://image.tmdb.org/t/p/w500/qWSI9Lpq8K4o1n9ZD9zUVD4Gds1.jpg
1132,8741.0,https://image.tmdb.org/t/p/w500/seMydAaoxQP6F0xbE1jOcTmn5Jr.jpg,https://image.tmdb.org/t/p/w500/hsDyfAk2ml82IrpPC4AHvxvuTsn.jpg
1133,8744.0,https://image.tmdb.org/t/p/w500/jOyV5Rb1MaMUl6XrWWossVTm7BA.jpg,https://image.tmdb.org/t/p/w500/vcafO6dnQT9bCXRwwZijkYHW9Q0.jpg
1134,8780.0,https://image.tmdb.org/t/p/w500/xZOwucsL5NInPyFcmqJzytHkaJR.jpg,https://image.tmdb.org/t/p/w500/hM6AttTwVdiL00jSAiIMsUutqMX.jpg
1135,8810.0,https://image.tmdb.org/t/p/w500/l1KVEhkGDpWRzQ0VqIhZqDDuOim.jpg,https://image.tmdb.org/t/p/w500/MMSI9WzRmOdqXarevQ3Kqnytrx.jpg
1136,8814.0,https://image.tmdb.org/t/p/w500/y50lH061yWOvEstoZRn7lYs0huk.jpg,https://image.tmdb.org/t/p/w500/9EpgaLS44zlXoTSAOhGiJmkIA4B.jpg
1137,8818.0,https://image.tmdb.org/t/p/w500/mVdQatilUGMtB6sV4FXA7O473UD.jpg,https://image.tmdb.org/t/p/w500/aZtinn0RhlDMYQU0jlotEzJ3tJc.jpg
1138,8831.0,https://image.tmdb.org/t/p/w500/bgxP6ws8ErBiarnb4S93vv0lkf4.jpg,https://image.tmdb.org/t/p/w500/iNfDwioDBzqodomLbMfV8ZXj0yL.jpg
1139,8834.0,https://image.tmdb.org/t/p/w500/sTyTKZVikQU6g50HE8HR1tBSRxj.jpg,https://image.tmdb.org/t/p/w500/70tmPOoCJCciWaM1vDvXAi4w3Bc.jpg
1140,8835.0,https://image.tmdb.org/t/p/w500/9ohlMrJHQqKhfUKh7Zr3JQqHNLZ.jpg,https://image.tmdb.org/t/p/w500/viU23X3BIycUFf6TOlm9c7TxLgM.jpg
1141,8836.0,https://image.tmdb.org/t/p/w500/3zQMhutUMJP6lK49x7i2YfsOHL9.jpg,https://image.tmdb.org/t/p/w500/fCdc3TZNNHGk1ZQBXENdWLqjUio.jpg
1143,8839.0,https://image.tmdb.org/t/p/w500/2ah8fNJFZVU3vcXhU5xfAYi2eym.jpg,https://image.tmdb.org/t/p/w500/sQPckU0TfSeYIlUneHfIXwzQC2f.jpg
1144,8840.0,https://image.tmdb.org/t/p/w500/1J2FvxEoEKMFT9TjUdfhm0MJhZD.jpg,https://image.tmdb.org/t/p/w500/xbqluNfftDJtxDsqcpx9kKme4LF.jpg
1146,8842.0,https://image.tmdb.org/t/p/w500/9CuODYTA3vvrGluaIl0hMPsEIK8.jpg,https://image.tmdb.org/t/p/w500/i9AIrb3C7l3wuxuqYbrv4rBCEHp.jpg
1147,8843.0,https://image.tmdb.org/t/p/w500/1LX8AOUGDSrBDzgC4KLtRvyJFgY.jpg,https://image.tmdb.org/t/p/w500/iFJ7GEIjIysbEJ36TohH28x6Nyu.jpg
1148,8847.0,https://image.tmdb.org/t/p/w500/v2QCXsisMLYsozC2qJtYGa3Rvsi.jpg,https://image.tmdb.org/t/p/w500/fnxnea3loMg5pIV0poyuaXfGzgP.jpg
1150,8849.0,https://image.tmdb.org/t/p/w500/dvKvkoc2d06cOSheq5hQ7G4FJJX.jpg,https://image.tmdb.org/t/p/w500/fTs7kWfwaYpM8OuzMMoimsMSTUI.jpg
1151,8850.0,https://image.tmdb.org/t/p/w500/xAbFJH3vQYZvUyzzGAtG4OLy492.jpg,https://image.tmdb.org/t/p/w500/j3CMtQbRS4bBAuRuoTBpnPAaHSj.jpg
1154,8869.0,https://image.tmdb.org/t/p/w500/5blAumPPS6vX6zcUlt9oIhOEheK.jpg,https://image.tmdb.org/t/p/w500/hOVtpgal5wWHP8vDczrEzZXkOEV.jpg
1155,8870.0,https://image.tmdb.org/t/p/w500/6svTVlVEJDoOOEz1G09HLeb7vtF.jpg,https://image.tmdb.org/t/p/w500/6E03p2tiT1pOw6O1eYcNQM5aDqL.jpg
1156,8871.0,https://image.tmdb.org/t/p/w500/1WZbbPApEivA421gCOluuzMMKCk.jpg,https://image.tmdb.org/t/p/w500/sy0vo1cmpKqwPRiMUiJ45jyLsX7.jpg
1157,8872.0,https://image.tmdb.org/t/p/w500/fHwZnFNWR7PaS9t5EBwTvGPeoYQ.jpg,https://image.tmdb.org/t/p/w500/lAvf5zzyOgTZmpRBRJFa7IVVqCK.jpg
1158,8874.0,https://image.tmdb.org/t/p/w500/b5g4bp8gS5ovMyR5439AII6zQ3n.jpg,https://image.tmdb.org/t/p/w500/naA6aqGYh8D8x2pODBAvFiqwuJh.jpg
1159,8875.0,https://image.tmdb.org/t/p/w500/v6Lgqh0OYLpeKzbIqxPeDXYstKE.jpg,https://image.tmdb.org/t/p/w500/pjbrBZaWbb98hhZ0xt4Uf9O64Eg.jpg
1160,8879.0,https://image.tmdb.org/t/p/w500/kpAN5WnDEVWYzMDPkXHTbrDQuak.jpg,https://image.tmdb.org/t/p/w500/lSH1j2uChyuxKmslXRf1AGyi43p.jpg
1161,8883.0,https://image.tmdb.org/t/p/w500/32CKp29QyqimkjtdJRBzSRHPx4j.jpg,https://image.tmdb.org/t/p/w500/trZRS3RfDnWBe3bQW1UUlOS210F.jpg
1162,8885.0,https://image.tmdb.org/t/p/w500/zQaCv7lKwHsh0YSHkt1QNjIOZ1c.jpg,https://image.tmdb.org/t/p/w500/cMoiIk3tD6qshxccYRjjym7l5YV.jpg
1163,8909.0,https://image.tmdb.org/t/p/w500/njy7Pz7ZHZceO7lNfGIHKphY8Hd.jpg,https://image.tmdb.org/t/p/w500/vjwuT8EzWY96W6nrJKZNI2WJU87.jpg
1164,8913.0,https://image.tmdb.org/t/p/w500/8ZtH1V4rhrtP53ezlEWrCaMALXF.jpg,https://image.tmdb.org/t/p/w500/xWq3T9P4NU2pTdZ3hXFygsNnAq4.jpg
1166,8916.0,https://image.tmdb.org/t/p/w500/lWPjxbUMpAHFkJpZHHNWhQaRsax.jpg,https://image.tmdb.org/t/p/w500/i4NvcHeYeAdLEFiLxEVvUA3BT0.jpg
1167,8920.0,https://image.tmdb.org/t/p/w500/vqwTSWNLyH55g8kBT61s2DgNYEp.jpg,https://image.tmdb.org/t/p/w500/r8Vk1PJ7eDwRKDZJOS4AKC7puK3.jpg
1168,8922.0,https://image.tmdb.org/t/p/w500/g410Y1U1ELbmJG14Zru3UAimm1G.jpg,https://image.tmdb.org/t/p/w500/m0yTFeh8vrsMP0fQDdYGSh4xthX.jpg
1170,8944.0,https://image.tmdb.org/t/p/w500/o88aPDDMtdwQsPyXqSKhu98jjru.jpg,https://image.tmdb.org/t/p/w500/d8azJCepCuGlJeEc4kw3AxzzvYS.jpg
1171,8952.0,https://image.tmdb.org/t/p/w500/qtAuWLGQ7N4PNQ6boZeqqoUY2l9.jpg,https://image.tmdb.org/t/p/w500/sGelj98GTvGgx9yq2vNdvRoyXH4.jpg
1172,8953.0,https://image.tmdb.org/t/p/w500/o6WsW5QFh3YaDdAJkyVUweTpUtr.jpg,https://image.tmdb.org/t/p/w500/eu7qPQljYrB5rDuXL2MDopA95g3.jpg
1173,8960.0,https://image.tmdb.org/t/p/w500/7DyuV2G0hLEqHeueDfOqhZ2DVut.jpg,https://image.tmdb.org/t/p/w500/xh0ZRdnL4pSqfW73HBf97xiNEFP.jpg
1174,8961.0,https://image.tmdb.org/t/p/w500/yCvB5fG5aEPqa1St7ihY6KEAsHD.jpg,https://image.tmdb.org/t/p/w500/gxSVZCUlDd8upT1G2wdrUdz2hxG.jpg
1176,8966.0,https://image.tmdb.org/t/p/w500/3Gkb6jm6962ADUPaCBqzz9CTbn9.jpg,https://image.tmdb.org/t/p/w500/weAYfu6FfrNxEDJ3xH1XpgQcqUv.jpg
1177,8967.0,https://image.tmdb.org/t/p/w500/l8cwuB5WJSoj4uMAsnzuHBOMaSJ.jpg,https://image.tmdb.org/t/p/w500/xq1HIwZq9VbuvMQELAua1nqEkH.jpg
1178,8968.0,https://image.tmdb.org/t/p/w500/5KffN0UcuAKJdUAcOvZ21OrqXc8.jpg,https://image.tmdb.org/t/p/w500/sJEcInnWer58nvYEbZmrx5eAQ7R.jpg
1179,8970.0,https://image.tmdb.org/t/p/w500/wOmLJYh7oOfATE236XpoDfcXhOh.jpg,https://image.tmdb.org/t/p/w500/umY2wpVWJLY77ydBFlwlGVR3hFg.jpg
1180,8975.0,https://image.tmdb.org/t/p/w500/pONyvBJwHNg5CWu7mtsv4qaq75C.jpg,https://image.tmdb.org/t/p/w500/mGT2XVE9MjSkGeTAw3VQFwECBYZ.jpg
1181,8976.0,https://image.tmdb.org/t/p/w500/6xrF9zwEbYiYBOalMO14RAWBLLj.jpg,https://image.tmdb.org/t/p/w500/kRpzc3knsyOzLFOi4C4ZUbLPScu.jpg
1182,8978.0,https://image.tmdb.org/t/p/w500/oBpsRvMN1ONl8oFHuWt1rasDYFJ.jpg,https://image.tmdb.org/t/p/w500/2c0Ls3EwFoWJWVqWuaMyCUAgmzD.jpg
1183,8981.0,https://image.tmdb.org/t/p/w500/5YRDvaBWBbhTKBYYc7BoOWdW01N.jpg,https://image.tmdb.org/t/p/w500/1eFyO5JIDTZxrQuVZ3NfHl0M0xU.jpg
1184,8982.0,https://image.tmdb.org/t/p/w500/uKE9BxgtT5g2pE3ZKC7MnzsAbTZ.jpg,https://image.tmdb.org/t/p/w500/b2NxliGN77rdu78HQv5peZBmkw4.jpg
1185,8984.0,https://image.tmdb.org/t/p/w500/9e8cp3ho2aZrHMFgitysCoJxXwP.jpg,https://image.tmdb.org/t/p/w500/gMXzyxFvLi2hJpGua9UE4kaI9cE.jpg
1186,8987.0,https://image.tmdb.org/t/p/w500/wVgQ2T63ThjIsY4R0qoHXjyllql.jpg,https://image.tmdb.org/t/p/w500/8KcvxZCwkahVDphIzRENl7rZECy.jpg
1187,8988.0,https://image.tmdb.org/t/p/w500/5lR2o3EQ6keYI7R2NtO40fHpvGZ.jpg,https://image.tmdb.org/t/p/w500/bMkwq0BYNHgdU9zhOFGr3Q4V85s.jpg
1189,8999.0,https://image.tmdb.org/t/p/w500/bcCoOkwEBHUS5Y7Rm1u1oTLUHdb.jpg,https://image.tmdb.org/t/p/w500/yhx8DtHySbvIm19wurVttyXCTTe.jpg
1190,9003.0,https://image.tmdb.org/t/p/w500/3Z0oPHyLnk3Vx6ZMC1MiVwIrKhO.jpg,https://image.tmdb.org/t/p/w500/jInJNDIyzlYBV79nx8Qb5s2xjfM.jpg
1193,12205.0,https://image.tmdb.org/t/p/w500/iSq6J55RFLfwcceDKxYtMjOr1sz.jpg,https://image.tmdb.org/t/p/w500/gSpBjqqxCuyQKVClvWvuFpjf3lj.jpg
1194,9012.0,https://image.tmdb.org/t/p/w500/9Rb659hvGfmef1xm0mMvDHEBqmf.jpg,https://image.tmdb.org/t/p/w500/zqd39GO0GdO5TaO8HxnkmWwu2p8.jpg
1195,9013.0,https://image.tmdb.org/t/p/w500/yx0touyDQ9enWDsFgS4MbBwCSNd.jpg,https://image.tmdb.org/t/p/w500/5bJuEI1jHkZIktD3vnshdWkJSH8.jpg
1196,9016.0,https://image.tmdb.org/t/p/w500/kNhZkR3UNbXfvESQo7mJpOi4tGd.jpg,https://image.tmdb.org/t/p/w500/f2opsSUSiMdEp6AiY2sbC8QPd8S.jpg
1198,9022.0,https://image.tmdb.org/t/p/w500/9t7n7K0xqw0gMvrxyhdiyqEF3W1.jpg,https://image.tmdb.org/t/p/w500/6etyE3gSVulXL5VsVQnCD0pm5U7.jpg
1199,9023.0,https://image.tmdb.org/t/p/w500/jTS4o0Yj1RoA2OGzl8USZyAJqYK.jpg,https://image.tmdb.org/t/p/w500/b8hPBW0NJmiIVzvQjT3CwIpAdzl.jpg
1200,9026.0,https://image.tmdb.org/t/p/w500/87r4e4pL4STfpdjtqNZxlyjvcMd.jpg,https://image.tmdb.org/t/p/w500/zIwsL0bIScIMu4CV0C3DxWxKFSN.jpg
1201,9027.0,https://image.tmdb.org/t/p/w500/1GQ4nYfRU4rANvCFq4y2o1GExgQ.jpg,https://image.tmdb.org/t/p/w500/uMSoZvIFlX4tLi9Hmf0MSBnmSuU.jpg
1202,9029.0,https://image.tmdb.org/t/p/w500/n7bQ7Lj6UhArgnx49wmkaTxM4iU.jpg,https://image.tmdb.org/t/p/w500/bNzptaU34tK2AHU859M5ca0devW.jpg
1203,9030.0,https://image.tmdb.org/t/p/w500/eW39LaILpKGLthbnC4KgUJErslK.jpg,https://image.tmdb.org/t/p/w500/x5HfRp97ZoYbYTTBGA5JRrqbCZd.jpg
1204,9032.0,https://image.tmdb.org/t/p/w500/lEYg1X8RjqNB5NWEtodcbK7vm1G.jpg,https://image.tmdb.org/t/p/w500/fl3no3IMXGjZAUa2iU9aBzlid5m.jpg
1205,9034.0,https://image.tmdb.org/t/p/w500/pQ7XoEqroHcCQVKP9Xo8JpujuHU.jpg,https://image.tmdb.org/t/p/w500/oNIY1XCpyi96nGPAqP28gvHx5jE.jpg
1207,9036.0,https://image.tmdb.org/t/p/w500/39hR806Me4wI42LCFcK2LBiCRGW.jpg,https://image.tmdb.org/t/p/w500/1GAEBLa8EmA9d8l0s8gHB2zxWLq.jpg
1208,9042.0,https://image.tmdb.org/t/p/w500/gMfJo22XulGLA8h8yAjiLhdQusv.jpg,https://image.tmdb.org/t/p/w500/hHhZBHknSjrtSnIEVqQtAjMBNu9.jpg
1209,9043.0,https://image.tmdb.org/t/p/w500/nlqw53HmTP7o3b2NDttYNOtsK4V.jpg,https://image.tmdb.org/t/p/w500/yJav7yjKcYnP7C9QbFLECThWv4a.jpg
1210,9045.0,https://image.tmdb.org/t/p/w500/duNRweZ6PBpFSVNLJYexZ2XEqr0.jpg,https://image.tmdb.org/t/p/w500/dHjb0duA8MwjiMJykF7dLcEoKBm.jpg
1211,9053.0,https://image.tmdb.org/t/p/w500/hRcYqTWgbPF3TtpSDfwqRDAJjlv.jpg,https://image.tmdb.org/t/p/w500/wa5eEBwjI01yhNMKPwIaqeBiw2d.jpg
1212,9059.0,https://image.tmdb.org/t/p/w500/5sTFaW66D2l3fhP6qYLJ6gURACz.jpg,https://image.tmdb.org/t/p/w500/47WfbtmsreEhNy2OzEDBxk9ZlzG.jpg
1213,9067.0,https://image.tmdb.org/t/p/w500/dpX63vJd6k5fMTudLaEOw9ffX8h.jpg,https://image.tmdb.org/t/p/w500/rmG0rboJMA9sE6vttQCM2eXXJ2Q.jpg
1214,9072.0,https://image.tmdb.org/t/p/w500/9KzPw1VN0pMBnq1KIqBaLI8LAB7.jpg,https://image.tmdb.org/t/p/w500/3sF2wc5SRQaBs0kC7Jhanz5NnbO.jpg
1215,6963.0,https://image.tmdb.org/t/p/w500/oQilVzOxLPxvBn9hAuvGpKTpONM.jpg,https://image.tmdb.org/t/p/w500/wn2zysoNM6QncXEw9MyvSGJ6eS1.jpg
1217,9087.0,https://image.tmdb.org/t/p/w500/hudVVQa0jCspRPYGLJwUVsteKsk.jpg,https://image.tmdb.org/t/p/w500/hMc2fw8J56H6u4VRWHwLfeXnUCU.jpg
1218,9089.0,https://image.tmdb.org/t/p/w500/3zqlKdOttWyExzopVxglz50Vjxq.jpg,https://image.tmdb.org/t/p/w500/lCugQmmEoUc5Z3U7IlBXNYjrtJi.jpg
1219,9092.0,https://image.tmdb.org/t/p/w500/3Zythq86Hyov8J100r3XNbEXtUh.jpg,https://image.tmdb.org/t/p/w500/jrm5WPcYN09Xv9u31XwATd0R7Rv.jpg
1220,9093.0,https://image.tmdb.org/t/p/w500/bfmpeRr9LTXzBC2dpC89FE5uavK.jpg,https://image.tmdb.org/t/p/w500/2IojDzEWedVbre8KZhZPMoP5az4.jpg
1221,9095.0,https://image.tmdb.org/t/p/w500/cW5wTiv5fdtBOd22utmAIZBCMS3.jpg,https://image.tmdb.org/t/p/w500/mErnrp6gxgSw7eYVnuos3k8EkWf.jpg
1222,9096.0,https://image.tmdb.org/t/p/w500/lkHqtViTG4Zzh7i9rrtHJGTnEUg.jpg,https://image.tmdb.org/t/p/w500/jsnzeDldCBScvH8ocuXG4ZK0Szn.jpg
1223,9099.0,https://image.tmdb.org/t/p/w500/q4zmVdQq35ZBj8uyxsU2RCPOQxo.jpg,https://image.tmdb.org/t/p/w500/kv6tpMykekRKAiktXJKffAIpdH8.jpg
1224,9100.0,https://image.tmdb.org/t/p/w500/8bW2RdRkloYtEPhbQZN4wcdmJP4.jpg,https://image.tmdb.org/t/p/w500/yAaAsbossCADVFdiqm8qAhd2gL0.jpg
1225,9104.0,https://image.tmdb.org/t/p/w500/qNl4T8xxC0xDeX8JFJVCBzH4Kg8.jpg,https://image.tmdb.org/t/p/w500/7Pw5NOv7aUtmHyh1yASEldOlAz0.jpg
1226,9208.0,https://image.tmdb.org/t/p/w500/iBPMwYYJFvdCBkXrwV75peo5Lz2.jpg,https://image.tmdb.org/t/p/w500/446lXnrT0vSIkeClW8bCN8KrnxN.jpg
1227,9257.0,https://image.tmdb.org/t/p/w500/bf1tgM4V6NoMjOhejwaRMBKThTT.jpg,https://image.tmdb.org/t/p/w500/dfSAFTqNLfB3YAs9Ppy13EUaNYI.jpg
1229,9266.0,https://image.tmdb.org/t/p/w500/iZSw0JVG0cIFuZoTHuQU3nmGT4k.jpg,https://image.tmdb.org/t/p/w500/xsVMKdSndUKid3Xm3Tudf5bcOlv.jpg
1230,9268.0,https://image.tmdb.org/t/p/w500/1FUV5ZmEkbxvqwQW0az4tFFOSmo.jpg,https://image.tmdb.org/t/p/w500/8n6ZCFJWwK7UiX7NYuIEvHLRPYG.jpg
1231,9271.0,https://image.tmdb.org/t/p/w500/5emgnXYrXjqyiup2JsvtuENseiV.jpg,https://image.tmdb.org/t/p/w500/wH3rho5l3w0hV8XWQzl14DWduRU.jpg
1232,9273.0,https://image.tmdb.org/t/p/w500/wcinCf1ov2D6M3P7BBZkzQFOiIb.jpg,https://image.tmdb.org/t/p/w500/h5Y9T4OoFpMrONhVBZvN2X2DfAB.jpg
1233,9275.0,https://image.tmdb.org/t/p/w500/wrwwuNLITsA5N5cVnA3ftvHFqHj.jpg,https://image.tmdb.org/t/p/w500/xse1f9OR0PVByGnTChplzUgYz7t.jpg
1235,9277.0,https://image.tmdb.org/t/p/w500/ckmYng37zey8INYf6d10cVgIG93.jpg,https://image.tmdb.org/t/p/w500/1r9lH3DaSWKGyvZaoo6BF5STOk5.jpg
1236,9279.0,https://image.tmdb.org/t/p/w500/lHLOUt0ZIQLC5asHdIQBoTUvaEp.jpg,https://image.tmdb.org/t/p/w500/rnn6sGMGPpM8VfVmCMFxsjKvz7q.jpg
1238,9281.0,https://image.tmdb.org/t/p/w500/kOymD1rChAMykmDVEzJpIh4OYS7.jpg,https://image.tmdb.org/t/p/w500/aDn3wL0ObbA5TCn5ZLri9xI2kUZ.jpg
1239,9285.0,https://image.tmdb.org/t/p/w500/jee4eY5tZprI0V18S6PXUloBzSk.jpg,https://image.tmdb.org/t/p/w500/cV0JkbhWNSgfRmENuVMkkDvNgdG.jpg
1240,9286.0,https://image.tmdb.org/t/p/w500/p7ARuNKUGPGvkBiDtIDvAzYzonX.jpg,https://image.tmdb.org/t/p/w500/nSV1NIAK0Sp5dM1oiobtqbJ8Jrv.jpg
1241,9288.0,https://image.tmdb.org/t/p/w500/n5PV0sV4Nd0eCZMcRfipeNhTpmz.jpg,https://image.tmdb.org/t/p/w500/eBJDAJmhFVLINV78sB0VkvCsVkB.jpg
1242,9289.0,https://image.tmdb.org/t/p/w500/5zmvEofdIlgXrQl9A7e5IOzlnFU.jpg,https://image.tmdb.org/t/p/w500/yt9FIS2Osm97M7w4dLFkBu7YxW8.jpg
1243,9290.0,https://image.tmdb.org/t/p/w500/hwt6iJjPuXRDKJON5s9G9pdfPbu.jpg,https://image.tmdb.org/t/p/w500/nkAqmS6JgZG0ERm6tPo1MsmaFVy.jpg
1244,9291.0,https://image.tmdb.org/t/p/w500/nbKcVBcxF96ARW2oKHqDYAcLdu.jpg,https://image.tmdb.org/t/p/w500/dXrHngmLabax5J5a7XfXhwcoFuL.jpg
1245,9292.0,https://image.tmdb.org/t/p/w500/2AiR7HZuIOUdJp6LYOEOA8z7pF3.jpg,https://image.tmdb.org/t/p/w500/bwnp7w4n7484bZFwz7IuvFQszAY.jpg
1247,9297.0,https://image.tmdb.org/t/p/w500/zCRPr4bkO3ae0U1134vJ39xZnAG.jpg,https://image.tmdb.org/t/p/w500/aDnCTWpWMHcQxOeGWsITmoLuEGy.jpg
1248,9302.0,https://image.tmdb.org/t/p/w500/zF67qcf7skMHLpXnifodinUqCFr.jpg,https://image.tmdb.org/t/p/w500/wqD5zMFFITtzySK7fuYX42AtbJE.jpg
1249,9303.0,https://image.tmdb.org/t/p/w500/9qAy6UWVw44dGrsyKrdEMt5qIUM.jpg,https://image.tmdb.org/t/p/w500/pMvTpyls1l3OEGKBvgRwKMT8a6O.jpg
1251,9306.0,https://image.tmdb.org/t/p/w500/hOJeQXve8W9rNRhdgC1WV3GQJyA.jpg,https://image.tmdb.org/t/p/w500/5kAeJB8wR1Be0EFG7QjKdwFfHx7.jpg
1252,9310.0,https://image.tmdb.org/t/p/w500/qwRbRvfJR7jjsaGfS741Tl3DRr7.jpg,https://image.tmdb.org/t/p/w500/mVwHzPqOi5QlviMSDsOy0nEyicI.jpg
1253,9311.0,https://image.tmdb.org/t/p/w500/2BwL0fKCaNRXfqMsu2uvFFS7dZX.jpg,https://image.tmdb.org/t/p/w500/4TQgxCYdaizZr9bfjQYVsZPZVGE.jpg
1254,9312.0,https://image.tmdb.org/t/p/w500/9YhpvhhvLrtL1wlwEfpVL16GI9d.jpg,https://image.tmdb.org/t/p/w500/dfU9xyEEyLxvZ5unTn05Whm9Lce.jpg
1255,9313.0,https://image.tmdb.org/t/p/w500/zHE9yRURvA7DyhYtQxkGTfE1Ywi.jpg,https://image.tmdb.org/t/p/w500/uhhtglfXNaTavkKtjer38qHLfVi.jpg
1256,9315.0,https://image.tmdb.org/t/p/w500/oNjZFzbe7PfF3TxztNHDkinOPyB.jpg,https://image.tmdb.org/t/p/w500/59vrJSluVcM4bs9nnGMYnXX569o.jpg
1257,9327.0,https://image.tmdb.org/t/p/w500/fMtb5aZoLRNbMnCkatFsTmPRfl5.jpg,https://image.tmdb.org/t/p/w500/gHFuLHxruielBcMEZx1WowxbRWS.jpg
1258,9331.0,https://image.tmdb.org/t/p/w500/6xTM8FPxrLRYwz6I3fqtwh7xybs.jpg,https://image.tmdb.org/t/p/w500/hEMxuwywh3FmWjhkIrfo57k3M2n.jpg
1259,9334.0,https://image.tmdb.org/t/p/w500/aITIsX20tACn6jgtyDcCYpRT216.jpg,https://image.tmdb.org/t/p/w500/nZSUgauXlVUrJGdGUGWMXCtnZx4.jpg
1260,9335.0,https://image.tmdb.org/t/p/w500/cdm17vK8PxHfTi7ayZf6WKbOgUO.jpg,https://image.tmdb.org/t/p/w500/lbs1ood36hzj0O0cqW2a8MqptOh.jpg
1262,9339.0,https://image.tmdb.org/t/p/w500/oL0k5JA53PyoHSZqKb3cNkhwBCE.jpg,https://image.tmdb.org/t/p/w500/w7OBGj9YEA4DcpUnPU9OM6NufJJ.jpg
1263,9341.0,https://image.tmdb.org/t/p/w500/iMPR3OFhKNVvJw4eZoRhf9RzfHJ.jpg,https://image.tmdb.org/t/p/w500/v2YxWPX2yKdo6arIAknJzKLxhZY.jpg
1264,9342.0,https://image.tmdb.org/t/p/w500/bdMufwGDDzqu4kTSQwrKc5WR4bu.jpg,https://image.tmdb.org/t/p/w500/fozyUa1Zl9kMb1CxDIR6tybw8Jt.jpg
1266,9348.0,https://image.tmdb.org/t/p/w500/cT5wdyo8kT7dycqjrolJ2sHWkFx.jpg,https://image.tmdb.org/t/p/w500/tEHmWaIzM0nuFi1CKQL8mJdJZsT.jpg
1267,9350.0,https://image.tmdb.org/t/p/w500/b28DOM54OHb1c7Lsk6Nu7Kwuonj.jpg,https://image.tmdb.org/t/p/w500/hPTaANKrpghMQeRIOcPJbJA4Yia.jpg
1268,9352.0,https://image.tmdb.org/t/p/w500/iLdO4PwbZCCQSa9rchZMwuJm9xe.jpg,https://image.tmdb.org/t/p/w500/kg8na5u6qdCydm7cK7p2I0zQmgr.jpg
1270,9355.0,https://image.tmdb.org/t/p/w500/jJlxcEVVUHnrUeEkQ0077VeHQpb.jpg,https://image.tmdb.org/t/p/w500/cO8zcdPhLT3UdykkXCvfhIVrgHK.jpg
1272,9358.0,https://image.tmdb.org/t/p/w500/vnFgxRlLTA9fDNcGXLiHmgwmIEo.jpg,https://image.tmdb.org/t/p/w500/tKnmfO5lAyu8hpTZMyMaI4lhZpJ.jpg
1273,9360.0,https://image.tmdb.org/t/p/w500/33NysOnLpLZY0ewHTcfpalzAsRG.jpg,https://image.tmdb.org/t/p/w500/e2oO1FPwMiDEi119rJJspYI6TiG.jpg
1274,9361.0,https://image.tmdb.org/t/p/w500/qzJMPWRtZveBkxXOv3ucWhoJuyj.jpg,https://image.tmdb.org/t/p/w500/mhpDSuNyHPMsccI7zISEaskTgOQ.jpg
1278,9372.0,https://image.tmdb.org/t/p/w500/zYkbqQaCuIHBxqBDGgnQCwJ9jIG.jpg,https://image.tmdb.org/t/p/w500/f589RGsnKpDvHu9qvELM6LZBEbG.jpg
1279,9374.0,https://image.tmdb.org/t/p/w500/kkWxyyyWFK5KNk9WVwQuGEC9H9H.jpg,https://image.tmdb.org/t/p/w500/vDFhaKEMKPIUePtQH2nOwSHfgPy.jpg
1281,9381.0,https://image.tmdb.org/t/p/w500/bQqb3T0FIHOvgozzX9aygmWUbLZ.jpg,https://image.tmdb.org/t/p/w500/AjDyXDvk4VOtDp9aLJpAnBx1uyD.jpg
1282,9383.0,https://image.tmdb.org/t/p/w500/sd3qUIv5uoP2oTbqv66CzXSPjKG.jpg,https://image.tmdb.org/t/p/w500/g6UIASElC5M6jwtV4TZlz1sok3h.jpg
1283,9384.0,https://image.tmdb.org/t/p/w500/fmBYVkBjhVspPv3GGus84qhBo1a.jpg,https://image.tmdb.org/t/p/w500/k6Qnu4fTXskJwjFBEZRtTPSLHu9.jpg
1284,9387.0,https://image.tmdb.org/t/p/w500/qw2A587Ee61IwcSOLNFRhuOACZZ.jpg,https://image.tmdb.org/t/p/w500/fNp2ikvY8WZTyVbK1iXW84RLbO5.jpg
1285,9388.0,https://image.tmdb.org/t/p/w500/41bMmglWT72OaRXrMROEyksOf3J.jpg,https://image.tmdb.org/t/p/w500/bvPsCaurkBk2jzSJXWJJXb0kTCA.jpg
1286,9389.0,https://image.tmdb.org/t/p/w500/fTdbmjAegzFQOCPTAckPcmTpJvp.jpg,https://image.tmdb.org/t/p/w500/8ZwAm4sgZlAf8fvKApzla4j2eCz.jpg
1288,9392.0,https://image.tmdb.org/t/p/w500/mxFPI4KYBk5ri9cPteIS8jiDFgj.jpg,https://image.tmdb.org/t/p/w500/9T5D5RGuCsC6CeqYZJTv4rT4RPy.jpg
1289,9396.0,https://image.tmdb.org/t/p/w500/2Nf0xeDuToLHysdkWj3aT5r42rC.jpg,https://image.tmdb.org/t/p/w500/9OHuCKzTFwLetq8dhgyG7XxcetB.jpg
1290,9398.0,https://image.tmdb.org/t/p/w500/qdrbSneHZjJG2Dj0hhBxzzAo4HB.jpg,https://image.tmdb.org/t/p/w500/lIyyiBOuyokL82rPEDcZaMKleA3.jpg
1291,9400.0,https://image.tmdb.org/t/p/w500/wpiARyUqTfabzakAXHMIUY6Tl1A.jpg,https://image.tmdb.org/t/p/w500/8ebAtpx6YVfRGrxPrs4nTTWSbT9.jpg
1292,9408.0,https://image.tmdb.org/t/p/w500/tTDsCVlDA8QR4Dc6t6nERfwl5z.jpg,https://image.tmdb.org/t/p/w500/Y50RfoNVKIj9dSJavE8uBdN377.jpg
1293,9414.0,https://image.tmdb.org/t/p/w500/yVlIZa0u6CTN5LudxGX77Fk46iz.jpg,https://image.tmdb.org/t/p/w500/k0NVarTkjVJBDS4XDpkhNbrh8vS.jpg
1294,9416.0,https://image.tmdb.org/t/p/w500/bN57Rl003E9pYred5kw9Rp8h9Np.jpg,https://image.tmdb.org/t/p/w500/mPId0j7owQmeOQHyOl2kEbzQpXd.jpg
1295,9422.0,https://image.tmdb.org/t/p/w500/2AVF1cjRGOfaB4oteSzxvHiQ3hR.jpg,https://image.tmdb.org/t/p/w500/vcI8kweLIpGv7jb9NWVunOyZ2O7.jpg
1296,9424.0,https://image.tmdb.org/t/p/w500/uAhvaueOUUQ6ORCRdsJr1WXz1w0.jpg,https://image.tmdb.org/t/p/w500/9bMAhzkuvwSXdxUIoFrYuAvkxDU.jpg
1298,9427.0,https://image.tmdb.org/t/p/w500/fjg4EvzoLZVcZli4BwJIytJ6yjn.jpg,https://image.tmdb.org/t/p/w500/r8SwFiCeaADf0jIotMMtfNBzLEI.jpg
1299,9428.0,https://image.tmdb.org/t/p/w500/nG7hZJn7wQTSDCQT39Gy3s3tbrp.jpg,https://image.tmdb.org/t/p/w500/cbuX448RKetr5Y5cZkmJEfu3xji.jpg
1301,9430.0,https://image.tmdb.org/t/p/w500/7UzD5Dmu3jqb2ls4Lnb4SYQqbYm.jpg,https://image.tmdb.org/t/p/w500/6kY0imilYIH7yuxFEQJA7mTlq1H.jpg
1302,9433.0,https://image.tmdb.org/t/p/w500/zplJqfuUyqzW0D4jX3W1afl0d7b.jpg,https://image.tmdb.org/t/p/w500/yU3nJxP2vNy8OQdDsfV09elG4k9.jpg
1304,9437.0,https://image.tmdb.org/t/p/w500/a4P8PD9kvN0IZnDzsyurVs2WaJX.jpg,https://image.tmdb.org/t/p/w500/y319VH0gIFie6KEO5L4nHhxxQUw.jpg
1306,9441.0,https://image.tmdb.org/t/p/w500/wMPv2Yz6QDzv6YhSbaqM48Medl1.jpg,https://image.tmdb.org/t/p/w500/iteE4cNHQm8PWmWDuKcCCnMLhS3.jpg
1307,9443.0,https://image.tmdb.org/t/p/w500/qnRaum8k0HqGRml2i7OawFqUtEb.jpg,https://image.tmdb.org/t/p/w500/nEeq7iQDbsj4qRt9E11PvQOWKvQ.jpg
1309,9447.0,https://image.tmdb.org/t/p/w500/glO6LcTWUZcbxWT2SB4eRDnFSsP.jpg,https://image.tmdb.org/t/p/w500/73Zd7StP4Ln0hSCwmqhCaZomYWB.jpg
1311,9449.0,https://image.tmdb.org/t/p/w500/kgaocWyuxihDe5aNqok6fORIHnY.jpg,https://image.tmdb.org/t/p/w500/ndLim5pNt2EclFPMt3FzltlVM05.jpg
1313,9452.0,https://image.tmdb.org/t/p/w500/gR9jZ7W2d28aSa2Yimz797VNXRh.jpg,https://image.tmdb.org/t/p/w500/zoflkUluMA01vxvifWqhmr4sA2q.jpg
1314,9454.0,https://image.tmdb.org/t/p/w500/9TspO5dThMBioF0DFrvy6YqrngH.jpg,https://image.tmdb.org/t/p/w500/lhpokM60CnLWcNETQqKMz2q9ryL.jpg
1315,9455.0,https://image.tmdb.org/t/p/w500/1Eg34AuZG1jtAvdM8xGHW5jiwCF.jpg,https://image.tmdb.org/t/p/w500/n9SyYytuvTXXZY6yx9Yu4iPobN2.jpg
1316,9457.0,https://image.tmdb.org/t/p/w500/A1nOnrAlG3EbOvzgZt2ya11OmjQ.jpg,https://image.tmdb.org/t/p/w500/AhOphQppjWlWGo0EFsUmfrq1NlR.jpg
1318,9464.0,https://image.tmdb.org/t/p/w500/fxzXFzbSGNA52NHQCMqQiwzMIQw.jpg,https://image.tmdb.org/t/p/w500/oCcRRoalUWy83x3gqhCIl6pPUAi.jpg
1319,9466.0,https://image.tmdb.org/t/p/w500/q4UJHtH14nO8tbMfGtJ3Z3Tw5RW.jpg,https://image.tmdb.org/t/p/w500/cBmezUU59QHQPVjBlEKTIGaExih.jpg
1321,9470.0,https://image.tmdb.org/t/p/w500/exbyTbrvRUDKN2mcNEuVor4VFQW.jpg,https://image.tmdb.org/t/p/w500/9XhZhoSnFJ3AjpfzdIiZVHLQIS4.jpg
1323,9472.0,https://image.tmdb.org/t/p/w500/r8KbNHkkwFXLjV1suGwm0Qjure5.jpg,https://image.tmdb.org/t/p/w500/1nL5TJrldKI4rIj16tZTdqpdYL3.jpg
1324,9473.0,https://image.tmdb.org/t/p/w500/tS0PedvA2mFO9VCHYwQpaU1K36U.jpg,https://image.tmdb.org/t/p/w500/2q3B90h2hZ6xJTvna9CIFDNaIr4.jpg
1325,9476.0,https://image.tmdb.org/t/p/w500/srb1XnrlDZHcdpjBKqUu4qAzxKU.jpg,https://image.tmdb.org/t/p/w500/gkT737kgnmI6jZyXbUBJRwVbGkW.jpg
1326,9481.0,https://image.tmdb.org/t/p/w500/7atMCqRaDpAOnGsteTRm17zmvN3.jpg,https://image.tmdb.org/t/p/w500/oOoy2MqPeuDqeedQyouFfitncei.jpg
1327,9486.0,https://image.tmdb.org/t/p/w500/mmzW88tnkB2MnOV3Un2F9IUxSnZ.jpg,https://image.tmdb.org/t/p/w500/tGcIy7gA8jwYpi5W2UB1Rxrk2i6.jpg
1328,9487.0,https://image.tmdb.org/t/p/w500/Ah3J9OJVc2CNCuH2zMydXy9fmIC.jpg,https://image.tmdb.org/t/p/w500/hwwFyowfcbLRVmRBOkvnABBNIOs.jpg
1329,9488.0,https://image.tmdb.org/t/p/w500/z8pfWCk6SlxxDLXXQdUHdxF5dwJ.jpg,https://image.tmdb.org/t/p/w500/5rKa5UKXnTdLsgY0mJbjAEQX3gB.jpg
1330,9489.0,https://image.tmdb.org/t/p/w500/rJLUSpmdxSMqqEsyzeCni3vy1ca.jpg,https://image.tmdb.org/t/p/w500/9lYpkcO7WuruOXB2mn8ppC6Ecaq.jpg
1331,9490.0,https://image.tmdb.org/t/p/w500/14TmEac4bquNaEld9t0uIliYoKE.jpg,https://image.tmdb.org/t/p/w500/yl7M1buWaxXXhZv0bSbi4MPYVKm.jpg
1332,9493.0,https://image.tmdb.org/t/p/w500/stJx9BQZbXrZnTGf9Erc7d2UMVc.jpg,https://image.tmdb.org/t/p/w500/sAtK99PjOX1IzDUV24N2nab803R.jpg
1333,9495.0,https://image.tmdb.org/t/p/w500/rMMB3v6jYHjsvXRNJYESacoTD7j.jpg,https://image.tmdb.org/t/p/w500/2VN9umruwVZsT1Pr1NMCV71HpUu.jpg
1337,9513.0,https://image.tmdb.org/t/p/w500/O2j1bwErQ6bbBVZM5Vxg3Tsoir.jpg,https://image.tmdb.org/t/p/w500/lrUeu7XMNaKJn6v8ps0DHqUE11L.jpg
1338,9515.0,https://image.tmdb.org/t/p/w500/oJnlAGmrhsg4QrlVKGgP91J6WPu.jpg,https://image.tmdb.org/t/p/w500/jBxIfffFWY69oAx6CLQtKZ3xtYO.jpg
1339,9516.0,https://image.tmdb.org/t/p/w500/guvPiEOeXwROpfCb2LkHkVEvOck.jpg,https://image.tmdb.org/t/p/w500/s5PP0ryxAo12jzvPntSEybahpCw.jpg
1340,9517.0,https://image.tmdb.org/t/p/w500/vMJ2WHBbK4Jr3eDuF1e7O6lbC8m.jpg,https://image.tmdb.org/t/p/w500/vy13Ak7IQDzfwz4aMsjiTGfVUYb.jpg
1341,9526.0,https://image.tmdb.org/t/p/w500/jVdqvd8SgPTWLdG3qc9pSlXGxQi.jpg,https://image.tmdb.org/t/p/w500/a207j6hwf3iHiLO8ArhLIljiC1D.jpg
1342,9531.0,https://image.tmdb.org/t/p/w500/c4oR6qgZW2s5foGkQi2Dd86KuAS.jpg,https://image.tmdb.org/t/p/w500/ui3oiC5mdwxTPZSLBvqoBqckTQ4.jpg
1343,9532.0,https://image.tmdb.org/t/p/w500/1mXhlQMnlfvJ2frxTjZSQNnA9Vp.jpg,https://image.tmdb.org/t/p/w500/7isarjYDEKZ5t1CgcvbuqEUby8P.jpg
1344,9533.0,https://image.tmdb.org/t/p/w500/ou9ZKA2cms02b7CdCdVqGkKu0O0.jpg,https://image.tmdb.org/t/p/w500/7c65xpnYlea6VITznLLRS9cTuwS.jpg
1345,9535.0,https://image.tmdb.org/t/p/w500/gN8o7Ke1lUF2K8tzcLRb5bfEKbD.jpg,https://image.tmdb.org/t/p/w500/oas0DvvhhaMncvn805LjepxeoZh.jpg
1346,9541.0,https://image.tmdb.org/t/p/w500/nMmMWoSooR6QmCjdT0AvZardof1.jpg,https://image.tmdb.org/t/p/w500/zuxSfx7ZNzBsXE0f0lSGrfRB01e.jpg
1347,9543.0,https://image.tmdb.org/t/p/w500/siNGMLdOUNYLEGtlsnmQcpO2XZX.jpg,https://image.tmdb.org/t/p/w500/iP0capCU4w5nxCDl398CH7yR1r9.jpg
1348,9544.0,https://image.tmdb.org/t/p/w500/phcd5AJvA1S45JMKYoNLhTzFwsE.jpg,https://image.tmdb.org/t/p/w500/5gnBqLDi1pjJxxCgpOJCu5VSLp1.jpg
1349,9548.0,https://image.tmdb.org/t/p/w500/u6accimG7LmroR8WgNklEJS7oFq.jpg,https://image.tmdb.org/t/p/w500/jbGbFD9DgGgrfDVyV8RVuKZjTcW.jpg
1350,9549.0,https://image.tmdb.org/t/p/w500/btqTjNRxecYgQ1FGfVlLqSSNjz.jpg,https://image.tmdb.org/t/p/w500/jPdRlbRBHGl2POLLk6Oylbav7ac.jpg
1351,9550.0,https://image.tmdb.org/t/p/w500/93feGsGiCtG5ymrRcErUgBsdo6v.jpg,https://image.tmdb.org/t/p/w500/qODx2OuPQNDxXUoqHBmTNww2iC3.jpg
1352,9552.0,https://image.tmdb.org/t/p/w500/5x0CeVHJI8tcDx8tUUwYHQSNILq.jpg,https://image.tmdb.org/t/p/w500/xcjJ5khg2yzOa282mza39Lbrm7j.jpg
1353,9555.0,https://image.tmdb.org/t/p/w500/vs8ATIRGEEYpcByrNtJ1WyI3LeD.jpg,https://image.tmdb.org/t/p/w500/2g0ilrxS3JpzSeLSyRQywPo0BjU.jpg
1355,9562.0,https://image.tmdb.org/t/p/w500/vexgfnhdlKERRMMdyVYLBXx89LW.jpg,https://image.tmdb.org/t/p/w500/lEmO4jnwfU2tifXQZDsbjSJLJTq.jpg
1356,9563.0,https://image.tmdb.org/t/p/w500/bysZeUvSPZPJnku4qkHF34CdgMG.jpg,https://image.tmdb.org/t/p/w500/lqASDYSyYMgC1gYY7VHqK9Tnv0I.jpg
1357,9566.0,https://image.tmdb.org/t/p/w500/lu7CjP8YES5dJMCFg5O9o9jCkjl.jpg,https://image.tmdb.org/t/p/w500/dISWllRkiQ1l5Nbn5JMZbz6RHoh.jpg
1359,9570.0,https://image.tmdb.org/t/p/w500/gCqOJWvOK5UPospyrLANKfwRBlG.jpg,https://image.tmdb.org/t/p/w500/dfNNSNVdbaFgDt4DLJf55CZsB5L.jpg
1362,9574.0,https://image.tmdb.org/t/p/w500/bnKvk04icAyCO1KjqhsaEXBO9aJ.jpg,https://image.tmdb.org/t/p/w500/iaAWeeZaWU7c1UHfxMOhqxLXAUp.jpg
1363,9576.0,https://image.tmdb.org/t/p/w500/ngyCzZwb9y5sMUCig5JQT4Y33Q.jpg,https://image.tmdb.org/t/p/w500/dGRGes6Yw0vK1IymLatHBXGvvpS.jpg
1364,9582.0,https://image.tmdb.org/t/p/w500/wWiPuP1wMW32pjX8Q9TEj69TxWI.jpg,https://image.tmdb.org/t/p/w500/Txzcr6Iqdam6WufVLlGEVz6N70.jpg
1366,9587.0,https://image.tmdb.org/t/p/w500/1ZzH1XMcKAe5NdrKL5MfcqZHHsZ.jpg,https://image.tmdb.org/t/p/w500/cIxRNZqafLWrS9WfkB7e7v6aJ0g.jpg
1367,9588.0,https://image.tmdb.org/t/p/w500/93HWOYFsjLsCJC8RawGLv1ANZwS.jpg,https://image.tmdb.org/t/p/w500/acceAT7dXF46O6ksnowcVAbnkY3.jpg
1368,9591.0,https://image.tmdb.org/t/p/w500/9RmZu33qHdyZFGLfhEOmkTjdNEu.jpg,https://image.tmdb.org/t/p/w500/vxhnRV7jGncAZmf0FFHMs6rFHWn.jpg
1373,9603.0,https://image.tmdb.org/t/p/w500/8AwVTcgpTnmeOs4TdTWqcFDXEsA.jpg,https://image.tmdb.org/t/p/w500/65d0MccsiRSPTVicregKQL8owoo.jpg
1374,9607.0,https://image.tmdb.org/t/p/w500/yt5bbMfKpg1nRr4k5edxs7tPK2m.jpg,https://image.tmdb.org/t/p/w500/1GGfWFp9hp4RUHRHxd505z9rVFa.jpg
1375,9610.0,https://image.tmdb.org/t/p/w500/m5i7S46DT1ESy7URkh2l92awGRr.jpg,https://image.tmdb.org/t/p/w500/kAhjS7czQu0gtMVwDqfSBR2KjTF.jpg
1376,557.0,https://image.tmdb.org/t/p/w500/or6XJBVpcEbIkma0V9zshnbEtx4.jpg,https://image.tmdb.org/t/p/w500/zQ8AxTPiCiS5nnwXpwTBPBHSaa5.jpg
1377,9614.0,https://image.tmdb.org/t/p/w500/4RnCeRzvI1xk5tuNWjpDKzSnJDk.jpg,https://image.tmdb.org/t/p/w500/As7NuiDRM4EO7LlJn2u8JWWsABp.jpg
1378,9615.0,https://image.tmdb.org/t/p/w500/46xqGOwHbh2TH2avWSw3SMXph4E.jpg,https://image.tmdb.org/t/p/w500/dMARcKLrv0T7kVJ4iQR3vqTTdtT.jpg
1379,9616.0,https://image.tmdb.org/t/p/w500/7kj4TffoKCt4gIrNupr2oqmir69.jpg,https://image.tmdb.org/t/p/w500/7KBJf963tZBijpP6bKOJrxkowGp.jpg
1380,9618.0,https://image.tmdb.org/t/p/w500/jxxxjTu87OSmQYkMFF7MgOEDXRn.jpg,https://image.tmdb.org/t/p/w500/vzvHhP8ZrDvOOx5fa9YC0OzDNIU.jpg
1381,9619.0,https://image.tmdb.org/t/p/w500/8PRVIfZzDgw8EV3sDWJ6NA1ZMAn.jpg,https://image.tmdb.org/t/p/w500/dMa5IBCZylgIKvpRA13a06RSSvn.jpg
1383,9621.0,https://image.tmdb.org/t/p/w500/mOdlzAQxhMgiaazRzif1YtJzg9s.jpg,https://image.tmdb.org/t/p/w500/cx2nwab4wKPpmQ9uacgBU7jJfEp.jpg
1384,9623.0,https://image.tmdb.org/t/p/w500/31mRYhJvaknQx8PQnR2UV7YCkLT.jpg,https://image.tmdb.org/t/p/w500/g0CGOIl3H1FDsqHpPzlfkhXAtv8.jpg
1386,9625.0,https://image.tmdb.org/t/p/w500/fMXc2nf3iZFsVbNNmJ5MCtjcwlk.jpg,https://image.tmdb.org/t/p/w500/oFs99SgcuVOwGhtew77rBKniNmi.jpg
1387,9626.0,https://image.tmdb.org/t/p/w500/83v0W5cCSFsWpI0cAj8DRlihySN.jpg,https://image.tmdb.org/t/p/w500/iWFnany1vDQ4EoBgvm7E3Pb0RyS.jpg
1388,9631.0,https://image.tmdb.org/t/p/w500/dUMHEymATOGbs2K3E4dmNSVBgFQ.jpg,https://image.tmdb.org/t/p/w500/y4TbQOC9DCzZop9HwKuX73rKbYO.jpg
1389,9637.0,https://image.tmdb.org/t/p/w500/mTAiBJGg8mqEfnYHHbi37ZoRSZm.jpg,https://image.tmdb.org/t/p/w500/1RAxtBxslR4OZCZC1vxIRUxjR7a.jpg
1390,9641.0,https://image.tmdb.org/t/p/w500/wD68dEtcKuboxd8bhbqiTTxn6cX.jpg,https://image.tmdb.org/t/p/w500/20KvYMRLJwFDDX6vbjZbCVzUPv5.jpg
1391,9644.0,https://image.tmdb.org/t/p/w500/moP0nyVWVisqSeH6nMewWyIPV6z.jpg,https://image.tmdb.org/t/p/w500/vYq0sXktMc9zwSiAsRCYwRlayk3.jpg
1392,9645.0,https://image.tmdb.org/t/p/w500/qT9jhRnf67dmMNpX2FmNPMeuW57.jpg,https://image.tmdb.org/t/p/w500/r4yVwsLF2pJr4C50pWizn9fYNbF.jpg
1393,9647.0,https://image.tmdb.org/t/p/w500/uO0znfB2ZzTXA1IS7jkrjNbpkYK.jpg,https://image.tmdb.org/t/p/w500/6Cld2xtKYfWnWK3w3gfJRRA82vd.jpg
1394,9654.0,https://image.tmdb.org/t/p/w500/eSkjK4kctyrWpFhxl35GPvSs6tI.jpg,https://image.tmdb.org/t/p/w500/jPH8ROhZMLvP0owQCE1J6it7fN0.jpg
1395,9655.0,https://image.tmdb.org/t/p/w500/xRElqFcUVuGf0s2rAQSSNAn1IS9.jpg,https://image.tmdb.org/t/p/w500/9ys3pySjmZiONZWAy8QhOxv5SDH.jpg
1396,16938.0,https://image.tmdb.org/t/p/w500/ym0QcbrKNujzDyAU1IHGYUdRWub.jpg,https://image.tmdb.org/t/p/w500/7nxNnR9yftqVUoFvBdfr2akgu2A.jpg
1397,9659.0,https://image.tmdb.org/t/p/w500/5LrI4GiCSrChgkdskVZiwv643Kg.jpg,https://image.tmdb.org/t/p/w500/mWQg2INejtX1PCWRAN4vseadA6H.jpg
1398,9662.0,https://image.tmdb.org/t/p/w500/enw6C4fDw88g0nOQgIJXjgH3NHi.jpg,https://image.tmdb.org/t/p/w500/9ZIOZcYY0NLKVLg6Pwxr0GwEJyV.jpg
1399,9664.0,https://image.tmdb.org/t/p/w500/xezeqrrno6ytLyLrbTXRGUk4rdu.jpg,https://image.tmdb.org/t/p/w500/cI9tb2V8IubIO5rsDNOqcEunAwU.jpg
1400,9665.0,https://image.tmdb.org/t/p/w500/pGDzBjZvzmSCIEduQBfESLMiwtp.jpg,https://image.tmdb.org/t/p/w500/3yHddfnAwI1kWOGjoQXZoqhnU5Z.jpg
1402,9671.0,https://image.tmdb.org/t/p/w500/pduPduL1ub5kok3lPYT15ryC9L6.jpg,https://image.tmdb.org/t/p/w500/fdyRR3R1urnk6oYiChCMu6bFaFb.jpg
1403,9672.0,https://image.tmdb.org/t/p/w500/cIQUn20lUQpi70W0Z7ixezQJ7gj.jpg,https://image.tmdb.org/t/p/w500/kA28hzGAais4Rlk0RG6PsQzTqU4.jpg
1404,9675.0,https://image.tmdb.org/t/p/w500/zOsaxYLgvZVU7cJBpPn8CuE0MrP.jpg,https://image.tmdb.org/t/p/w500/zmuRxro8AxPDjACjXTIIDCUNwDl.jpg
1405,9676.0,https://image.tmdb.org/t/p/w500/su7yuXqGUHICfoijtcSaxWLE34Y.jpg,https://image.tmdb.org/t/p/w500/kkNO9F5siCFpCAiXnq2t68Kl8go.jpg
1406,9678.0,https://image.tmdb.org/t/p/w500/AudA8gnTWSBWXBHSBHnr3HHUXXM.jpg,https://image.tmdb.org/t/p/w500/fYKfPWArkWeMcril9JxhVRP9bYk.jpg
1407,9679.0,https://image.tmdb.org/t/p/w500/fToQDmkBtiXYGh9xfgAh3gpo6GZ.jpg,https://image.tmdb.org/t/p/w500/mAeDJ3P4ZRDBsuDlKgL2mNXFvsc.jpg
1408,9682.0,https://image.tmdb.org/t/p/w500/9ePdNzKVvGHsMMphfS3HeoMvuEX.jpg,https://image.tmdb.org/t/p/w500/dTDETgmTPeEbnI3cwfQhTETgygv.jpg
1409,9683.0,https://image.tmdb.org/t/p/w500/tFwvUSc8g0HHvDOBQ2rvC9LWVSj.jpg,https://image.tmdb.org/t/p/w500/vUq8oKAnONAbYxIDNw4CQcEuADd.jpg
1411,9686.0,https://image.tmdb.org/t/p/w500/mViGEH5dfsAnUgJmce1RJkFycAi.jpg,https://image.tmdb.org/t/p/w500/41EKMZkoZY2GSGwGLVsZIRVFViM.jpg
1412,9689.0,https://image.tmdb.org/t/p/w500/aDRbdtNoTRoYnIpH3g1icGeHGBh.jpg,https://image.tmdb.org/t/p/w500/8U2VFMzc4OpXXt9rXea0aYnBxEq.jpg
1413,9691.0,https://image.tmdb.org/t/p/w500/wPmZYnaQpxwoHmwNwVhZ2IY0UbF.jpg,https://image.tmdb.org/t/p/w500/sYpmWBe1IO7Fxthtw3UmlzQEylK.jpg
1414,9693.0,https://image.tmdb.org/t/p/w500/k9IAS4TehZFcKi4HVByxZNPfqex.jpg,https://image.tmdb.org/t/p/w500/www52jvhbB0ppe9s0zxbf9EYox.jpg
1415,9697.0,https://image.tmdb.org/t/p/w500/ddNmoSy1Jd3PBF5XDZvrrBIfrja.jpg,https://image.tmdb.org/t/p/w500/lQgsnfkTGA8RXaoBEQ4oMtbJhIB.jpg
1416,9700.0,https://image.tmdb.org/t/p/w500/v19DsrJb0TJxTCdgaUzzuvOjfeD.jpg,https://image.tmdb.org/t/p/w500/4PnsKLoZBnv25r55aYyUEYG8bFw.jpg
1417,9701.0,https://image.tmdb.org/t/p/w500/upxUN4zmX79o49mBW9htKZDeNq7.jpg,https://image.tmdb.org/t/p/w500/6rgiRuLHn65d3qalkc7YjrtmDQW.jpg
1418,9702.0,https://image.tmdb.org/t/p/w500/8t9ojZ7fyn5iTqKCVjGvJ6nMacN.jpg,https://image.tmdb.org/t/p/w500/9xjUZjuYyehv2qnqMH0oR9nSTft.jpg
1420,9705.0,https://image.tmdb.org/t/p/w500/mM6h4jMqC4q5IaFgBIGKQDLnRU.jpg,https://image.tmdb.org/t/p/w500/eSxvC0Qw0A9AfI355MF9dSItrfR.jpg
1421,9707.0,https://image.tmdb.org/t/p/w500/pKQBit5ZV7GEOTiMBSYC6xBn86K.jpg,https://image.tmdb.org/t/p/w500/1TpUjiwMYtASIJYbtuyPkCe4kKw.jpg
1422,9709.0,https://image.tmdb.org/t/p/w500/47eozMel2wZgEASToUzScsPVpDs.jpg,https://image.tmdb.org/t/p/w500/yyD97jO6qJDKuI016aD3a0nTpml.jpg
1423,9713.0,https://image.tmdb.org/t/p/w500/sfJBsOdSbgLLarO6GIS0dWzFcCv.jpg,https://image.tmdb.org/t/p/w500/bab3M73GxIf0UfxPeXG1GsGjnXu.jpg
1424,9715.0,https://image.tmdb.org/t/p/w500/6PRFM09xjGSWpXObW87CT5JELGJ.jpg,https://image.tmdb.org/t/p/w500/9zgnuwIK6JAc6giVsscq9H82li1.jpg
1425,9716.0,https://image.tmdb.org/t/p/w500/cFOZ4bNbWtnIIboc43M86yhwPBX.jpg,https://image.tmdb.org/t/p/w500/2G6nVbZPPMvrJCNHm3lbiWJp59v.jpg
1426,9718.0,https://image.tmdb.org/t/p/w500/3iCiTqsmJz1mO85AHzTiHNkRmb6.jpg,https://image.tmdb.org/t/p/w500/hnTQfDlJ2oLzcvrrs1I3PH7f9j2.jpg
1427,9725.0,https://image.tmdb.org/t/p/w500/92rGctBMTv4uaSlIBVnhz01kRWL.jpg,https://image.tmdb.org/t/p/w500/80emEEa0svrT0YJDZLgLUu85ttp.jpg
1429,9728.0,https://image.tmdb.org/t/p/w500/9kukTSlgFgXnQGdpcHvHcpTDiUc.jpg,https://image.tmdb.org/t/p/w500/dtEkXmWPRwja6CtwPFcVpuMb7tW.jpg
1430,9729.0,https://image.tmdb.org/t/p/w500/4gWQoxAmSeBaugpccnWdlg5Ov6f.jpg,https://image.tmdb.org/t/p/w500/rMXqN3gXG66W4BzX0AMbpnZN41I.jpg
1431,9730.0,https://image.tmdb.org/t/p/w500/1J7zudfR3VLPwAf9lK5YPfSu0n6.jpg,https://image.tmdb.org/t/p/w500/2bbEE2aLu47unsPJwS57UZW0YF4.jpg
1433,9737.0,https://image.tmdb.org/t/p/w500/x1ygBecKHfXX4M2kRhmFKWfWbJc.jpg,https://image.tmdb.org/t/p/w500/wOLTJxfv98miIQcn0oNXq9fIgXM.jpg
1434,9741.0,https://image.tmdb.org/t/p/w500/mLuehrGLiK5zFCyRmDDOH6gbfPf.jpg,https://image.tmdb.org/t/p/w500/A7CYNTa3fWyU0t207XiecgriQv5.jpg
1435,9746.0,https://image.tmdb.org/t/p/w500/yvdFRDoQIQ5PBk4u8x8gJT8NJAw.jpg,https://image.tmdb.org/t/p/w500/hDUGoS4BKEAn5ZwJsFEGPU2fJtS.jpg
1436,9754.0,https://image.tmdb.org/t/p/w500/v4HHAWJthAGxnvefLGSyeSInZZx.jpg,https://image.tmdb.org/t/p/w500/w7N0Xkwhcz3oGHfSG3X5kPCSQjg.jpg
1437,9759.0,https://image.tmdb.org/t/p/w500/AhD3qVfVmxz5CXDxctXwK5nmrOp.jpg,https://image.tmdb.org/t/p/w500/AjHQO6ZNDHNSg6nWR5xeRruhTOf.jpg
1438,9760.0,https://image.tmdb.org/t/p/w500/l0lGJiTzU2Ce6T31DIRWv7I0kaC.jpg,https://image.tmdb.org/t/p/w500/tXVpprSIir1fL1O1sAHeLIOxxuD.jpg
1439,9762.0,https://image.tmdb.org/t/p/w500/fmw52kXk2kN8AQil7tgOD41gt4Q.jpg,https://image.tmdb.org/t/p/w500/k3AGi4UD8Ql2dKosXh6FrBSKm0s.jpg
1441,9766.0,https://image.tmdb.org/t/p/w500/tTjDApg546wt8OWazvPbEhygu83.jpg,https://image.tmdb.org/t/p/w500/qPeMXSecEnk4PFW6caRJJrJAe3b.jpg
1442,9767.0,https://image.tmdb.org/t/p/w500/ghCLIPRZNAndBoIZJ8f7lN5Mlly.jpg,https://image.tmdb.org/t/p/w500/tukmcuDcTgFesqveQQWKhKXKEzg.jpg
1443,9770.0,https://image.tmdb.org/t/p/w500/wXb9KGqxyrAHNygRRI1HW1BhcU.jpg,https://image.tmdb.org/t/p/w500/76STV6QPsVnYKX2HSEoTclAHIeQ.jpg
1444,9772.0,https://image.tmdb.org/t/p/w500/evO1iENjLpUnbwjnt5XK85jRYob.jpg,https://image.tmdb.org/t/p/w500/8IFCWQ0fQEukqNY7LAljl7DuFZf.jpg
1445,9776.0,https://image.tmdb.org/t/p/w500/5itBve85q2oXmiQ3SkgCJa5Asxq.jpg,https://image.tmdb.org/t/p/w500/12LmdeaGGitnPIdz9XcSlCQbuJ8.jpg
1448,9781.0,https://image.tmdb.org/t/p/w500/jedOctnsD20K4IvOeh5jG811B8L.jpg,https://image.tmdb.org/t/p/w500/NH15yF3nLKyYpog18sy5ynnGBf.jpg
1449,9782.0,https://image.tmdb.org/t/p/w500/xIQgviGRTxZ6o0iPooGUSn4Q1PW.jpg,https://image.tmdb.org/t/p/w500/2hX2Ku8spIy8LrAbuBxAfjRQMpw.jpg
1450,9783.0,https://image.tmdb.org/t/p/w500/285yCXj3JIe7rXdedZJ0FD4KPnS.jpg,https://image.tmdb.org/t/p/w500/r4ywH0186paRtmWDCDkgkPzR9SB.jpg
1451,9787.0,https://image.tmdb.org/t/p/w500/k2NiPfydLSwmk28C6qpvpJPuqtq.jpg,https://image.tmdb.org/t/p/w500/r19wkx0JESCD74GVyREFLzZN2VA.jpg
1452,9792.0,https://image.tmdb.org/t/p/w500/2eJL1Ccr1FN3dm9OSDwyd8uaX1b.jpg,https://image.tmdb.org/t/p/w500/vrFI0I3M8ROZduj9XbFDoQKZyao.jpg
1454,9794.0,https://image.tmdb.org/t/p/w500/vfALEF9wz4CEep071iOwM5Qqd17.jpg,https://image.tmdb.org/t/p/w500/kXdV5vphVB9vU6T4BCa4fNQLWDd.jpg
1455,9798.0,https://image.tmdb.org/t/p/w500/x9pXrMKLsBGGOFyyZ0Gwt9YpVub.jpg,https://image.tmdb.org/t/p/w500/lPLTLCBn39Wiy1RPQLB9xOKyF2v.jpg
1456,9799.0,https://image.tmdb.org/t/p/w500/gqY0ITBgT7A82poL9jv851qdnIb.jpg,https://image.tmdb.org/t/p/w500/jY9ef5nqY4xIIMu3yzW3qamUCoi.jpg
1457,9800.0,https://image.tmdb.org/t/p/w500/tFe5Yoo5zT495okA49bq1vPPkiV.jpg,https://image.tmdb.org/t/p/w500/nWO4sGqH950N2fij8X0Pwumqe9k.jpg
1458,9801.0,https://image.tmdb.org/t/p/w500/zDthRXkGnwFIWI0zWcJyS7h6lUl.jpg,https://image.tmdb.org/t/p/w500/hNE0LvMfeiX6vS95VcLo9AUA6PR.jpg
1459,9802.0,https://image.tmdb.org/t/p/w500/eBcoxveWzzXQrCrwWMGAROcqgpP.jpg,https://image.tmdb.org/t/p/w500/qDVdTL1KqGmGLGsy7UPA3vksku7.jpg
1461,9806.0,https://image.tmdb.org/t/p/w500/2LqaLgk4Z226KkgPJuiOQ58wvrm.jpg,https://image.tmdb.org/t/p/w500/lxwzY9vNwjDgxWKt3zZ6zcU6rEJ.jpg
1462,9809.0,https://image.tmdb.org/t/p/w500/8p64GZR0xEQaAfHY2309ShgtMap.jpg,https://image.tmdb.org/t/p/w500/1ZyZvbZlvA6fFLWEPmbJ84G3kG1.jpg
1463,9813.0,https://image.tmdb.org/t/p/w500/lXIuHcRGCRk0YBOi41MCHMvGst5.jpg,https://image.tmdb.org/t/p/w500/w1vvBqUQpKrOndLuQ7lci47nY4h.jpg
1464,9816.0,https://image.tmdb.org/t/p/w500/sV8GIxT3BjHIiwgKUNwk1S8VSLa.jpg,https://image.tmdb.org/t/p/w500/gy3ZWhNom6hZ1NsUDwfOKS7YDrx.jpg
1466,9821.0,https://image.tmdb.org/t/p/w500/eHcuTZwmY4VAJm7kfbZn7qDAjYs.jpg,https://image.tmdb.org/t/p/w500/wq41s88t8TUNDWWhpZQ65P4OhP8.jpg
1467,9822.0,https://image.tmdb.org/t/p/w500/jM39MOyLOxCD6Njz4vfQkGaKkY1.jpg,https://image.tmdb.org/t/p/w500/dkNjhkEk2tw7hoxx7Ik1YQsdenZ.jpg
1468,9823.0,https://image.tmdb.org/t/p/w500/ttryglcY2osWZE3sRYBf3ewTZsW.jpg,https://image.tmdb.org/t/p/w500/19EpgKZDkLIwY1TI1pjBJtQ5qdr.jpg
1469,9824.0,https://image.tmdb.org/t/p/w500/ciVSbFmDecOIwlxl9F6GhHVgCVJ.jpg,https://image.tmdb.org/t/p/w500/nrLnodkGvswfPiuKfbdPZN8P5eI.jpg
1470,9825.0,https://image.tmdb.org/t/p/w500/pEszakCP8j9E9S0UPLfEa3Cad3O.jpg,https://image.tmdb.org/t/p/w500/vvXc5WOBJQa3igNffSxMsqYyoqy.jpg
1471,9826.0,https://image.tmdb.org/t/p/w500/8k8RSMkmGR9Lp6FbKtithM3KIQb.jpg,https://image.tmdb.org/t/p/w500/jeVion38tN3JVaAB44EhiBSbXC1.jpg
1472,9829.0,https://image.tmdb.org/t/p/w500/r3mdSgsnpoi4UiUufdybhjha68t.jpg,https://image.tmdb.org/t/p/w500/pbm04tWNa8MkbPqJ33yrGVXTWAl.jpg
1474,9836.0,https://image.tmdb.org/t/p/w500/zP4CK9O70P8GDilfTkPm4lrmaks.jpg,https://image.tmdb.org/t/p/w500/tKVXRDeQogwQuS4O09Na7WMlrGd.jpg
1475,9837.0,https://image.tmdb.org/t/p/w500/2xUjYwL6Ol7TLJPPKs7sYW5PWLX.jpg,https://image.tmdb.org/t/p/w500/565DYYXgdRYMiETLi2EDx4p7s92.jpg
1476,9839.0,https://image.tmdb.org/t/p/w500/j7Upm2AtGuTzCs2Asq0GyBIMAxX.jpg,https://image.tmdb.org/t/p/w500/rp09OsrEIpFdsxQjIyWn821Wp7c.jpg
1477,9842.0,https://image.tmdb.org/t/p/w500/ffudFsgDUBfxbesYELDIrNtKdkz.jpg,https://image.tmdb.org/t/p/w500/KT4E9HZWkx0rqEnoTWyNhInqPZ.jpg
1478,9849.0,https://image.tmdb.org/t/p/w500/pOp4xriDEFUy2uN0BfnHJcjzqWt.jpg,https://image.tmdb.org/t/p/w500/1viDPGEPpEZBVwuIotnaXBQNyGQ.jpg
1479,9869.0,https://image.tmdb.org/t/p/w500/9IT7gnszrRthduYxCLqaIkM55Un.jpg,https://image.tmdb.org/t/p/w500/26Ftg4S0uORiachoSFR59biJC9c.jpg
1480,9870.0,https://image.tmdb.org/t/p/w500/d4elOzyhNWVlxpG7BwigrumkFTe.jpg,https://image.tmdb.org/t/p/w500/s39aQY3dK1s6ARrUKP5yeq824nR.jpg
1481,9877.0,https://image.tmdb.org/t/p/w500/dUvZDNU9G0njhM628NA5phASntq.jpg,https://image.tmdb.org/t/p/w500/sWYtXkNr4iGDd2khTqBxtoAM555.jpg
1482,9879.0,https://image.tmdb.org/t/p/w500/4zMy6R7acotCmGoDk4sjzRtDwKn.jpg,https://image.tmdb.org/t/p/w500/2T6zTAacQMCQo3T4AsuZmB1htlM.jpg
1483,9880.0,https://image.tmdb.org/t/p/w500/7axhsbEzFan6HQQ1aMOy7w3CFRx.jpg,https://image.tmdb.org/t/p/w500/ktPixrzD9Rbet7Co4uUWxyR9191.jpg
1485,9884.0,https://image.tmdb.org/t/p/w500/rALb2pU8QQGIlYdHezB2F5kwecI.jpg,https://image.tmdb.org/t/p/w500/tmLZMOhiqYL76PfzTYexXwTnouJ.jpg
1486,9889.0,https://image.tmdb.org/t/p/w500/q4lZrHWTWuybb6pzMucj1c0ngCW.jpg,https://image.tmdb.org/t/p/w500/7QkEgz9pEnS9AYzQmu465LMSwh0.jpg
1487,9890.0,https://image.tmdb.org/t/p/w500/ygr0Wlmm1KmE16TUefNitIscVBG.jpg,https://image.tmdb.org/t/p/w500/rjUeBEhX3xZ5gN5RNcCwUDGHCqx.jpg
1488,9893.0,https://image.tmdb.org/t/p/w500/w0kE8EufKNtYsliKWtsd4GJRH1b.jpg,https://image.tmdb.org/t/p/w500/6alQcAv7ofMudb3ABlJGPztTNJc.jpg
1489,9894.0,https://image.tmdb.org/t/p/w500/YJt9l3RdrRohI95btQKPXwpdii.jpg,https://image.tmdb.org/t/p/w500/nj0rIFyjZ0GUOQYnGM8YyGR3CmS.jpg
1490,9895.0,https://image.tmdb.org/t/p/w500/s1etp9ZqcRqZVfonrdFJbQ6mgk9.jpg,https://image.tmdb.org/t/p/w500/uZO3UptXcRgcaZQUtirLo9fTI1X.jpg
1491,9896.0,https://image.tmdb.org/t/p/w500/8ghNCfFbCJjcNSz2K5jOC3eO6ZD.jpg,https://image.tmdb.org/t/p/w500/vian6RN3bC4QdBQzY1wTmBkhxVQ.jpg
1492,30197.0,https://image.tmdb.org/t/p/w500/9qCIkNWGuRj5lMyeOXwJs8z9nRz.jpg,https://image.tmdb.org/t/p/w500/hQPDNRs6Zvt1pwss7DSu5Cihtim.jpg
1493,9900.0,https://image.tmdb.org/t/p/w500/fSRdHBtisU0zhks4OjKezI3jnt7.jpg,https://image.tmdb.org/t/p/w500/dhoyAlBnKkvDYVNgBEctJjy7U5k.jpg
1494,9902.0,https://image.tmdb.org/t/p/w500/12G5V0dTmljnv7RFMT144dJ2chh.jpg,https://image.tmdb.org/t/p/w500/e8CS8iisJ7PCJUwWUm0KLbsnKWl.jpg
1496,9906.0,https://image.tmdb.org/t/p/w500/oFuqX0inTvbA1XAFv2x3CQnI65m.jpg,https://image.tmdb.org/t/p/w500/bSAFxs1REUSNk50yjuiVugDKDxz.jpg
1497,9907.0,https://image.tmdb.org/t/p/w500/qB9jFInwUEb2VLhMeKQX17Vdrnp.jpg,https://image.tmdb.org/t/p/w500/eiU6of30k9VaXxYPq682VwM2D5q.jpg
1498,9912.0,https://image.tmdb.org/t/p/w500/vUIwPFAAXeCUuS040uGC0xSatcG.jpg,https://image.tmdb.org/t/p/w500/qKxAghWoR2M8ZIheMpbHp8jeXFi.jpg
1499,9913.0,https://image.tmdb.org/t/p/w500/wHmubdzrVw8oq7htzrf364wsJNp.jpg,https://image.tmdb.org/t/p/w500/23ZwzaqO5dAWHa3HpDaG9ThYmdM.jpg
1500,9916.0,https://image.tmdb.org/t/p/w500/nSFmT13VqhdVqRhU08ADMxy8cGX.jpg,https://image.tmdb.org/t/p/w500/ffCyX3jtEGtnfv4seCmCpjUnS2U.jpg
1501,9918.0,https://image.tmdb.org/t/p/w500/bGRSV5tStxDNPRLCewnOeeiZzrY.jpg,https://image.tmdb.org/t/p/w500/bWN6ZBr6nJNEuHigL9fQWhZ78hd.jpg
1502,9919.0,https://image.tmdb.org/t/p/w500/2dlftyPz7mTYbrsPvTogyFmYd7d.jpg,https://image.tmdb.org/t/p/w500/cdYj6HFpKp5NTmLiHHbNEGSmDT4.jpg
1503,9920.0,https://image.tmdb.org/t/p/w500/27OzQ2BBahQHYPiPEAXRXMbhnPQ.jpg,https://image.tmdb.org/t/p/w500/dSMWw6rNIKqtHyWEIkDa8u7Mboa.jpg
1504,9922.0,https://image.tmdb.org/t/p/w500/piVzOuKFLHNGLxnjwNtibC26lTy.jpg,https://image.tmdb.org/t/p/w500/5mwd1quVNkdwImOF2RGm90hKZ5P.jpg
1505,9923.0,https://image.tmdb.org/t/p/w500/pZdIfYkM5kV5BaUDYzwzgmpUxno.jpg,https://image.tmdb.org/t/p/w500/n6KcrQTZSdh8giDiYxe2EymRy1.jpg
1506,9928.0,https://image.tmdb.org/t/p/w500/fnKCh67l2DDG9NxxIlk9IpsXQ99.jpg,https://image.tmdb.org/t/p/w500/8p4gCdDT55PMY3UMDvo6ybzMrai.jpg
1507,9930.0,https://image.tmdb.org/t/p/w500/RH9bXtsxy12YKXqvAwKd5XmGvq.jpg,https://image.tmdb.org/t/p/w500/kL9mUbw8QJBh1vz643o956XZ0uj.jpg
1508,9932.0,https://image.tmdb.org/t/p/w500/q3R6Hno3WFfIkHQg7CeVAEOcHQQ.jpg,https://image.tmdb.org/t/p/w500/squEMJDrsY7ooVNFqbTSdIVO4Qh.jpg
1509,9942.0,https://image.tmdb.org/t/p/w500/ypUedY9zX4nGGf1lQv1UGc8PhPA.jpg,https://image.tmdb.org/t/p/w500/v37dE7vn1xogzcxOrHoVbdG2pH3.jpg
1510,9944.0,https://image.tmdb.org/t/p/w500/7B1HS0SqfJR1jbeHS6V0ZWdzLXP.jpg,https://image.tmdb.org/t/p/w500/dMFVSGbgtVTedpewA4PHykQuEEK.jpg
1511,9945.0,https://image.tmdb.org/t/p/w500/4JhaFBPwyC5IM1rKaRR07Gzutse.jpg,https://image.tmdb.org/t/p/w500/uzlGbsQkpK6C3ZiqRqKw9CwK0Do.jpg
1512,9946.0,https://image.tmdb.org/t/p/w500/pY8FbKKl3VD0jRI1iDFrwN6alLa.jpg,https://image.tmdb.org/t/p/w500/oVp4NyyOqVPKrv5PBA7Sjwoh09S.jpg
1513,9947.0,https://image.tmdb.org/t/p/w500/gC6s6NKHneSrOKyQZnUMb443RKU.jpg,https://image.tmdb.org/t/p/w500/kRpokiyfzyQHkQ0meMmvqPzQXnj.jpg
1514,9950.0,https://image.tmdb.org/t/p/w500/8M0dkX7jOor7exKor1txoUl9Ynu.jpg,https://image.tmdb.org/t/p/w500/4aAmGZrR15CnVU0VjVuzMHNQ2eZ.jpg
1516,9954.0,https://image.tmdb.org/t/p/w500/r6jbhgqKao3K3in4eftu7gqgMNH.jpg,https://image.tmdb.org/t/p/w500/vn9BFSlvwILE4wPUITi4XDD3fEK.jpg
1517,9955.0,https://image.tmdb.org/t/p/w500/yclY3zyzrL1MS9b6Eygs9ks0ZTY.jpg,https://image.tmdb.org/t/p/w500/brJ9nYhHNa8EsJRKRkJD4lv9c5j.jpg
1518,9957.0,https://image.tmdb.org/t/p/w500/5yMPCr4qhuNg6fT538xicHaMaG7.jpg,https://image.tmdb.org/t/p/w500/yNGbligUL65oIqfPMfUCX46Lymg.jpg
1519,9962.0,https://image.tmdb.org/t/p/w500/jpRumFobwgPzxj5YH33Wswnxdam.jpg,https://image.tmdb.org/t/p/w500/7pX8mc0B5QUWHrfzv2vZLjvsgLH.jpg
1520,9963.0,https://image.tmdb.org/t/p/w500/vKW1XIYrIqVrbCaYj9FQDHKXR8R.jpg,https://image.tmdb.org/t/p/w500/esXYvlivZ8j0HGqob949CIjqnGi.jpg
1521,9969.0,https://image.tmdb.org/t/p/w500/smJDzhYGhl6j9OrucsB7IkMNy82.jpg,https://image.tmdb.org/t/p/w500/lVSj3d2dvTaK3qO9K2aD1W4L7R0.jpg
1523,9978.0,https://image.tmdb.org/t/p/w500/2KTfHVWvVLmghBabwoygdJuf6Y2.jpg,https://image.tmdb.org/t/p/w500/sWO8C8QlyodOZU6eOdVxsGfSQvv.jpg
1524,9981.0,https://image.tmdb.org/t/p/w500/4erPZ5V0yzNXRB2IcypOACMEgOA.jpg,https://image.tmdb.org/t/p/w500/ryWBhLFJGaebx5G2AM872Q3MX3.jpg
1525,9982.0,https://image.tmdb.org/t/p/w500/87FpA4b90eTaw3U6zmCNikoPLir.jpg,https://image.tmdb.org/t/p/w500/h5Bwxe6dTVFtAFkybkd1EAB4yUW.jpg
1526,9986.0,https://image.tmdb.org/t/p/w500/fU0IR5HF8KxQbZijuWKPTrY81Qv.jpg,https://image.tmdb.org/t/p/w500/x7B2zT2OL8fKM53Wgzqz6nc7r02.jpg
1528,9989.0,https://image.tmdb.org/t/p/w500/9PXyfcJe53A9qFkcj5dkTJwIWoS.jpg,https://image.tmdb.org/t/p/w500/4zW1naRVReZqa9lfyLTmXnqchiI.jpg
1529,9991.0,https://image.tmdb.org/t/p/w500/ripTQsmWQJyccK6zB1dajSY3olv.jpg,https://image.tmdb.org/t/p/w500/lXwvQ7JEHm5kaHPVm7QR4mAnOkN.jpg
1531,10003.0,https://image.tmdb.org/t/p/w500/k43wPAVeepqzGwP52dKcknQjquj.jpg,https://image.tmdb.org/t/p/w500/ceLkDb2KgZukpeEfAQjXY8bAbe7.jpg
1534,10013.0,https://image.tmdb.org/t/p/w500/tfuQcvQmURiMqB2VPwytU3cPpEm.jpg,https://image.tmdb.org/t/p/w500/xCtyGEn5VGMKV7S9xRbQJyojgYf.jpg
1535,10014.0,https://image.tmdb.org/t/p/w500/53kxYw0G3o55yJ23K7s7KMaOyAM.jpg,https://image.tmdb.org/t/p/w500/8cxB1CiiODiWFayDPxLsAeviZvc.jpg
1536,10016.0,https://image.tmdb.org/t/p/w500/i2zztssCIbahGES1fdfWFmDXian.jpg,https://image.tmdb.org/t/p/w500/1loG5dSesKgwakjOET0Ll27jKgI.jpg
1537,10017.0,https://image.tmdb.org/t/p/w500/vHrNnqqRYWzkkrJV8MtmUGgC4Kk.jpg,https://image.tmdb.org/t/p/w500/oRwBASyG34mwSpIR1CSao123Xi4.jpg
1538,10022.0,https://image.tmdb.org/t/p/w500/ayVLPibrtazh7U5FliWRLDMmG3d.jpg,https://image.tmdb.org/t/p/w500/p0HdiQZVYylWy5JG8iuwzT1Ssdl.jpg
1539,10024.0,https://image.tmdb.org/t/p/w500/atRGqnG7pe0hZP97RWDLrT2hRGZ.jpg,https://image.tmdb.org/t/p/w500/zpVMWiNJgcwHB0zIMGjXQMnSKPZ.jpg
1540,10025.0,https://image.tmdb.org/t/p/w500/wWpqG3zrrPZhvNLflYJdbW1NgY3.jpg,https://image.tmdb.org/t/p/w500/tBLg1E9bQa7drOFZqQQLoNFfHqd.jpg
1541,10027.0,https://image.tmdb.org/t/p/w500/gghvmS3UxtOw1UHIgYjpeZNxHil.jpg,https://image.tmdb.org/t/p/w500/leukkAoRu9rsa3s8oaLm8C10EWw.jpg
1542,10028.0,https://image.tmdb.org/t/p/w500/gnY6d7BoddAAQ8s42fxCJK8lL1A.jpg,https://image.tmdb.org/t/p/w500/9dixOiaWMKAJiqBiIf7GgHADsG4.jpg
1543,10029.0,https://image.tmdb.org/t/p/w500/rYmyRxF5e9fBdgcQScKu0CUtMy5.jpg,https://image.tmdb.org/t/p/w500/2hrgzOj35M3Fa3YFWiaAD2Ty6Hu.jpg
1545,10034.0,https://image.tmdb.org/t/p/w500/mXyhSM5xuTTKcD7vmdYkqspYWzC.jpg,https://image.tmdb.org/t/p/w500/xXY4lTRNJXXuIyuTzickQHPUvqi.jpg
1546,10040.0,https://image.tmdb.org/t/p/w500/gcYoIHND3ugn2VH1cNHHNQasEyI.jpg,https://image.tmdb.org/t/p/w500/2UYxVugjbaPHH5f3cEQveufe75Y.jpg
1547,10045.0,https://image.tmdb.org/t/p/w500/uYIDJ15RLBsFFBSAkqjIirZCgVi.jpg,https://image.tmdb.org/t/p/w500/dSbXXdDcnQFimUf1mhkPk5dkQU3.jpg
1548,10047.0,https://image.tmdb.org/t/p/w500/lFzOGA2LPdOfQyhEiY74uDf2WKa.jpg,https://image.tmdb.org/t/p/w500/iW2ZLRkKJvFuI6ZkSchk5f8kCPc.jpg
1549,10048.0,https://image.tmdb.org/t/p/w500/cVtQHyTwaDhYFVRFXSuDthC2bXH.jpg,https://image.tmdb.org/t/p/w500/qpHQMt7zzlEkN3R4zMsYkqhgpeK.jpg
1550,10050.0,https://image.tmdb.org/t/p/w500/A5cTiukvEqNuTpNFRgVTTf1aZOI.jpg,https://image.tmdb.org/t/p/w500/saQxwnIr4ftRmFpJeV9DQI1lsWd.jpg
1551,10052.0,https://image.tmdb.org/t/p/w500/tafDYI10ZhorJ6nmsPqUfzQpRLn.jpg,https://image.tmdb.org/t/p/w500/kM9D0sVUiaOclaw1dLNm6a2jEG7.jpg
1552,45964.0,https://image.tmdb.org/t/p/w500/mdhpKVuuNZcc9noZzYXruxeIxdJ.jpg,https://image.tmdb.org/t/p/w500/3dK12SaczU7Tf8btq7K2F5HQg6F.jpg
1555,10061.0,https://image.tmdb.org/t/p/w500/3L9lL2eUsmLNNfENPwNOc82Hzpw.jpg,https://image.tmdb.org/t/p/w500/wzC2p07FfCsOTLo2aUeGBUQhsHX.jpg
1556,10065.0,https://image.tmdb.org/t/p/w500/4D246dpe7yy2GvHI2IbpeqkUXry.jpg,https://image.tmdb.org/t/p/w500/sfF1pe89QInD5OF3yvAzJ3ieUxS.jpg
1558,10067.0,https://image.tmdb.org/t/p/w500/tGX3YyPaYMbjiRwR5PjRsJW7GtM.jpg,https://image.tmdb.org/t/p/w500/veUujxONO3SyAvfZp5QndqPSzLg.jpg
1559,10068.0,https://image.tmdb.org/t/p/w500/aE1iunrgO8UHfoXKJcjCy4Ih17n.jpg,https://image.tmdb.org/t/p/w500/cf7jOkeY8tqSnVRzAbdlUKQynhe.jpg
1560,10069.0,https://image.tmdb.org/t/p/w500/hsSJwroE7jugEROB8tmyxJP91Ho.jpg,https://image.tmdb.org/t/p/w500/hoGR8l7VYUqtUGDR65citqrhUqi.jpg
1561,10070.0,https://image.tmdb.org/t/p/w500/g9i3dfQRAyU8TPe1LrbvAdVoLfB.jpg,https://image.tmdb.org/t/p/w500/dMjQZBVbE8Bh3FqnJiNY5tNS3kt.jpg
1562,10071.0,https://image.tmdb.org/t/p/w500/63u2QZZZIaME05TSv3tLKpibII1.jpg,https://image.tmdb.org/t/p/w500/tXrqV2ZCVzGmiFjltlmm2qNRSM2.jpg
1563,10072.0,https://image.tmdb.org/t/p/w500/qbtZewU6EGvxi8yFVzwZ31NijLX.jpg,https://image.tmdb.org/t/p/w500/euXJlfeYSyrdkOoFQ9gtUG8OOhH.jpg
1565,10074.0,https://image.tmdb.org/t/p/w500/jRkt03dXCVKnbvcQm3ygU1cjg9Y.jpg,https://image.tmdb.org/t/p/w500/R0p2aJVD7NTrCJFbDlTPKoVCCz.jpg
1566,10075.0,https://image.tmdb.org/t/p/w500/mzNe2RAZi19Uk1eqj8fE9oPkP1d.jpg,https://image.tmdb.org/t/p/w500/wHzR9AzN9ePToQbCsz0ZZPpzWZp.jpg
1567,10077.0,https://image.tmdb.org/t/p/w500/mdO0UpJEmSZJqauMbNrfzwKlxoR.jpg,https://image.tmdb.org/t/p/w500/cdR9ESJzcocgVphpwO5AYZRwrWg.jpg
1568,10090.0,https://image.tmdb.org/t/p/w500/l9v3nqTU4Gj2zuASGDLJX4YD8ma.jpg,https://image.tmdb.org/t/p/w500/tNCBhUrlskXHvp7JozWUmVKeuP0.jpg
1569,10092.0,https://image.tmdb.org/t/p/w500/7OQ2McKYgnyfIHHkm0jBxQnu7ou.jpg,https://image.tmdb.org/t/p/w500/j54AMTBNjpYESymzcrfLxHmLSbt.jpg
1570,10096.0,https://image.tmdb.org/t/p/w500/iNZdSIfhSCMtRILDNyhLn8UKeSG.jpg,https://image.tmdb.org/t/p/w500/ld7UTOGzZSxIMbuYsb6eQ6QdN4h.jpg
1571,10105.0,https://image.tmdb.org/t/p/w500/A4LgmMTiRpkEzC6pxRcxE28IDov.jpg,https://image.tmdb.org/t/p/w500/nTyyyUg8p5EWfze3haCzL6aKWfj.jpg
1572,10115.0,https://image.tmdb.org/t/p/w500/uMcylxIC7nBpBd8Uf6Apr4MJ1pf.jpg,https://image.tmdb.org/t/p/w500/81DlYvzoxYjPzFAxs6ruTRZzFRL.jpg
1573,10117.0,https://image.tmdb.org/t/p/w500/vWBGkHT91My4T2iV3xgynpBTKtQ.jpg,https://image.tmdb.org/t/p/w500/wz9Fntmcqvrd4bqtPCTLp5DeEwc.jpg
1576,10133.0,https://image.tmdb.org/t/p/w500/7wYwmDuCbdKF7sAcLj7eqrNaiam.jpg,https://image.tmdb.org/t/p/w500/dAUPKVE0K7XPC02IepwrMduvYYa.jpg
1577,10135.0,https://image.tmdb.org/t/p/w500/n7Ra0BRYQVn47kiqOMyS8vdY0QS.jpg,https://image.tmdb.org/t/p/w500/cUrFALlZP6Zh5SYRPSUnOYXfMhr.jpg
1578,10136.0,https://image.tmdb.org/t/p/w500/9gPphtcGmna90U9CEsWlUVaSkAw.jpg,https://image.tmdb.org/t/p/w500/wCT10p7jpFF6V0RBt1Fsl5NEqA6.jpg
1579,10137.0,https://image.tmdb.org/t/p/w500/362lcwTJlNyAhitTlp2UraECISR.jpg,https://image.tmdb.org/t/p/w500/eDN9AA0IkGuuQKuINFvENisI79t.jpg
1580,10138.0,https://image.tmdb.org/t/p/w500/6WBeq4fCfn7AN0o21W9qNcRF2l9.jpg,https://image.tmdb.org/t/p/w500/7lmBufEG7P7Y1HClYK3gCxYrkgS.jpg
1581,10139.0,https://image.tmdb.org/t/p/w500/ot4ImF4b7QbS6XsTdMH3pWxNmX2.jpg,https://image.tmdb.org/t/p/w500/8rBBojmT5vwkuVh2hFWBkbWtlBX.jpg
1582,10140.0,https://image.tmdb.org/t/p/w500/pP27zlm9yeKrCeDZLFLP2HKELot.jpg,https://image.tmdb.org/t/p/w500/oc3be3waruLd0PB9h4bomN7Le3v.jpg
1584,10152.0,https://image.tmdb.org/t/p/w500/qxD6P3UXASFCdbrVavceZzgOfI9.jpg,https://image.tmdb.org/t/p/w500/e2Ppz6IQcukpqyYYJsRkWcsGXvT.jpg
1585,10153.0,https://image.tmdb.org/t/p/w500/reR7C7EYe3DiHm5OYpA0ACUMDld.jpg,https://image.tmdb.org/t/p/w500/rSoWawQFVINi3yMyeMfq4aCny0U.jpg
1586,10154.0,https://image.tmdb.org/t/p/w500/gEnKsStQ27P0KCCIGtkYwvFQ0RX.jpg,https://image.tmdb.org/t/p/w500/7BUkUyHAijyZ8UpMxnn3TM5vHwg.jpg
1587,10156.0,https://image.tmdb.org/t/p/w500/1bMaEfI76yrGjCSDquCippAFIDI.jpg,https://image.tmdb.org/t/p/w500/huW5dZywslw6muqmpDtMl6Ywl3m.jpg
1588,10159.0,https://image.tmdb.org/t/p/w500/cwNeP2fz0vqNhmKIcSgLD0xc6g2.jpg,https://image.tmdb.org/t/p/w500/i7ClLxhjClTCXGBt3FLC4hbEvU.jpg
1589,10160.0,https://image.tmdb.org/t/p/w500/kizvpgXQfrAgN8FhOd87LbKk6kO.jpg,https://image.tmdb.org/t/p/w500/48eGqD1OvrCPC7zqCEaD6GDiqoT.jpg
1590,10162.0,https://image.tmdb.org/t/p/w500/bsxiOOKC40HlhdIJYCUE2BkpJv0.jpg,https://image.tmdb.org/t/p/w500/et3pBXfI1Q1fb7kLwZIoW7CYQgh.jpg
1591,10163.0,https://image.tmdb.org/t/p/w500/1VLqWcel87oYVmN383FgSH0mCTY.jpg,https://image.tmdb.org/t/p/w500/tRs8Kg3BhjFVMwdIX4zxN7r7Ydu.jpg
1592,10167.0,https://image.tmdb.org/t/p/w500/fJhudecoqyoZLoCwAZvqNPd7MK5.jpg,https://image.tmdb.org/t/p/w500/kn2DrfbjYWyNAXlYjCIhQPOTEYd.jpg
1594,10183.0,https://image.tmdb.org/t/p/w500/qZRcN4JLwYQWTxKlycZPLQb37mO.jpg,https://image.tmdb.org/t/p/w500/gOhtvGwrVkEM5hCFdyyWKJEOBk8.jpg
1595,10184.0,https://image.tmdb.org/t/p/w500/jip2ap24Y6JxEgzVRyNqyYssnyR.jpg,https://image.tmdb.org/t/p/w500/jZkkch6yrP1tVVfEU2uqwej9rBM.jpg
1596,10185.0,https://image.tmdb.org/t/p/w500/x5YbfyUA8huK0shr008xwzNVJ5Y.jpg,https://image.tmdb.org/t/p/w500/tcV7eCdGFN3RzB2ByWRrH5Xf7cU.jpg
1597,10186.0,https://image.tmdb.org/t/p/w500/wzgFC7jOEMtf9D6CSdI7ckUMtwU.jpg,https://image.tmdb.org/t/p/w500/y6YSJ6TpXC1lbn7dF7CQ39g8l5H.jpg
1598,10187.0,https://image.tmdb.org/t/p/w500/aa5pWY2IVObKS7JZpfEw7Fe4FJk.jpg,https://image.tmdb.org/t/p/w500/79oCgYdfWJv6Wfew0xcsLgNZPIa.jpg
1599,10188.0,https://image.tmdb.org/t/p/w500/LCzsRo4RTxtWeBYMHnWAmk33U3.jpg,https://image.tmdb.org/t/p/w500/1ZxO1yMAe6GvhcOLQQ4PwXX2npB.jpg
1600,10189.0,https://image.tmdb.org/t/p/w500/6E50WjeOYjDZg9HXgPjYdGtY2jG.jpg,https://image.tmdb.org/t/p/w500/aO6Z7ErkEoahGFKYdEs4k4ilWFe.jpg
1601,10191.0,https://image.tmdb.org/t/p/w500/ygGmAO60t8GyqUo9xYeYxSZAR3b.jpg,https://image.tmdb.org/t/p/w500/59vDC1BuEQvti24OMr0ZvtAK6R1.jpg
1602,10192.0,https://image.tmdb.org/t/p/w500/6HrfPZtKcGmX2tUWW3cnciZTaSD.jpg,https://image.tmdb.org/t/p/w500/uzzTystB8lL0mRDII5Sfs5HxgkI.jpg
1603,10193.0,https://image.tmdb.org/t/p/w500/AbbXspMOwdvwWZgVN0nabZq03Ec.jpg,https://image.tmdb.org/t/p/w500/uAfhsySkr1UzQg1zdg3dZQRz9Fd.jpg
1604,10195.0,https://image.tmdb.org/t/p/w500/prSfAi1xGrhLQNxVSUFh61xQ4Qy.jpg,https://image.tmdb.org/t/p/w500/cDJ61O1STtbWNBwefuqVrRe3d7l.jpg
1605,10196.0,https://image.tmdb.org/t/p/w500/zgwRTYWEEPivTwjB9S03HtmMcbM.jpg,https://image.tmdb.org/t/p/w500/gU5cR9LKtDD8YvzE7T7GvmzCEAA.jpg
1607,10198.0,https://image.tmdb.org/t/p/w500/yprv5PbnEksoVj2v6XEnDBg9joR.jpg,https://image.tmdb.org/t/p/w500/y5tad0a4yRbxYgOHGllEIEeCCKt.jpg
1608,10199.0,https://image.tmdb.org/t/p/w500/6bBzgQ1uJabDHeGR9QvKrHvHYzG.jpg,https://image.tmdb.org/t/p/w500/zsroSDR1aERgORUtbHBczq7F0Ke.jpg
1609,10200.0,https://image.tmdb.org/t/p/w500/vBgFSYmG5tb7GsZ3tHR0WNaWaxA.jpg,https://image.tmdb.org/t/p/w500/nIxFtd6gcmGGvFxyb1z3mt46CrN.jpg
1610,10201.0,https://image.tmdb.org/t/p/w500/8Vk2nQF1kY34x53YnWd5zDaTht.jpg,https://image.tmdb.org/t/p/w500/l9kUuYVqiZV1r6d4nKUKcQvtLR3.jpg
1612,10204.0,https://image.tmdb.org/t/p/w500/bBiMw6Jtg8tSTcEq8jFV7qk9TRW.jpg,https://image.tmdb.org/t/p/w500/lpZPrfmWrcSkYQx8JHT9APj2uPB.jpg
1613,10207.0,https://image.tmdb.org/t/p/w500/ulUjszY6YJFsDUd0E3WolJg6sOp.jpg,https://image.tmdb.org/t/p/w500/bHTAGzPTQ0aBm7gmfkSnqaHiajM.jpg
1615,10212.0,https://image.tmdb.org/t/p/w500/5f7pY4Uzyt4ZNWhHyd1dJhIF4Gc.jpg,https://image.tmdb.org/t/p/w500/mBw7GMmRycQHFXRUjn70KrzCJCq.jpg
1616,10214.0,https://image.tmdb.org/t/p/w500/Adgnfhm9B8YAQmC0osuP4zO9SRc.jpg,https://image.tmdb.org/t/p/w500/zbGteYxh9dMJAKPyZY9AWzzHR5I.jpg
1617,10215.0,https://image.tmdb.org/t/p/w500/s8VOVTywXZIIHqdEjkCZziH0ebq.jpg,https://image.tmdb.org/t/p/w500/1dApwEEMrk7QnUb1EpyYWrG6nRh.jpg
1618,10217.0,https://image.tmdb.org/t/p/w500/gJy7LMq4b5qO5fsSUSoBgm24BHf.jpg,https://image.tmdb.org/t/p/w500/7zRAZFZ4xVMyoLEvCb4Au41uvny.jpg
1619,10218.0,https://image.tmdb.org/t/p/w500/rRjWk68kU3a2so4lgr3TKB7Y5vA.jpg,https://image.tmdb.org/t/p/w500/urQRrvRzsBztqjOt7yuxX9gpqw1.jpg
1620,10219.0,https://image.tmdb.org/t/p/w500/h1CujbeKvwkR6LMr4jVuMM0C94X.jpg,https://image.tmdb.org/t/p/w500/aAIobmR0vHtbmUgVeEBLXrGcipm.jpg
1621,10220.0,https://image.tmdb.org/t/p/w500/mqbMwYGwIChnaCO55h7v8DG8Wwy.jpg,https://image.tmdb.org/t/p/w500/tgRQsrjBKdic7llxhI7pqLJb8kS.jpg
1623,10225.0,https://image.tmdb.org/t/p/w500/6vdUpHvkspQonXBdWcLWW5ciEPJ.jpg,https://image.tmdb.org/t/p/w500/93tvkTtV6tQQiYhxhij9tuODNOq.jpg
1624,10226.0,https://image.tmdb.org/t/p/w500/vKeFa7CqSxmWsQDjHP6SJXKoDbj.jpg,https://image.tmdb.org/t/p/w500/ecn4qv1SzQaZ8jMyPPs307UqKxa.jpg
1625,10229.0,https://image.tmdb.org/t/p/w500/8lUYMvWdHA0Q0k5F76RQCeCBUkA.jpg,https://image.tmdb.org/t/p/w500/uRdJx2p950EobLYuf7Oz39Wk7jd.jpg
1626,10238.0,https://image.tmdb.org/t/p/w500/a1bMgB09YDvvRN9SitCclUYragr.jpg,https://image.tmdb.org/t/p/w500/xmLgdb0yDBXa7Dlo3aCzjhjCkuE.jpg
1628,10253.0,https://image.tmdb.org/t/p/w500/rEpvqWGu08coDLUpcpiz4sMoDYo.jpg,https://image.tmdb.org/t/p/w500/5WWqrUIGrCb1QvZtYVaSfZgUG8n.jpg
1629,10269.0,https://image.tmdb.org/t/p/w500/AcCX4tKqwP5BTfRTQEqZW3qabl3.jpg,https://image.tmdb.org/t/p/w500/oMRr5B0OkOJ8vjwR2w5Xw7YNp9W.jpg
1630,10279.0,https://image.tmdb.org/t/p/w500/yvGGA2CbT6xyFVTZUA9f2ok0q5V.jpg,https://image.tmdb.org/t/p/w500/pXXhErx4sn30BuOnhNeGJX8mQ7r.jpg
1631,10280.0,https://image.tmdb.org/t/p/w500/qGj0B5yx9FPTjTKODOUzccjhG5F.jpg,https://image.tmdb.org/t/p/w500/3xLT29KkCwLqRgRRtaUHGG6OaZ5.jpg
1632,10281.0,https://image.tmdb.org/t/p/w500/rUzk9Qnyz2FZGxHMBrq6DYIQZkO.jpg,https://image.tmdb.org/t/p/w500/roHX6N0VkySKBlramHUw1zdMQHB.jpg
1633,10283.0,https://image.tmdb.org/t/p/w500/6ezOsZ9UzqGnbDokaatxdOWP6e9.jpg,https://image.tmdb.org/t/p/w500/6U5sEPgkf3nnQC51kUUKcKzNSyR.jpg
1634,10285.0,https://image.tmdb.org/t/p/w500/Aacq05foqiWdXqetFv02HBvMoJy.jpg,https://image.tmdb.org/t/p/w500/wqRyyOZcMaUxTnKsxDexPp4IAZ5.jpg
1635,10288.0,https://image.tmdb.org/t/p/w500/hKUUn6f4Hxj5iqQKMlQzRqbg2yT.jpg,https://image.tmdb.org/t/p/w500/bWukUgej8vZTRF9YFi2NWmswZie.jpg
1636,10306.0,https://image.tmdb.org/t/p/w500/pLewUibOJLGISvMqB94mAMdjz2q.jpg,https://image.tmdb.org/t/p/w500/exQwGehuaGAjqVwSoVfAA8sybna.jpg
1637,10307.0,https://image.tmdb.org/t/p/w500/sKS1Vuqj7OQpOumfs6ArC0TICTN.jpg,https://image.tmdb.org/t/p/w500/i9tMK3nzmZJ8MBG92iIxGXHWDq4.jpg
1638,10312.0,https://image.tmdb.org/t/p/w500/xN1aKur5ddWQSXTqvzDPJD2TCxe.jpg,https://image.tmdb.org/t/p/w500/sPGgJ0w1oCVPBOW41dN0hpMouhI.jpg
1639,10313.0,https://image.tmdb.org/t/p/w500/5boJKypPQmgABssbKOk2RvsCnSv.jpg,https://image.tmdb.org/t/p/w500/lAJpYAepH7bic2TmE7ZP8q404P4.jpg
1640,10314.0,https://image.tmdb.org/t/p/w500/a0pepZNFCjggc7Na9gEwbTI1f46.jpg,https://image.tmdb.org/t/p/w500/oSY7vsYlScliVKomRNviGuWXykC.jpg
1641,10315.0,https://image.tmdb.org/t/p/w500/bOVr292mwn3jxr1e0NmUPM1rcjo.jpg,https://image.tmdb.org/t/p/w500/xRxSLhhjPG2D8l0BXi0KdN4IvPt.jpg
1642,10316.0,https://image.tmdb.org/t/p/w500/w8t4UnJnC24S9ygoaFgmMzRbErd.jpg,https://image.tmdb.org/t/p/w500/lO3QqiOh2AO47oUVJcgr7axxftH.jpg
1644,10320.0,https://image.tmdb.org/t/p/w500/bHbz7z2pecTawhkqLpuC2m0qywe.jpg,https://image.tmdb.org/t/p/w500/A9myIvZ8Jvq0kP32ynx6bC1jZZp.jpg
1645,10327.0,https://image.tmdb.org/t/p/w500/4kC0UGTuJgFnlZq2ZM6OiY7nuY8.jpg,https://image.tmdb.org/t/p/w500/jmf9dLoKVDDwEB2cb0OJ9fEGbHy.jpg
1648,10331.0,https://image.tmdb.org/t/p/w500/rb2NWyb008u1EcKCOyXs2Nmj0ra.jpg,https://image.tmdb.org/t/p/w500/5KtmBSqFtHY3I9t8lgH27Mc0bqY.jpg
1649,10333.0,https://image.tmdb.org/t/p/w500/1AyeW3YlwfhRwLDeUCW686obceb.jpg,https://image.tmdb.org/t/p/w500/oqosaCWqrh3geYMksXhBaZQjwOJ.jpg
1650,10336.0,https://image.tmdb.org/t/p/w500/3svvunKXkhRvEKByGDua1Qu0otq.jpg,https://image.tmdb.org/t/p/w500/cSR1BXlqaKXhexFQQU4NJdI3KDy.jpg
1651,10339.0,https://image.tmdb.org/t/p/w500/7JXcm3RyWlGsRCZ0YlOliWr6TNv.jpg,https://image.tmdb.org/t/p/w500/lbuYAwwTuqiWgpzlxMMPrYkUop4.jpg
1652,10350.0,https://image.tmdb.org/t/p/w500/e3p2vkA4mnFaBlyAIntkZWkzOJW.jpg,https://image.tmdb.org/t/p/w500/AknsmgqjjDtzH5bPMCjKYoiEwAg.jpg
1653,10353.0,https://image.tmdb.org/t/p/w500/c1xMb4GfTuyKSRUoeewBF27dtKa.jpg,https://image.tmdb.org/t/p/w500/ep9dgyiqnonyerQG5HsCToYzQHY.jpg
1654,10357.0,https://image.tmdb.org/t/p/w500/5xIjktjXuro7anZ6AR58t5ZYWjQ.jpg,https://image.tmdb.org/t/p/w500/lYpScP0hkba0X3HY1VrKZ7LOMxS.jpg
1655,10358.0,https://image.tmdb.org/t/p/w500/ipePhKf87FixwfAVJ8MMWK53caI.jpg,https://image.tmdb.org/t/p/w500/5kPMUjtfDemu8MvKoa37cYoo5iJ.jpg
1657,10364.0,https://image.tmdb.org/t/p/w500/eSB3i3vvFiRTszmZVawWqROzM6p.jpg,https://image.tmdb.org/t/p/w500/7Oju2DdZTL7RUnoKctRvH4u1n8N.jpg
1658,10366.0,https://image.tmdb.org/t/p/w500/qlcPJK0Me8aUtDPwk3TqN2RdKH4.jpg,https://image.tmdb.org/t/p/w500/7mTsm6R2LAOxOsQ1BooJ27WwzAl.jpg
1659,10368.0,https://image.tmdb.org/t/p/w500/i3rAPxhhDjqsL1rZJM57pyR7xFW.jpg,https://image.tmdb.org/t/p/w500/w5AkUNcQP5FtEhEBeU3yioZOczN.jpg
1660,10375.0,https://image.tmdb.org/t/p/w500/rn2Zu7zjOfNQCqQmqO7T1PDcBCq.jpg,https://image.tmdb.org/t/p/w500/mj49FvpUhjDHYKNjqCogAtzvZo4.jpg
1663,10384.0,https://image.tmdb.org/t/p/w500/AmHGUjhgXnOYRYrF2ZYMtzfwxPe.jpg,https://image.tmdb.org/t/p/w500/przsU4aiGsdlDkCp5uV8kq8gbLe.jpg
1664,10385.0,https://image.tmdb.org/t/p/w500/lnnFFGhIXi6ZDU3r29eKHKTHdq0.jpg,https://image.tmdb.org/t/p/w500/9I9VYNau1KU77OQAcF6WnfOtGcU.jpg
1665,10386.0,https://image.tmdb.org/t/p/w500/k1Cv5CHJvqGWK1xJDUJz8DojFEy.jpg,https://image.tmdb.org/t/p/w500/ni5cXCrrGzoiIEoIwOzGiIwMZlH.jpg
1666,10388.0,https://image.tmdb.org/t/p/w500/efAnFInZYrenNvBlLIXN2oLYyNc.jpg,https://image.tmdb.org/t/p/w500/mKm56aTBr34ciZTpTWX6WoPubUY.jpg
1667,10390.0,https://image.tmdb.org/t/p/w500/vkeKxoSXE1qMArcFNTNBBH8TjKZ.jpg,https://image.tmdb.org/t/p/w500/jYg7oXQUB3yW6WHYVXn5ltXfcpa.jpg
1669,10393.0,https://image.tmdb.org/t/p/w500/6qerI41HqkdRlio1sG0d5HLZcFN.jpg,https://image.tmdb.org/t/p/w500/wH4M4wvSR2kQqomE3N9dTStJre8.jpg
1670,10395.0,https://image.tmdb.org/t/p/w500/1nHVuNQ7gdMympgwnGavzkXkzXj.jpg,https://image.tmdb.org/t/p/w500/dAFKnTzyOBbZyRCAb33F632ctva.jpg
1671,10397.0,https://image.tmdb.org/t/p/w500/3Zzcys11nAPP14sKW9l97fIHhkK.jpg,https://image.tmdb.org/t/p/w500/oKNe6Ids29lqvG6PFc4qxlB3j1R.jpg
1672,10398.0,https://image.tmdb.org/t/p/w500/dPd9QvEeMQpgHO6iLB1LqALTZl.jpg,https://image.tmdb.org/t/p/w500/fk4NXhazfRKtQaVEV9IPeM7OIVH.jpg
1673,10400.0,https://image.tmdb.org/t/p/w500/zhnxjsNnnpsBMF5V1H7Pzkec45Y.jpg,https://image.tmdb.org/t/p/w500/ffAL7ZiUnCay51SeHFTrTEUpUkO.jpg
1675,10410.0,https://image.tmdb.org/t/p/w500/aMGhaSkhkFwz33hKEsBrJ3ptx3g.jpg,https://image.tmdb.org/t/p/w500/dineJzDZLuEXNNy261vFcJgqhxr.jpg
1676,10413.0,https://image.tmdb.org/t/p/w500/a2FGbyzk2dTAlu37iGeQBbUjLLE.jpg,https://image.tmdb.org/t/p/w500/5VF6N8dPSSPeyQdQoQ53mxDcUjw.jpg
1677,10414.0,https://image.tmdb.org/t/p/w500/zxaCHxKDFNi6frh1Q0dj19L216o.jpg,https://image.tmdb.org/t/p/w500/5Im6DRMxV9tnrPL5B9OCVP32AkO.jpg
1679,10425.0,https://image.tmdb.org/t/p/w500/sgIthxRLUBTbaetVXvXwQEmbfn2.jpg,https://image.tmdb.org/t/p/w500/o1QOSrwY9cjkEi1f9RL3tYxUFta.jpg
1680,10426.0,https://image.tmdb.org/t/p/w500/sxHFGPKLWj9e3aaA6wGVxghoiPE.jpg,https://image.tmdb.org/t/p/w500/bfnQPbcmPAXO2QmDONalx4vNWPB.jpg
1682,10431.0,https://image.tmdb.org/t/p/w500/scFc8RD4sFxB2x0eIOaymphMnYh.jpg,https://image.tmdb.org/t/p/w500/b5IB4VGjR818tTNcCLHQCIFwQmW.jpg
1683,10436.0,https://image.tmdb.org/t/p/w500/5Tuyt26v7qNR8Cl3m7ZRx36rduf.jpg,https://image.tmdb.org/t/p/w500/kMJlMlf1jYdk7L7YTSi231rjBtk.jpg
1685,10439.0,https://image.tmdb.org/t/p/w500/by4D4Q9NlUjFSEUA1yrxq6ksXmk.jpg,https://image.tmdb.org/t/p/w500/ncr6KR7bBF8cps6yZKiTAwClpn1.jpg
1687,10448.0,https://image.tmdb.org/t/p/w500/7SGV2gjYWKQezXOLGdbzPuaYxo2.jpg,https://image.tmdb.org/t/p/w500/dxP6c1ZaCGlIsoKyN66gJdN2bCc.jpg
1690,10471.0,https://image.tmdb.org/t/p/w500/dP4fYCGQZzg17ta7FvLwJVCwwt9.jpg,https://image.tmdb.org/t/p/w500/xi4Uy11TdACds3SXglrbbmaVd90.jpg
1692,10476.0,https://image.tmdb.org/t/p/w500/yO5QTMZ2Oex6mwsgJuwRuINGuOQ.jpg,https://image.tmdb.org/t/p/w500/d4ZrRcwEPmLQvOCyrSdWw5NglGB.jpg
1693,10477.0,https://image.tmdb.org/t/p/w500/8tJ4Ya8yEyxCMihDumEyvwvUuLB.jpg,https://image.tmdb.org/t/p/w500/rODTjAT8q1u4ZXIVTCwsBbZo3EE.jpg
1694,10478.0,https://image.tmdb.org/t/p/w500/rB7OvMmjcBFoogleORaUqrRgp8g.jpg,https://image.tmdb.org/t/p/w500/amO7B3fSXhnIP51NDXBXPVcZRe.jpg
1695,10480.0,https://image.tmdb.org/t/p/w500/1OCHR9z9k7go669AsShOkTj4CFb.jpg,https://image.tmdb.org/t/p/w500/8ZquU1oL90wNowQeXaXx7xPk7vZ.jpg
1696,10481.0,https://image.tmdb.org/t/p/w500/ueE6u2GTECzGBtas6PFx7wwi9y0.jpg,https://image.tmdb.org/t/p/w500/eqZ5t82asfprFcNS56eVruNT5G5.jpg
1697,10483.0,https://image.tmdb.org/t/p/w500/8ASwIBJSyUXUdlPLVjExnOghBar.jpg,https://image.tmdb.org/t/p/w500/5mbFEJStH59cNFcF7VkRgsSxMqK.jpg
1698,10488.0,https://image.tmdb.org/t/p/w500/vhNoXDpc7T5OdmAuu8DMHLB39uo.jpg,https://image.tmdb.org/t/p/w500/yXqNFTsp2P3fSkSQvs0vxkQF586.jpg
1699,10490.0,https://image.tmdb.org/t/p/w500/iMMvFvHhURa4cWv6CxhpwIDjme2.jpg,https://image.tmdb.org/t/p/w500/xXSDhhyC853VgF7OCDKpXKeA5Md.jpg
1701,10501.0,https://image.tmdb.org/t/p/w500/tQuqhUBACMcGqCvliHxpJreBfXC.jpg,https://image.tmdb.org/t/p/w500/ciM5RFsBoWEj0tbwJy42Hr76iRd.jpg
1702,10514.0,https://image.tmdb.org/t/p/w500/4FBSFz8wLpxd4o6hnvKOJJ8WSIz.jpg,https://image.tmdb.org/t/p/w500/9PPx5qspyRA0LBTBHo0BX57Vzow.jpg
1703,10521.0,https://image.tmdb.org/t/p/w500/eyXT8tmUoyHrg7YX1UVjmecHCWP.jpg,https://image.tmdb.org/t/p/w500/bDYeMDIKeetY6J3ZM6POwnf1xc7.jpg
1704,10523.0,https://image.tmdb.org/t/p/w500/nJm8UF4zbUYEoku9seEtz1PTJGS.jpg,https://image.tmdb.org/t/p/w500/xly3gFyw440fmety8emBYXthyoS.jpg
1705,10527.0,https://image.tmdb.org/t/p/w500/agRbLOHgN46TQO4YdKR462iR7To.jpg,https://image.tmdb.org/t/p/w500/3yXLkSTrVhG66MIAr3X6C4gjccw.jpg
1706,10528.0,https://image.tmdb.org/t/p/w500/momkKuWburNTqKBF6ez7rvhYVhE.jpg,https://image.tmdb.org/t/p/w500/85g84VtSf9tu1A9JqqruXEHspb7.jpg
1707,10530.0,https://image.tmdb.org/t/p/w500/kZ1ft0QZ4e3zDUPMBftEkwI9ftd.jpg,https://image.tmdb.org/t/p/w500/fDZ2DCKW2D7J0ABNr9EICdD2H1s.jpg
1708,10533.0,https://image.tmdb.org/t/p/w500/8gIU7O3oV6NyWUjlL6ppbpnIZLW.jpg,https://image.tmdb.org/t/p/w500/tZJIL1n3eGZd3mZyto3Ux2xNEBW.jpg
1709,10534.0,https://image.tmdb.org/t/p/w500/5xF4qy44Lvv68glS7eHWH7laTqt.jpg,https://image.tmdb.org/t/p/w500/kpVQHZrBLUsB35S1pTbP8apgT5W.jpg
1710,10535.0,https://image.tmdb.org/t/p/w500/yoegp9XEG4YCbJJKR0wvm0BGYpG.jpg,https://image.tmdb.org/t/p/w500/yAzC0pV1e1BzXA5NyWsGsRggOM5.jpg
1712,10545.0,https://image.tmdb.org/t/p/w500/dmMBtXuFzZzLYgeQXkOkg98w2Ak.jpg,https://image.tmdb.org/t/p/w500/k4HIk81b03lLeNo7I0dHxD3VPKD.jpg
1714,10550.0,https://image.tmdb.org/t/p/w500/7Jcb486hN7hQRZTsb0RybFGeDOQ.jpg,https://image.tmdb.org/t/p/w500/k7CLxxoZXmVf1iKAY9xn5DpsNMQ.jpg
1715,10555.0,https://image.tmdb.org/t/p/w500/r08DpyPyhXcJTfNZAICNGMzcQ8l.jpg,https://image.tmdb.org/t/p/w500/7ZmZxar3bYORcl0TPA4oceyxcaE.jpg
1716,10557.0,https://image.tmdb.org/t/p/w500/tDchJ4mB23vGgwdQCmq9FCQ4W23.jpg,https://image.tmdb.org/t/p/w500/dxsMt5JspjPdMk59nap00Z8p4nx.jpg
1717,10559.0,https://image.tmdb.org/t/p/w500/aFuw2yow5Og0e2M7uEHQtpS5GPz.jpg,https://image.tmdb.org/t/p/w500/pBS51YVR78U2E6s2YXdIh8hPGSn.jpg
1718,10560.0,https://image.tmdb.org/t/p/w500/95Et0t08Nv6S8FD593HpXyvcRt8.jpg,https://image.tmdb.org/t/p/w500/f3cTz9cEPgrWWECMAGIYO9gRSLs.jpg
1719,10563.0,https://image.tmdb.org/t/p/w500/z2EhRgWvzNa2NgoX0uModV6mEb2.jpg,https://image.tmdb.org/t/p/w500/7v4WhTSr3tG0eVFZaMkN3W09Vbz.jpg
1720,10564.0,https://image.tmdb.org/t/p/w500/rFzsuA5i1Cysth1gJQb3SBd4KMU.jpg,https://image.tmdb.org/t/p/w500/ahGSlXunI3Aa0MV4IXlpjYVSVWI.jpg
1721,10567.0,https://image.tmdb.org/t/p/w500/rSje3FS7ycJSglowlngjsvDt7vO.jpg,https://image.tmdb.org/t/p/w500/laeEtakR2pLKu3CeRwB2lU5Y53X.jpg
1722,10569.0,https://image.tmdb.org/t/p/w500/eIJRFZFDmh0xXPlKt3WwN5fiSLe.jpg,https://image.tmdb.org/t/p/w500/frZxX6UnkiBAWYwTR7AW7uaRJpI.jpg
1724,10577.0,https://image.tmdb.org/t/p/w500/jnAfl6GSZbBMigL98RJGbOSk4V1.jpg,https://image.tmdb.org/t/p/w500/bYaSV1JD9f1FBPrCDTQvFl0wcgb.jpg
1726,10586.0,https://image.tmdb.org/t/p/w500/oU7zYtqtKejO1BxCmRGIaVQMGTP.jpg,https://image.tmdb.org/t/p/w500/kM2RkLCt3ElQ2NfHgw1CzZXRGfZ.jpg
1727,10588.0,https://image.tmdb.org/t/p/w500/uYYLz67e5xEQMsY858VSSCDsLU6.jpg,https://image.tmdb.org/t/p/w500/ihOd5W6qOgrBSLj0uDTnGs8k1aa.jpg
1728,10589.0,https://image.tmdb.org/t/p/w500/ldor5Ep0B01TCfwZ2vWWA8VPT6U.jpg,https://image.tmdb.org/t/p/w500/4aPNUEIcXK7ISOV6qiQpTekGQez.jpg
1731,10592.0,https://image.tmdb.org/t/p/w500/yRUhSU7vzs5ePa72LNPcKKCCMZ5.jpg,https://image.tmdb.org/t/p/w500/nKWbbDyUSJDZfygnd5uy6RWxsEr.jpg
1732,10603.0,https://image.tmdb.org/t/p/w500/lWp8hUqE4oLPxsYgilXoYoVThfU.jpg,https://image.tmdb.org/t/p/w500/gR9ztrutzPPqgK2V2djS0fg2twW.jpg
1733,10610.0,https://image.tmdb.org/t/p/w500/lbjFWKfe8WdS8Pj6WVPlyEKeVEo.jpg,https://image.tmdb.org/t/p/w500/bfegQ8scwwEASEXZzdtTNQErY7F.jpg
1734,10611.0,https://image.tmdb.org/t/p/w500/up8cEgEsl2Dq5Djb9lMZYBK0s84.jpg,https://image.tmdb.org/t/p/w500/zsbmsV4XHyJqG5fD7Vdw4NZbT2Y.jpg
1735,10615.0,https://image.tmdb.org/t/p/w500/fNvx45x4JWHYucpnV2vuKn9TZnV.jpg,https://image.tmdb.org/t/p/w500/csH5MGh51Ndz1bJ3MHhukjs0Pyo.jpg
1736,10622.0,https://image.tmdb.org/t/p/w500/wAAt2gvbkbeefzjd06GPfkdfUho.jpg,https://image.tmdb.org/t/p/w500/2RzrugSbC1iFI6fnsvUuk0wqzTc.jpg
1737,10623.0,https://image.tmdb.org/t/p/w500/8iXpVITXenqPG8gQ0lCFpUMtZIx.jpg,https://image.tmdb.org/t/p/w500/qG0sMpn3Rzx0d3LkFSPQdt9tXOb.jpg
1738,10625.0,https://image.tmdb.org/t/p/w500/2ZkuQXvVhh45uSvkBej4S7Ix1NJ.jpg,https://image.tmdb.org/t/p/w500/nP3y0TkR6XniFs9J53qQkg4Bnnk.jpg
1739,10628.0,https://image.tmdb.org/t/p/w500/3sphb3Bm8PZ5nqLaQ4u4yv2sSyx.jpg,https://image.tmdb.org/t/p/w500/eSvRVTDjGJCbyc9Z51tvwMcs9B3.jpg
1741,10632.0,https://image.tmdb.org/t/p/w500/AvdBPe2XSKm3cGyTKFgbquC2jCo.jpg,https://image.tmdb.org/t/p/w500/2T3k09YnrM03CQd1yK3ZQLEHEZH.jpg
1742,10634.0,https://image.tmdb.org/t/p/w500/3Ya1RurP2NqaYoiok4DmfO41rCC.jpg,https://image.tmdb.org/t/p/w500/y3E6gIZkRILqNmp7nCLkHPg0WXF.jpg
1743,10637.0,https://image.tmdb.org/t/p/w500/825ohvC4wZ3gCuncCaqkWeQnK8h.jpg,https://image.tmdb.org/t/p/w500/7lwo8VLHD8Va49DKuszabpm41V9.jpg
1744,10641.0,https://image.tmdb.org/t/p/w500/avtPZ5vGvFugnY0NK8d3Przx6P7.jpg,https://image.tmdb.org/t/p/w500/9t8zSBYMSV8fc51FV4xCdmK7oyP.jpg
1746,10643.0,https://image.tmdb.org/t/p/w500/7BrjFxV0j5VzZRfVYeYbFXMUweB.jpg,https://image.tmdb.org/t/p/w500/nv60CvL3fjosoJytnBcdJcF5l0L.jpg
1747,10646.0,https://image.tmdb.org/t/p/w500/pAHD3TfoDJX6jCPVhICBNLBxnBH.jpg,https://image.tmdb.org/t/p/w500/eCtRseKCbltn8C6XW1GhqW0c4VA.jpg
1748,10647.0,https://image.tmdb.org/t/p/w500/62OIokwaxFwBFWM147ijLJsaVJD.jpg,https://image.tmdb.org/t/p/w500/xoFolYFMGVzIOjYhEhyBiYbBpqK.jpg
1749,10655.0,https://image.tmdb.org/t/p/w500/k0XKdT3QbycMB8f2H7CEZVx2t4m.jpg,https://image.tmdb.org/t/p/w500/ikwP1BTRHlqula7bbPtT7Hk0Fkq.jpg
1750,10656.0,https://image.tmdb.org/t/p/w500/5EOFUWs0ImeyiRUtFpbHuGGTNUx.jpg,https://image.tmdb.org/t/p/w500/oJuxVwei4MEWr6NJZFKWvzm6u6r.jpg
1751,10658.0,https://image.tmdb.org/t/p/w500/eU0dWo8PJgsSAZFbcyHiUpuLSyW.jpg,https://image.tmdb.org/t/p/w500/eWNKQuZI5yEVqz3ATgc0ezYWgJH.jpg
1754,8329.0,https://image.tmdb.org/t/p/w500/hgyJR4sgMsee6xMFM3xYiG6cDCh.jpg,https://image.tmdb.org/t/p/w500/xfrguTH6maYiGsC8FXiQ9N3lZXw.jpg
1755,10673.0,https://image.tmdb.org/t/p/w500/2tQYq9ntzn2dEwDIGLBSipYPenv.jpg,https://image.tmdb.org/t/p/w500/v46Uq29FXcl4huvu1Nh7tJ5qAjZ.jpg
1756,10674.0,https://image.tmdb.org/t/p/w500/jAbexAtB0aSfP5Ay4TpWHARyVnG.jpg,https://image.tmdb.org/t/p/w500/mUYV0ZdsDEliGaQahcQH1F3grsP.jpg
1757,10676.0,https://image.tmdb.org/t/p/w500/WABfdeaThFYXCySGIOvRNv2sSW.jpg,https://image.tmdb.org/t/p/w500/eyOKqtgNeEEIp7zYMHnpISpsaS3.jpg
1758,10678.0,https://image.tmdb.org/t/p/w500/jic0ULHTcqQQaCSIEw6SAhHhIPA.jpg,https://image.tmdb.org/t/p/w500/mRaNy8rNfxOpT0LrD3FIQztmpYL.jpg
1759,10681.0,https://image.tmdb.org/t/p/w500/hbhFnRzzg6ZDmm8YAmxBnQpQIPh.jpg,https://image.tmdb.org/t/p/w500/nYs4ZwnJBK4AgljhvzwNz7fpr3E.jpg
1760,10683.0,https://image.tmdb.org/t/p/w500/rYfUcEV88Z3gENrfYTE6i8yBkDr.jpg,https://image.tmdb.org/t/p/w500/3AE92av4pGYx9NKKss7x5zEgEOS.jpg
1761,10684.0,https://image.tmdb.org/t/p/w500/vDJurMJkrx049AiXa3DJx5Zx7a4.jpg,https://image.tmdb.org/t/p/w500/sWaKmnieGBGSrstaPLopH4m1A3K.jpg
1762,10685.0,https://image.tmdb.org/t/p/w500/hsMvndtd3KPAvJ3q7zKZuNSB1R3.jpg,https://image.tmdb.org/t/p/w500/dtFS7DS64umOHK6PcfabXtDaf2w.jpg
1763,10691.0,https://image.tmdb.org/t/p/w500/1kxn6w6lvKkrhmVxfVqI0cfBmLa.jpg,https://image.tmdb.org/t/p/w500/zbFG63ineDZdEHHyv7WwASRpOAM.jpg
1764,10696.0,https://image.tmdb.org/t/p/w500/388ru0R7fnBFPaVuJe4caRGGh54.jpg,https://image.tmdb.org/t/p/w500/qSukSg6JBR3A4iEkRGIfHPC0W5H.jpg
1765,10705.0,https://image.tmdb.org/t/p/w500/w9R2HsYNnfF3m9uEo2UAmPNJr8a.jpg,https://image.tmdb.org/t/p/w500/uAIsWqlLwsL5YN40HYce04wz7Xb.jpg
1766,10707.0,https://image.tmdb.org/t/p/w500/9NbXn1NMdfGM491V3EFjZADR9SX.jpg,https://image.tmdb.org/t/p/w500/3ZjxENlw4HXioGGwhqaJrvdEXKo.jpg
1768,10710.0,https://image.tmdb.org/t/p/w500/vrsZUr8R041YzINcy9SFe5iSM1m.jpg,https://image.tmdb.org/t/p/w500/rgImWBvvXCGTl4mNJ3L5960svfV.jpg
1769,10712.0,https://image.tmdb.org/t/p/w500/9gQuvFDRPLx39smUvyafm36tp0d.jpg,https://image.tmdb.org/t/p/w500/k0HFJNOfwuWbYKon7BwCbnX8OkB.jpg
1770,10715.0,https://image.tmdb.org/t/p/w500/q0kntpdsHA0QdYjpQdNBqrVTdQq.jpg,https://image.tmdb.org/t/p/w500/iZiYzix7sMS0NEWsHURSzHF1wxt.jpg
1772,10719.0,https://image.tmdb.org/t/p/w500/oOleziEempUPu96jkGs0Pj6tKxj.jpg,https://image.tmdb.org/t/p/w500/5nhp41gx49vXjwXuDXJwQrRFsng.jpg
1774,10727.0,https://image.tmdb.org/t/p/w500/qoceKsM15yL5Tmyuhkdl7vM5Vi4.jpg,https://image.tmdb.org/t/p/w500/ap5DOvqzyIld9VBZZ5Yuc251RJo.jpg
1775,10731.0,https://image.tmdb.org/t/p/w500/oLdkJ4ZjxPtFSUChdjDQvHM9l75.jpg,https://image.tmdb.org/t/p/w500/ncU6X4hosU9srxqC0hGxajZvAyD.jpg
1776,11209.0,https://image.tmdb.org/t/p/w500/54KNQfJnYZwhI3sPYyjXtptWGfg.jpg,https://image.tmdb.org/t/p/w500/leDO2O7HywKWZhk15feAQ3Gc37p.jpg
1777,10734.0,https://image.tmdb.org/t/p/w500/uORr2GXQnyqgBOg6tVsRCJD2qxc.jpg,https://image.tmdb.org/t/p/w500/lfLVH3F8Xt8nITqG9cn97b54au1.jpg
1779,10739.0,https://image.tmdb.org/t/p/w500/bvyoWDh60R31ZE5L8TjZ8Qpv5xM.jpg,https://image.tmdb.org/t/p/w500/1ZGPaOYfEe4DW2yFQok98TZCm4C.jpg
1780,10740.0,https://image.tmdb.org/t/p/w500/z70iQ61WqhxETAz8ar2oD8pkIM.jpg,https://image.tmdb.org/t/p/w500/ueXO7FqIECtcPbpPSw87hiFlrSA.jpg
1781,10741.0,https://image.tmdb.org/t/p/w500/ea6aSTUFQopOW7kWFZB9AvMYnbs.jpg,https://image.tmdb.org/t/p/w500/3ivhTBoGtSRcxqsTdXHHkYFLxO2.jpg
1782,10743.0,https://image.tmdb.org/t/p/w500/yJzmAtY9DmhhjJwFnW0Zjlvz6yg.jpg,https://image.tmdb.org/t/p/w500/g5woRbuOrwynegzoMKOg8GmMf0j.jpg
1783,10744.0,https://image.tmdb.org/t/p/w500/gq3cZxo7SS6HAXdaxObLIyw9N1r.jpg,https://image.tmdb.org/t/p/w500/7oVJSFrqARW4jRRimEqEpHKAp1Z.jpg
1784,10748.0,https://image.tmdb.org/t/p/w500/aOVxLigLjkix69vq6iiu0XXPnai.jpg,https://image.tmdb.org/t/p/w500/sWnYaMtPvrW4PXqSys0XKcw4Yhe.jpg
1785,10756.0,https://image.tmdb.org/t/p/w500/lGi5yio4pdDz5PkSeZCbnMQz5vK.jpg,https://image.tmdb.org/t/p/w500/uUgn9P3Ulmjt9bOfp5Yt83fauAS.jpg
1786,10758.0,https://image.tmdb.org/t/p/w500/ux3SPTHHmJytSjWEaV7xlo9nbOZ.jpg,https://image.tmdb.org/t/p/w500/cmdaPEbxLhty4cvxXhJx8KFe5Bh.jpg
1787,10760.0,https://image.tmdb.org/t/p/w500/ce3NNmhVZY5NkUe5Y8Je8CciKqf.jpg,https://image.tmdb.org/t/p/w500/bB2L8pB8Qdy3sd4b94Vw75EUEpo.jpg
1788,10761.0,https://image.tmdb.org/t/p/w500/pDg8D0jNqmz7RbCBgblWvmPswHE.jpg,https://image.tmdb.org/t/p/w500/qpzhGsHV6GJuEcZrOxNX8tw2j5L.jpg
1789,10762.0,https://image.tmdb.org/t/p/w500/bSQBfHDzyfzxrCLepjegVb5F8j8.jpg,https://image.tmdb.org/t/p/w500/vEEEKiUJOXmOJXW7X8P3kCgsm9p.jpg
1790,10764.0,https://image.tmdb.org/t/p/w500/e3DXXLJHGqMx9yYpXsql1XNljmM.jpg,https://image.tmdb.org/t/p/w500/uGs5Z7dMguf7kxWubGFcp9EhKcy.jpg
1791,10765.0,https://image.tmdb.org/t/p/w500/maIiPNXddZXKHQCi0HyULd5kces.jpg,https://image.tmdb.org/t/p/w500/bMWO0HQwfIe85CmXbWSI8Q6cCC2.jpg
1792,10771.0,https://image.tmdb.org/t/p/w500/lTMnOx7E2zEzIGY0og1KkfgYMhY.jpg,https://image.tmdb.org/t/p/w500/1wo90L3F7hA9h6cG5xfz3dB1IE6.jpg
1794,10774.0,https://image.tmdb.org/t/p/w500/qZomlHsaALUtkFeMDwdYmwS2Pbo.jpg,https://image.tmdb.org/t/p/w500/m4Iyzh9YVOh0ra7UwdMoJcrjxkx.jpg
1795,10776.0,https://image.tmdb.org/t/p/w500/iKkbN17OmFosaW6asCNZTTsyvpu.jpg,https://image.tmdb.org/t/p/w500/z9y41Biv1isRtErpt7Ecv01ru0W.jpg
1796,10781.0,https://image.tmdb.org/t/p/w500/hTBueN0Ru3R7brwtONenDyEMNYe.jpg,https://image.tmdb.org/t/p/w500/bkuCWDEVAp97j7XHftziO9ROYDu.jpg
1797,10782.0,https://image.tmdb.org/t/p/w500/jtyF4NF9fQlyGP8cgU1mK3DLUTB.jpg,https://image.tmdb.org/t/p/w500/nbQccqxcpAV1dwofccLeM3c6qzn.jpg
1798,10783.0,https://image.tmdb.org/t/p/w500/glmBnEtrmtMypPyg8DiwPZja3Vj.jpg,https://image.tmdb.org/t/p/w500/aZmSjtNzSqgSE9ZDW1fe3EPvS6e.jpg
1799,10786.0,https://image.tmdb.org/t/p/w500/y2UlVt6U8mFeegVL42rZjD5y6c7.jpg,https://image.tmdb.org/t/p/w500/lw5HdgozS0j9rwqHWyDycgAa3GJ.jpg
1800,10796.0,https://image.tmdb.org/t/p/w500/gcr3t71KmeXINemMrhaGBGVJPwW.jpg,https://image.tmdb.org/t/p/w500/yZzPTih3HQZUBghrWirt0Rk17uE.jpg
1801,10800.0,https://image.tmdb.org/t/p/w500/bhHhTCh43aT3kAeknSd5T5BcZcJ.jpg,https://image.tmdb.org/t/p/w500/eK1GCPvhUnWW65yWdGf4QyoBC18.jpg
1802,10802.0,https://image.tmdb.org/t/p/w500/o4HT3Ap5c99W4FYpdXUtTvxGgPc.jpg,https://image.tmdb.org/t/p/w500/jL3G2f8uNCFejJRlIqCzRp8Y7eV.jpg
1803,10803.0,https://image.tmdb.org/t/p/w500/v3ILN8ROPcrNRJ8S7GH24JyihH8.jpg,https://image.tmdb.org/t/p/w500/yJXAo8N60RaVC6pEuXUQ6wFBCCA.jpg
1804,10806.0,https://image.tmdb.org/t/p/w500/jUTQp6cPgfOX4St2WfaeUvxZCts.jpg,https://image.tmdb.org/t/p/w500/AlgiBrqgx9R21fJVORCDdrti7Z8.jpg
1805,10808.0,https://image.tmdb.org/t/p/w500/asYjHXBoD44B6mLOcZtMfMV3hm1.jpg,https://image.tmdb.org/t/p/w500/VtFa6Ph0xCO6QJ86ihCrpsDBIO.jpg
1806,10822.0,https://image.tmdb.org/t/p/w500/rtJp4ulwC1SvSYAUFGUa1pWV7nk.jpg,https://image.tmdb.org/t/p/w500/xDVLCGKjJK8wRgTQKZLOevlFoTp.jpg
1807,10833.0,https://image.tmdb.org/t/p/w500/bwvec0gRMSpLakcPuxe0RWScNv3.jpg,https://image.tmdb.org/t/p/w500/qQ3aRDQnGmGbtx7OOxKBYyjdLrQ.jpg
1808,1217373.0,https://image.tmdb.org/t/p/w500/xNMu3oaPiJ544r0N2AT1uD4VBcG.jpg,https://image.tmdb.org/t/p/w500/qduWXUcOg5hkGMuDWqhfBWK2JZU.jpg
1810,10861.0,https://image.tmdb.org/t/p/w500/18HVWwyLihWJPzGpSVl3omRRMyL.jpg,https://image.tmdb.org/t/p/w500/ksFqZgH0bt9VQxRgAJ66dzYxdD9.jpg
1811,10865.0,https://image.tmdb.org/t/p/w500/oK8yR6xSQreWf1ouP1VpXKwoop5.jpg,https://image.tmdb.org/t/p/w500/4eTiLRTYwAVQyQAjuFuf3BXAony.jpg
1812,10866.0,https://image.tmdb.org/t/p/w500/1LVGjf1QWgkNNPQssZtuT1GYKoP.jpg,https://image.tmdb.org/t/p/w500/5uiaW1yJPhGPdCXqGIkC5zeRfDg.jpg
1816,10877.0,https://image.tmdb.org/t/p/w500/tGIJhBejmredgUZRNdteZyiahag.jpg,https://image.tmdb.org/t/p/w500/4oYN6hr7AjMhmgaZ0tWjVOkfX75.jpg
1817,10878.0,https://image.tmdb.org/t/p/w500/5mq8J11266ZL7HCOwDGXoaU6eIO.jpg,https://image.tmdb.org/t/p/w500/nBP8M28ig41ErPcQAHlkHoL6td3.jpg
1818,10885.0,https://image.tmdb.org/t/p/w500/t5AEelR6nS0ISwaSZCcUrF2GKZi.jpg,https://image.tmdb.org/t/p/w500/icPIdA81Au1TEmgF9rXiW6LdH3e.jpg
1821,10895.0,https://image.tmdb.org/t/p/w500/bnZJrLRnoQHpzEJdka1KYfsAF3N.jpg,https://image.tmdb.org/t/p/w500/ikpwuaK0yzNhXO24OeB7cKulhZE.jpg
1822,10913.0,https://image.tmdb.org/t/p/w500/2IF19Tcx5D9d8iUWa0PxFhO6MYZ.jpg,https://image.tmdb.org/t/p/w500/h3EmI6sR3THbrsMe5x12qnFtsH4.jpg
1823,10914.0,https://image.tmdb.org/t/p/w500/97BMsVbc6R3sLR6A6GjvWdpukj1.jpg,https://image.tmdb.org/t/p/w500/gFxw02jItIFQ86xboJiujgMrvpi.jpg
1824,10923.0,https://image.tmdb.org/t/p/w500/fhK0mqqirPsckxkNisvi32A4lf6.jpg,https://image.tmdb.org/t/p/w500/5daWhr7xQwpdoRhoXnAOHWj2zhW.jpg
1825,10925.0,https://image.tmdb.org/t/p/w500/oNsV9BychAe4Sk6xFKp558Rlpyz.jpg,https://image.tmdb.org/t/p/w500/1FrQyuhqvQm5G1SqTEgpZtrkitd.jpg
1826,10929.0,https://image.tmdb.org/t/p/w500/hRVP8Ud9ehv7tp5WWQ4CHk2XNus.jpg,https://image.tmdb.org/t/p/w500/xH9BdS2DzkX20Ly9FG8Iwczi3M.jpg
1828,10934.0,https://image.tmdb.org/t/p/w500/3vQUQwdtfPt1Sl2GZrIECWWA0dk.jpg,https://image.tmdb.org/t/p/w500/dy516GsG7lvszB47FiotNjLARDY.jpg
1829,10935.0,https://image.tmdb.org/t/p/w500/kW4Vk31nhtKPKGuYMaVATq3wcHC.jpg,https://image.tmdb.org/t/p/w500/v0DsJiF7LAeJtqFObQfq3eU6rag.jpg
1830,10944.0,https://image.tmdb.org/t/p/w500/c8Xg0yc8UQwDXooffBNLLs2BvQH.jpg,https://image.tmdb.org/t/p/w500/e1hIGr5HTAPPiHNs7fMlW2JMSPl.jpg
1831,10947.0,https://image.tmdb.org/t/p/w500/1DGmWZjUJPeKGFRHGCA6VPFUBML.jpg,https://image.tmdb.org/t/p/w500/2p1nyBVSEBiCTrrZeVSV9nIsqHr.jpg
1832,10950.0,https://image.tmdb.org/t/p/w500/3MUXRSyx9gnA2lLSSTGLN8cQQ42.jpg,https://image.tmdb.org/t/p/w500/nMW4zQvosS3qUvML5kbjMvgETd1.jpg
1833,10955.0,https://image.tmdb.org/t/p/w500/eVhycD9GBWPwnttygKYDi9hllAy.jpg,https://image.tmdb.org/t/p/w500/2yHD9xcjRYbrjzANIwJC7DdsEEJ.jpg
1837,10981.0,https://image.tmdb.org/t/p/w500/vefWBq6xpeMYtF7ROgGfXLdp5Qu.jpg,https://image.tmdb.org/t/p/w500/je79nIbMhZkbuxbvbRclnJwmHYQ.jpg
1838,10982.0,https://image.tmdb.org/t/p/w500/kwPl1AKX4BLxrh5PCkrwYWeEV5I.jpg,https://image.tmdb.org/t/p/w500/97i5zrV5Kmhi3NYJ7PzcfHmMNx8.jpg
1839,10984.0,https://image.tmdb.org/t/p/w500/jMtWV4FixMGTgUjbr9NFVEANGYQ.jpg,https://image.tmdb.org/t/p/w500/7hN4MAlz386PpEwzTNcj88F1JCw.jpg
1840,10985.0,https://image.tmdb.org/t/p/w500/aekXSzkn3zry6aummMl7AU4rSa8.jpg,https://image.tmdb.org/t/p/w500/7I3UMCOXHIw4BacHIesz6T5V2mC.jpg
1841,10987.0,https://image.tmdb.org/t/p/w500/noCnM8nEI2bEDSdKHh0RKbwBwbC.jpg,https://image.tmdb.org/t/p/w500/jHtuoRdP5nGyulwYoV8izEU6p8M.jpg
1842,10991.0,https://image.tmdb.org/t/p/w500/hrBWiMWnD7mheMx846ycUWA3ohs.jpg,https://image.tmdb.org/t/p/w500/dLGQo5Xq6H18vPx00Czot8VHi3K.jpg
1843,10992.0,https://image.tmdb.org/t/p/w500/wUWoat7L4vvQburQ8pVEJhRG9L5.jpg,https://image.tmdb.org/t/p/w500/3ipuPBeBfsxcsry7Gh5m9J1rwJ1.jpg
1848,11001.0,https://image.tmdb.org/t/p/w500/jek2osBtFhzU6Hjj7yp1egOtbqO.jpg,https://image.tmdb.org/t/p/w500/xDKuTzBVpJPqFc39H4hctrle87T.jpg
1849,11004.0,https://image.tmdb.org/t/p/w500/5yvQe06HPNII2eZCJWTeMwqLWvR.jpg,https://image.tmdb.org/t/p/w500/f6axPiSzkPa2ErTtTxBUGfCLFPd.jpg
1850,11007.0,https://image.tmdb.org/t/p/w500/afclGGoQslTYFTnyW1LRMtJMiBp.jpg,https://image.tmdb.org/t/p/w500/h1jqCWsSWudxQv7uYguDkXaAjPF.jpg
1851,11011.0,https://image.tmdb.org/t/p/w500/qgGh5d0IHAZRlHIdFS3XWVygumR.jpg,https://image.tmdb.org/t/p/w500/e3TJpdAJnuJkywVRvf4IevhSzM3.jpg
1852,11013.0,https://image.tmdb.org/t/p/w500/8mHdYNKCmvjB1r87waCtEi9nvTt.jpg,https://image.tmdb.org/t/p/w500/ifHgVh5c7B3mbq5CfkzwsyMRmpG.jpg
1853,11015.0,https://image.tmdb.org/t/p/w500/fAG4nKPUWEIwGBpP38H64GGV8kl.jpg,https://image.tmdb.org/t/p/w500/A21CdNF0nsnTPPreSkTsjmGmHQU.jpg
1854,11022.0,https://image.tmdb.org/t/p/w500/uGHFyVdMQKvIXlsLAoXa5nOUGF.jpg,https://image.tmdb.org/t/p/w500/lu1eTRsyZztMmfR5Q30k2jFPMri.jpg
1855,11023.0,https://image.tmdb.org/t/p/w500/uzTLlZrNF6rMPBh5mUQu6vLnTtX.jpg,https://image.tmdb.org/t/p/w500/ow2boWFZWza7D4qDvJohg9GJVoH.jpg
1856,11024.0,https://image.tmdb.org/t/p/w500/5BrXCJrs22bR5KR6mLHluYo6y4m.jpg,https://image.tmdb.org/t/p/w500/m8y7OjvCBLmJfG6CIb5gpXFSLec.jpg
1857,11025.0,https://image.tmdb.org/t/p/w500/px9hV6w6XzAjGdxCRUAUasAHQsP.jpg,https://image.tmdb.org/t/p/w500/13UkK69iyMsB45H2p1WPXJPS87w.jpg
1858,11026.0,https://image.tmdb.org/t/p/w500/4b7Mhc4HZN7XzMMLukaQ9C0x1Dx.jpg,https://image.tmdb.org/t/p/w500/A2kXYkGGdeLU20YHPM9qs6GX9nN.jpg
1859,11027.0,https://image.tmdb.org/t/p/w500/k52pPgVOHPwjIyMdvNZZi3Z7zFR.jpg,https://image.tmdb.org/t/p/w500/nd6CVurZnDebDXYOuWI5eNjnFLb.jpg
1861,11036.0,https://image.tmdb.org/t/p/w500/rNzQyW4f8B8cQeg7Dgj3n6eT5k9.jpg,https://image.tmdb.org/t/p/w500/zdXnJqBaGFVtLoPNuMeKfEYUViZ.jpg
1862,11042.0,https://image.tmdb.org/t/p/w500/mqlgZiQHT3B5J8Q4mkgaCkt47uJ.jpg,https://image.tmdb.org/t/p/w500/7PefpVkSOiQmcdGv6TGHU8kn296.jpg
1863,11051.0,https://image.tmdb.org/t/p/w500/7L4qwrC1mipZXJfU5oRgQWChLv1.jpg,https://image.tmdb.org/t/p/w500/rBqdcQeM1h05YjF9rFtPWnNaDO2.jpg
1864,766.0,https://image.tmdb.org/t/p/w500/xsgTuAtR2zSH8Umg3jWZcZjlDpe.jpg,https://image.tmdb.org/t/p/w500/8WIufsaJgm7VWgAc5ALWdJ8v2kB.jpg
1866,11062.0,https://image.tmdb.org/t/p/w500/w7EkAl4Oi8Lc6VQKaqRHrOV3CxR.jpg,https://image.tmdb.org/t/p/w500/9z9SwlbhlV1oaai2gPhyRE8xpIG.jpg
1867,11065.0,https://image.tmdb.org/t/p/w500/6zcnbgNm4Es96sfsgoUavqbAed9.jpg,https://image.tmdb.org/t/p/w500/kPOizQXpSS5uK0M4BcUHzK93nmg.jpg
1868,11066.0,https://image.tmdb.org/t/p/w500/apwkBVaJqLuK6mxe6sOABCeNjRw.jpg,https://image.tmdb.org/t/p/w500/fS4qzWxxyyF2vow3G98NMHnsBKm.jpg
1869,11072.0,https://image.tmdb.org/t/p/w500/vNw1gOEDdYTDeNMuuq8OmiEHrfH.jpg,https://image.tmdb.org/t/p/w500/syUzOlwPqM8pGRhUxPOnmrcGcHb.jpg
1871,11090.0,https://image.tmdb.org/t/p/w500/oNxEXmKTZtECHs0bQbI6dQoXYMV.jpg,https://image.tmdb.org/t/p/w500/nLWvnjWgm8CoVPaoaY2pNnVCwoz.jpg
1872,11091.0,https://image.tmdb.org/t/p/w500/1xzvRrpA9V1TxXP7kIf8d0AgJ1R.jpg,https://image.tmdb.org/t/p/w500/wXax3nRWlZDfRqgrmBIKfE2OnaJ.jpg
1873,11093.0,https://image.tmdb.org/t/p/w500/hLxSOukLfC4j5pNbdE7lqaw8KgL.jpg,https://image.tmdb.org/t/p/w500/jZ9lWWCnV5gBRe29PpzEXNgf8i8.jpg
1874,11096.0,https://image.tmdb.org/t/p/w500/orY4PX3TNFdCbdVwhKY32UKMvoA.jpg,https://image.tmdb.org/t/p/w500/4QwtFTo7e8pfh0HCklVng5xun3y.jpg
1875,11109.0,https://image.tmdb.org/t/p/w500/556fElboCLlEmP8UULaYosU45Bc.jpg,https://image.tmdb.org/t/p/w500/ziJgbmfktniqisfCqJSqQ8VreZe.jpg
1876,11113.0,https://image.tmdb.org/t/p/w500/bTXVc29lGSNclf94VIZ49W4gGKl.jpg,https://image.tmdb.org/t/p/w500/xMoQjqa3JUc2unO4nF9PmM1JTQu.jpg
1877,11128.0,https://image.tmdb.org/t/p/w500/aJWQNUUHVcI7kvlVdUzPS9J8XHt.jpg,https://image.tmdb.org/t/p/w500/jF94vmzKJIL9M60TiRqHuHIEesH.jpg
1878,11129.0,https://image.tmdb.org/t/p/w500/cHwnYGZh1fVuVWqT28GpCN0usYF.jpg,https://image.tmdb.org/t/p/w500/kRC0aqvYYDIrgeq83yUdq7qFTn4.jpg
1879,11130.0,https://image.tmdb.org/t/p/w500/upJOyrxxSIxlSZC7KEqJfB1vlGl.jpg,https://image.tmdb.org/t/p/w500/pmOXaAK8hteMlCiMZyyDJENHCZI.jpg
1880,11132.0,https://image.tmdb.org/t/p/w500/nQA9Ozh9ftLQyJvuKy6sl5zSlH2.jpg,https://image.tmdb.org/t/p/w500/z5r8XnWFWTD0shvIlR9yCn85Lna.jpg
1881,11137.0,https://image.tmdb.org/t/p/w500/1rdb6Cr5VuLzW9ha2INswhpgmln.jpg,https://image.tmdb.org/t/p/w500/7sT7cQFkPCttExFzV9JPZKnhuCB.jpg
1882,11141.0,https://image.tmdb.org/t/p/w500/6aqR0xwmK0mPOIVShDlT88Vo5W0.jpg,https://image.tmdb.org/t/p/w500/ktvFYpvolLOzUzWV7tXt6Mz0jwH.jpg
1883,11152.0,https://image.tmdb.org/t/p/w500/6HpicbiT7xmlMjQXOSCeNoLZGpf.jpg,https://image.tmdb.org/t/p/w500/rYqjPTWtgswEh7gTMbponxsy0tR.jpg
1884,11153.0,https://image.tmdb.org/t/p/w500/q3DvoqY06yZnRp9faH6uge7n7VP.jpg,https://image.tmdb.org/t/p/w500/rBL73dGfdEqTr7Xj0HytF9s9SbM.jpg
1885,11156.0,https://image.tmdb.org/t/p/w500/nNpP1P2EufA6TN7fQOBeHUIVmeH.jpg,https://image.tmdb.org/t/p/w500/kZkk6iLvFPOiF6Xze2fYSiTbJ1Q.jpg
1886,11162.0,https://image.tmdb.org/t/p/w500/bvpPg5oTD1qT7hjY3BOsoniYdHG.jpg,https://image.tmdb.org/t/p/w500/2fX8oILb0dGsGH4E6biP2WWlf91.jpg
1889,11172.0,https://image.tmdb.org/t/p/w500/1WXVpnovC0EETbqcjVhy3hwIITK.jpg,https://image.tmdb.org/t/p/w500/cLZsdMMC3hoVQy9xwn3YJ4CR9Pd.jpg
1890,11176.0,https://image.tmdb.org/t/p/w500/8LUjnIW5ph6pHoXDE3Zg4iVi6BV.jpg,https://image.tmdb.org/t/p/w500/9mbXZSLINbwNQateHLGRhtaZzZB.jpg
1891,11184.0,https://image.tmdb.org/t/p/w500/cODCjWNRcZkwe4ONQs1GzRqYtRb.jpg,https://image.tmdb.org/t/p/w500/yA7MG24LZCtQhsKXhqJ5TfbjFoI.jpg
1893,122.0,https://image.tmdb.org/t/p/w500/rCzpDGLbOoPwLjy3OAm5NUPOTrC.jpg,https://image.tmdb.org/t/p/w500/ctiw6FZK4N36LmkjSklWEbuvlq9.jpg
1894,11191.0,https://image.tmdb.org/t/p/w500/2wqMKLJEMjenT7U8UqnuI070cUC.jpg,https://image.tmdb.org/t/p/w500/czGSXzONlaJNntsWR4t1elodavq.jpg
1895,11194.0,https://image.tmdb.org/t/p/w500/fsydA5H8FSDaYlYWddfMpMpDUX.jpg,https://image.tmdb.org/t/p/w500/m0WQZszgmtb1dxH5AnXhOX5tM6J.jpg
1896,11199.0,https://image.tmdb.org/t/p/w500/qYyPCZcpNGZwbyBo1gwdCiW5hHC.jpg,https://image.tmdb.org/t/p/w500/es74vwJqbT6cwMdJmTeSIcjJjoo.jpg
1898,11208.0,https://image.tmdb.org/t/p/w500/gRKEluSpV1wBrZVTvLLaCSkzqcf.jpg,https://image.tmdb.org/t/p/w500/ogBcoLNyfwvgfWtEmNhjL8kBZN2.jpg
1901,11219.0,https://image.tmdb.org/t/p/w500/uUXLq7fEG3hI46ZFMZzgHj11S6S.jpg,https://image.tmdb.org/t/p/w500/i5MaRm0FsJIpXVLAvrMsMt5YQ5p.jpg
1903,11229.0,https://image.tmdb.org/t/p/w500/m0pAARUq3foDWFsrUmlYDHtNPE9.jpg,https://image.tmdb.org/t/p/w500/q86f264W90GIUeg1Ovf4T1PIBA.jpg
1904,11232.0,https://image.tmdb.org/t/p/w500/fbWYmlGvQXmmZEr4bMeJFjWfFXZ.jpg,https://image.tmdb.org/t/p/w500/2nKFPGQDMMMW13zyLTmO2M7rMI3.jpg
1905,11237.0,https://image.tmdb.org/t/p/w500/apAZ6o1SyYgcC8R2LqTCYnBe1lK.jpg,https://image.tmdb.org/t/p/w500/bMNHiwzjlg9FJNyxZ1zNFKZ9MTT.jpg
1906,11240.0,https://image.tmdb.org/t/p/w500/hfGWxrtbRnxg19ouEYBtQKtMZcN.jpg,https://image.tmdb.org/t/p/w500/nO7raOhTt6QcrYjkb1dL8VaTA3e.jpg
1908,11249.0,https://image.tmdb.org/t/p/w500/vd9K93gQ9whMKjXzADZanxWpIXM.jpg,https://image.tmdb.org/t/p/w500/eZOt0qAmxwCXyJHLgEIEKdjQVM8.jpg
1909,11253.0,https://image.tmdb.org/t/p/w500/zO0Wdrxnhx3KoJEvychSmnY3urC.jpg,https://image.tmdb.org/t/p/w500/gqQKxYVIaYv53Qoy72nQqQxdXYF.jpg
1911,11258.0,https://image.tmdb.org/t/p/w500/ggMcOVSax4lBXjYqqQUJLCtrar3.jpg,https://image.tmdb.org/t/p/w500/tdo5GwYAsdRkYTTMpXM9aZu8DlH.jpg
1912,11260.0,https://image.tmdb.org/t/p/w500/3Qfav5aVRcZmq854olMjJ795JJ2.jpg,https://image.tmdb.org/t/p/w500/azheZwmLAiWZyDuL416NL0IxvFp.jpg
1913,11282.0,https://image.tmdb.org/t/p/w500/5vO7R4xYlDipTp8gzfRbWegO8eb.jpg,https://image.tmdb.org/t/p/w500/dzloVSv0FGM8fs4L5w9yV60p0PT.jpg
1914,11283.0,https://image.tmdb.org/t/p/w500/8tommndfI0W62teXwSmXdmVZ7gz.jpg,https://image.tmdb.org/t/p/w500/ijmKdhQQ86L18ZUywjHjM7h7YgO.jpg
1915,11284.0,https://image.tmdb.org/t/p/w500/e4qh58n2WaG4Gyh9VhjOUeN9Mhv.jpg,https://image.tmdb.org/t/p/w500/j0ZugvhxSwvAIDpAKDdtPBjETMy.jpg
1916,11287.0,https://image.tmdb.org/t/p/w500/f9BtX6wYOwJUyfUr4vyeT3COz6m.jpg,https://image.tmdb.org/t/p/w500/kb2FuXGruaPA6ErjOpcifpCyPyY.jpg
1917,11298.0,https://image.tmdb.org/t/p/w500/nRTonikdpMUYr3y3RXESLBhRUov.jpg,https://image.tmdb.org/t/p/w500/mv4fsd6dzuHynHkOtYgfOOYEBVy.jpg
1918,11302.0,https://image.tmdb.org/t/p/w500/gK11RUXspxqty0Wq6KoV8J0crKO.jpg,https://image.tmdb.org/t/p/w500/bnJrWEST2YVuWfZiYP4owjXpjwq.jpg
1919,11306.0,https://image.tmdb.org/t/p/w500/uowP2Nw2mLpQni1vtbUb1LUSiP0.jpg,https://image.tmdb.org/t/p/w500/pkZyudy6PLofZUQhNhoPH49Qxah.jpg
1921,11313.0,https://image.tmdb.org/t/p/w500/qPTEh8vutS5FSCDoR16MWVGHqTm.jpg,https://image.tmdb.org/t/p/w500/fTodCkbbvvq6GjSDi5c2MEzO7hv.jpg
1922,11321.0,https://image.tmdb.org/t/p/w500/85zUipgVy2QbvAJ6djZXYaGckMv.jpg,https://image.tmdb.org/t/p/w500/mDu3nkdjzkJ9loy3QyppGcLjaI7.jpg
1924,11323.0,https://image.tmdb.org/t/p/w500/eV8u5crNe4QYWcu0zjKxFVq2Qem.jpg,https://image.tmdb.org/t/p/w500/gDgSTQfkDG4y3SyGE2XVRBX80gy.jpg
1925,11324.0,https://image.tmdb.org/t/p/w500/nrmXQ0zcZUL8jFLrakWc90IR8z9.jpg,https://image.tmdb.org/t/p/w500/rbZvGN1A1QyZuoKzhCw8QPmf2q0.jpg
1926,11336.0,https://image.tmdb.org/t/p/w500/9yTVaeS8eIkOpbwIycVFm7EQrgF.jpg,https://image.tmdb.org/t/p/w500/icvgQHxrKEDx92VQ5WHiEmEAUKH.jpg
1927,11342.0,https://image.tmdb.org/t/p/w500/1QHjr4lBd3vBN4kEqdDFlnJbsa7.jpg,https://image.tmdb.org/t/p/w500/tVQjkTxxg7t17Fgp4qyii89pCH2.jpg
1928,11351.0,https://image.tmdb.org/t/p/w500/u2ghDfjcs3y5c8ata3COc4pWiAN.jpg,https://image.tmdb.org/t/p/w500/pPZUYQx5PuH4xkXkFizirTd0ey1.jpg
1929,11353.0,https://image.tmdb.org/t/p/w500/iGuiFYEYwFkaRPl3FgLJYEm6dWq.jpg,https://image.tmdb.org/t/p/w500/vLfksvG182LklmmiHek0Al4FdRN.jpg
1932,11358.0,https://image.tmdb.org/t/p/w500/2sdmKtRz2SlGSLxxZDePKm5zxus.jpg,https://image.tmdb.org/t/p/w500/kK9WAzCaxN5vxoTgO38wiPIe9ba.jpg
1934,11361.0,https://image.tmdb.org/t/p/w500/rYvP6yMXCIVHnkVtwGaAXFmpzkB.jpg,https://image.tmdb.org/t/p/w500/cZGpp2cD3dh15rrnA1jrAppZHyt.jpg
1935,11362.0,https://image.tmdb.org/t/p/w500/ifMgDAUXVQLY4DeOu3VTTi55jSP.jpg,https://image.tmdb.org/t/p/w500/AmN8ozRE0AbMGgZhqBu4fUjZkRt.jpg
1936,11363.0,https://image.tmdb.org/t/p/w500/wNd6qM8Qa8tLFOiUOiEivh0qBkH.jpg,https://image.tmdb.org/t/p/w500/4zXhWqspo9EqAMxIkMWrENfIDQe.jpg
1937,11370.0,https://image.tmdb.org/t/p/w500/oaKp6HZQDTtCOwn4JGi2Mh7Ep95.jpg,https://image.tmdb.org/t/p/w500/tGt5ETwHMywbmq7Kp30bElC0fuS.jpg
1939,11374.0,https://image.tmdb.org/t/p/w500/xnnjoMONNamGU6ZX6acbcxyOKv1.jpg,https://image.tmdb.org/t/p/w500/ut0D7P0UGHAmEje50QuFeCIyN3b.jpg
1940,11375.0,https://image.tmdb.org/t/p/w500/Am7AhZYG7HLksY5E35oaEJ3Desz.jpg,https://image.tmdb.org/t/p/w500/fQnbVD4wXaKeTHEYk6y2pn0GVAM.jpg
1943,11386.0,https://image.tmdb.org/t/p/w500/9BXGoat9TYgdDqGk2WJmaX9dVoe.jpg,https://image.tmdb.org/t/p/w500/k4ZrvqTWADP1nzgXNSKDNk4xOEB.jpg
1944,11395.0,https://image.tmdb.org/t/p/w500/hvV2rI60qOYELT7tHHLpxtafnBZ.jpg,https://image.tmdb.org/t/p/w500/p89QeYRc2u0rX0eKKU4TLJStwHO.jpg
1945,11397.0,https://image.tmdb.org/t/p/w500/9ZaGxvj1mqdKVLpSloq4mzS7SK6.jpg,https://image.tmdb.org/t/p/w500/lyf1jjoMD1Pe7KD6KKEqL4Owgeb.jpg
1946,11398.0,https://image.tmdb.org/t/p/w500/9fbStI2ht3gMgsVRusqoBDWeK9c.jpg,https://image.tmdb.org/t/p/w500/dE6xTBdthy3d9GYIIbbndFr4AOD.jpg
1947,11400.0,https://image.tmdb.org/t/p/w500/dPyWMlQd54r3pK17GKG3iqjvNZ7.jpg,https://image.tmdb.org/t/p/w500/basalqnxZZdLnc2qd60Zy5WYR2k.jpg
1948,11404.0,https://image.tmdb.org/t/p/w500/uPRFM5co4v12ksWaZKr8niIHBrC.jpg,https://image.tmdb.org/t/p/w500/1rTD60JNH2H8vnP4xeQGmK2kyoG.jpg
1949,11411.0,https://image.tmdb.org/t/p/w500/nJFBeU1oKIaIoLVyQYUeB36DW55.jpg,https://image.tmdb.org/t/p/w500/pMNlspaO16rf3eBlqrCwaKFOUlz.jpg
1952,11431.0,https://image.tmdb.org/t/p/w500/xwJBEOM5BVElAgQIA82KBLX10fu.jpg,https://image.tmdb.org/t/p/w500/pO5t46tVAagZwr1hllMtCjXjT8b.jpg
1953,11439.0,https://image.tmdb.org/t/p/w500/rK7m2Ba0ieXa37NaAmrx4dfRvvM.jpg,https://image.tmdb.org/t/p/w500/dXWJ3cNNx3BOk124s7VT5xrklTI.jpg
1954,11442.0,https://image.tmdb.org/t/p/w500/1mlKwbNzJCGzqe4i0ZEJtUUL290.jpg,https://image.tmdb.org/t/p/w500/jnSB3v76tGte9lzHS1XLGu75oaT.jpg
1955,11446.0,https://image.tmdb.org/t/p/w500/fsMMOVto87pvUQyozOF9CaT9aMR.jpg,https://image.tmdb.org/t/p/w500/cmD7smdQnflmpthFDjSArI2jKZF.jpg
1956,11451.0,https://image.tmdb.org/t/p/w500/7lTfTZ8CDfXw09eAv3OOvsbCVgs.jpg,https://image.tmdb.org/t/p/w500/u6qrMY2PIzXwmydmKNHmVDFbjaV.jpg
1957,11452.0,https://image.tmdb.org/t/p/w500/4IvM4qnzlo62oLmS54FtyRt54ze.jpg,https://image.tmdb.org/t/p/w500/7CAEkkp07JBPHGIxmagu181f4CP.jpg
1958,11453.0,https://image.tmdb.org/t/p/w500/yXdQ4UGDFCsPrynJOdIk20AYLus.jpg,https://image.tmdb.org/t/p/w500/lQFFYowxGHXCDTbHHeIeqBoJoYL.jpg
1959,11456.0,https://image.tmdb.org/t/p/w500/quRhjnXAuIn04VmgM84nmKzt79J.jpg,https://image.tmdb.org/t/p/w500/uKwQGbxSQ3VWfVRJWeZ7sNQlBJ5.jpg
1961,11458.0,https://image.tmdb.org/t/p/w500/7FsbWJq43lQGCIPxe8z3zBwEIkh.jpg,https://image.tmdb.org/t/p/w500/z0hxaBMxj5sQqk7MtMDmX6eZmMF.jpg
1962,11459.0,https://image.tmdb.org/t/p/w500/nBB0XNMwvYvWpo67EcxQqKMoMKf.jpg,https://image.tmdb.org/t/p/w500/4gsnFDp3bsfFuDFot38F7sCVvBE.jpg
1963,11460.0,https://image.tmdb.org/t/p/w500/ba0v2Uluo5MZe3Yto3MH9NQq792.jpg,https://image.tmdb.org/t/p/w500/1uRkvEDPvZUIGtGnJz895ajvb7Y.jpg
1964,11467.0,https://image.tmdb.org/t/p/w500/uU6sRJNHEO1B3pcPPB9jOdLi5wG.jpg,https://image.tmdb.org/t/p/w500/vSCrjBiEWPMInaQyFvk2pNyZHHm.jpg
1966,11469.0,https://image.tmdb.org/t/p/w500/pVxwVH461k9u4tUfRewT29DEZ2e.jpg,https://image.tmdb.org/t/p/w500/udgq4FDqsRgJIACUrWlk1BRtUhf.jpg
1967,11470.0,https://image.tmdb.org/t/p/w500/ggOND0hfoE0f3K857joSzEeIchb.jpg,https://image.tmdb.org/t/p/w500/fR5Hkf4OH6aLExl2qP2ucMV2Xdt.jpg
1968,11478.0,https://image.tmdb.org/t/p/w500/pYuggibfzm8LWgjnUKMMtii2430.jpg,https://image.tmdb.org/t/p/w500/4kWVUyJAF9AUrcBlNBOxs4ikcQf.jpg
1969,11495.0,https://image.tmdb.org/t/p/w500/2ux5lqNuibd8eOkwwUhzfzAJBqD.jpg,https://image.tmdb.org/t/p/w500/tGvV6JZJxOh7yTRfcR5Hvo22aln.jpg
1970,11499.0,https://image.tmdb.org/t/p/w500/nLrRrHZQ40tWqLTY3kxgS4x7GUw.jpg,https://image.tmdb.org/t/p/w500/20wSDAS6rUWhkZQ2PxPC9TRsAd1.jpg
1971,11507.0,https://image.tmdb.org/t/p/w500/lRFm5P2AdOGpELwm3HHhmUz6k5I.jpg,https://image.tmdb.org/t/p/w500/h5QkdbRmG2VodOCSB0QMhSGcCkI.jpg
1972,11509.0,https://image.tmdb.org/t/p/w500/k6zurzegRKsNGMICXZ57VJDUzXO.jpg,https://image.tmdb.org/t/p/w500/rPDcuFniW2yZrSRbLjeNdQy7P45.jpg
1973,11516.0,https://image.tmdb.org/t/p/w500/qjv7cYLSufwf03So0SuRFU7sRxB.jpg,https://image.tmdb.org/t/p/w500/c8lCUmgvyxfM3oJzbD9bQf8bV02.jpg
1974,11517.0,https://image.tmdb.org/t/p/w500/jWBDz6Mf9aQVBiUS76JQsEhvoJl.jpg,https://image.tmdb.org/t/p/w500/gyaBJn7eR8Ol205wmT2Xpi6IuhA.jpg
1975,11529.0,https://image.tmdb.org/t/p/w500/698cbxq0SRwCdOPG5Bwi7JDk12d.jpg,https://image.tmdb.org/t/p/w500/xE0ouu4yVA4fBojdHg2UkfvRxY4.jpg
1976,11531.0,https://image.tmdb.org/t/p/w500/l1jF93S9FYbzp3Byh5VUA1KApSJ.jpg,https://image.tmdb.org/t/p/w500/unVjWj6KsRXk67pEkBfxflpbyRV.jpg
1977,11535.0,https://image.tmdb.org/t/p/w500/5Wquo3EjfDpK7S1BHcybuC3TZDO.jpg,https://image.tmdb.org/t/p/w500/tjCAyz2Tu2xdZSFJrtU4fQrZ32A.jpg
1978,11536.0,https://image.tmdb.org/t/p/w500/rkIkyPhT5oetT463HxpdIuct30l.jpg,https://image.tmdb.org/t/p/w500/uCH6NY9qstOLbBTGv0rWxB1oJJH.jpg
1979,11543.0,https://image.tmdb.org/t/p/w500/lVpejjxzBujSjLpxQ7hGe1s0wP2.jpg,https://image.tmdb.org/t/p/w500/t8HtbS9tWWUbqI5J7hIYCspgkGI.jpg
1982,11546.0,https://image.tmdb.org/t/p/w500/3517XQ9LpoEykyYq2TuDNS45MPP.jpg,https://image.tmdb.org/t/p/w500/rF060JFEDVmBUe2BRvUKQXe2O02.jpg
1983,11551.0,https://image.tmdb.org/t/p/w500/2nuUjSzHsoYlRvTPmLo7m7gCQry.jpg,https://image.tmdb.org/t/p/w500/gdQk5g4TC95957Xs4xGbcOBnG56.jpg
1985,11561.0,https://image.tmdb.org/t/p/w500/YTYSziZZP5aXt5CDvdEMwKDzme.jpg,https://image.tmdb.org/t/p/w500/uVTEJPLof6fizkWvmhxEprut9oQ.jpg
1986,11564.0,https://image.tmdb.org/t/p/w500/qIu9UGDLeACl7YGuAAgTFfQ0j8I.jpg,https://image.tmdb.org/t/p/w500/ke6cDBFg4IPb8MWjPOBlIhtosQ0.jpg
1987,11565.0,https://image.tmdb.org/t/p/w500/wlbov6pkgySqYZilZcO54f29Dg1.jpg,https://image.tmdb.org/t/p/w500/wIQ7wsT4C1ZTzSJkA3dcCz8vkOh.jpg
1988,11576.0,https://image.tmdb.org/t/p/w500/j4mWzOisSHFkaqIkq34l2mm8a5K.jpg,https://image.tmdb.org/t/p/w500/wSiBXaJ2PtlxUGH2waIxQZjFPhg.jpg
1989,11577.0,https://image.tmdb.org/t/p/w500/vRDvPypWsjGs7spo7G5bz1cSacC.jpg,https://image.tmdb.org/t/p/w500/mEEJC1tHmxJZ49L0Gc7jsFlvQXJ.jpg
1990,11583.0,https://image.tmdb.org/t/p/w500/4LqLUNoCwoPQNmrRuDZa0zC3hT8.jpg,https://image.tmdb.org/t/p/w500/hRqwp6ee3qKnUWLw6S4nj9yMwv0.jpg
1991,11586.0,https://image.tmdb.org/t/p/w500/g9i3LTMYLRHvCYSKimZEfd1Vqy7.jpg,https://image.tmdb.org/t/p/w500/wyRJPq5lUy7V5ETiiwihff9wl3G.jpg
1992,11588.0,https://image.tmdb.org/t/p/w500/vGPMhj7Pp2bxubm7JsCyTB3Tg6Z.jpg,https://image.tmdb.org/t/p/w500/reKKVrgeaKozpODdLCbhEQAhN0x.jpg
1993,11592.0,https://image.tmdb.org/t/p/w500/3Qlycp68b6TQkC1fMMahpf04Oq8.jpg,https://image.tmdb.org/t/p/w500/gRbQWU1MbdphvioR25UAGGKMQsh.jpg
1995,11598.0,https://image.tmdb.org/t/p/w500/qk0iXBQgP6b4xfS2bIUNBSENJAn.jpg,https://image.tmdb.org/t/p/w500/fiSvjqNpjGJJEFryM7n4pIVQV6f.jpg
1996,11600.0,https://image.tmdb.org/t/p/w500/ofXlW8FtBGVGSgRiaOIfnzR5koU.jpg,https://image.tmdb.org/t/p/w500/6lUwQFGksZzYVYeJC5NxTEeA10J.jpg
1997,11601.0,https://image.tmdb.org/t/p/w500/9CyJ5aYF27cITX1WSUTENeP4wBE.jpg,https://image.tmdb.org/t/p/w500/puVlXLW2gVWQFKJsd9fjYWpdTgZ.jpg
1998,11615.0,https://image.tmdb.org/t/p/w500/7tcAvE82JyxIi79cwQV5br90KVz.jpg,https://image.tmdb.org/t/p/w500/88wEXW9NIURi496KrIgD50dw87l.jpg
1999,11618.0,https://image.tmdb.org/t/p/w500/xwLldS5JnB4441iS50ha9ZrkaA8.jpg,https://image.tmdb.org/t/p/w500/acloCJG7yIvM8M8lh6GuuohlGJR.jpg
2000,11619.0,https://image.tmdb.org/t/p/w500/ahVxu86XwxMp8RkartqY4B3mK9l.jpg,https://image.tmdb.org/t/p/w500/7xQk3HdCvkNmk3gblDGn9fVnbsT.jpg
2001,11620.0,https://image.tmdb.org/t/p/w500/dqF1dattMNiwGjPSphu2VSi558Q.jpg,https://image.tmdb.org/t/p/w500/cEdyAF813pgjsYzGqpDFjJgTzbs.jpg
2002,11622.0,https://image.tmdb.org/t/p/w500/qVN4bbVX2tzaNbAdEJT5eOPq26c.jpg,https://image.tmdb.org/t/p/w500/qr3yKVRrPmPCpxqtEeFkdisGE4n.jpg
2003,11624.0,https://image.tmdb.org/t/p/w500/A1ZNhNd8FV8kCW39OeDelokT0tv.jpg,https://image.tmdb.org/t/p/w500/yJsgsM2f6HmfR9I1vTpqjmgD836.jpg
2004,11631.0,https://image.tmdb.org/t/p/w500/xYLiCWmAMHJubx5jNZ7HuXKjAbV.jpg,https://image.tmdb.org/t/p/w500/90sDsHugeRU5dtTG3zEVIOXXl4L.jpg
2005,11632.0,https://image.tmdb.org/t/p/w500/6GCjrrd1XIl8VSwjKo8c94LTwtd.jpg,https://image.tmdb.org/t/p/w500/eW3GgBzpLcbohMy6I07rSyPROuM.jpg
2006,11635.0,https://image.tmdb.org/t/p/w500/nYtuwNHpEoIbTgS3aFPSEwZNN6l.jpg,https://image.tmdb.org/t/p/w500/2tZVYiosztNM1DAYUF59VPsNp9L.jpg
2007,11637.0,https://image.tmdb.org/t/p/w500/guDkMD4wrZ1BGUO7DFFBVzaiGij.jpg,https://image.tmdb.org/t/p/w500/p5ZW0xCRXO8vf1byKzSJzIOj6hm.jpg
2008,11638.0,https://image.tmdb.org/t/p/w500/8BF6qSAANBvhEPZxQVTUiZbfiOy.jpg,https://image.tmdb.org/t/p/w500/pfojsC4a1wLzWGPZjHJBM1vIbUh.jpg
2010,11648.0,https://image.tmdb.org/t/p/w500/252PdRj3y2S05DC4oSf2qk2vva3.jpg,https://image.tmdb.org/t/p/w500/mZ5YlqaT0gZqXRoDkuMJfqB5OAI.jpg
2011,11658.0,https://image.tmdb.org/t/p/w500/efc2MwDwvQsYsbxLXaXtlmOJ7LZ.jpg,https://image.tmdb.org/t/p/w500/oqaKsofz49zjNhi48sxQIq8U73X.jpg
2012,11661.0,https://image.tmdb.org/t/p/w500/9Ka8lKCIiWjnZiMslPQeakS5UhW.jpg,https://image.tmdb.org/t/p/w500/5ChBhGXIX7RgOMSjIlXgBp6UjMf.jpg
2014,11667.0,https://image.tmdb.org/t/p/w500/6yh95dD2Y6uWAlPfWCZZygBM1ec.jpg,https://image.tmdb.org/t/p/w500/vmXRiIs6alZFDtlHlUT3Tx5rHww.jpg
2015,11676.0,https://image.tmdb.org/t/p/w500/umbzQyRMeB1oHTKiymTlH591xNB.jpg,https://image.tmdb.org/t/p/w500/y7fsDAazaQudZHMrTTegPjWdFT.jpg
2016,11678.0,https://image.tmdb.org/t/p/w500/kpqQUEi8eAyYHMDFACf6YlnPIu7.jpg,https://image.tmdb.org/t/p/w500/gPMYhwogEWMeUWqL0JJkSuwcafk.jpg
2017,11679.0,https://image.tmdb.org/t/p/w500/nL9J0N3HJSdZTKRsd5xcE6IzL5s.jpg,https://image.tmdb.org/t/p/w500/vBDHS8bdo5vzqaaqviMupznoRaN.jpg
2019,11687.0,https://image.tmdb.org/t/p/w500/iBsuPhz0pwWgtOhe4ysqFjwNk3t.jpg,https://image.tmdb.org/t/p/w500/tH7GoWIooWdKwF4GTUuIVc3pnnN.jpg
2020,11688.0,https://image.tmdb.org/t/p/w500/wwbgkXQBEKtnyIJapk6gUgWkVw8.jpg,https://image.tmdb.org/t/p/w500/mZj8EUr6F1x2PWZjKPxaeYd5WRw.jpg
2021,11690.0,https://image.tmdb.org/t/p/w500/kndxR9TRK0kJ5hxzDprRSS80F2W.jpg,https://image.tmdb.org/t/p/w500/aSA7RuKmCQBnYKn70GYPi6ckgoY.jpg
2022,11692.0,https://image.tmdb.org/t/p/w500/96vvhLWWDosS1zRrfQ6XEGAzByL.jpg,https://image.tmdb.org/t/p/w500/lEGw5YRSN4WVY51Hadytked78nG.jpg
2024,11699.0,https://image.tmdb.org/t/p/w500/zRULXsd0rb1lVfnSyQkYPi2nLcB.jpg,https://image.tmdb.org/t/p/w500/abF5X1C7KMJEJnbB7KidfHOIszj.jpg
2025,11702.0,https://image.tmdb.org/t/p/w500/6q96xjyGTQllKAKgmwyBsk5JSe5.jpg,https://image.tmdb.org/t/p/w500/yYY0eWwfbvb1OTUx5cMNvHogDvs.jpg
2026,11770.0,https://image.tmdb.org/t/p/w500/z6ZQqwoxWy9muIxwUP4K2zWw7BU.jpg,https://image.tmdb.org/t/p/w500/lMRX4cLx4hxYth3iQ96c0E1RHGB.jpg
2027,11775.0,https://image.tmdb.org/t/p/w500/7K8hDwOWsZv0MluyrB8nWlhJOgB.jpg,https://image.tmdb.org/t/p/w500/x1BTLDDijvms3Yi9NZoxxniTDGA.jpg
2030,11798.0,https://image.tmdb.org/t/p/w500/6ZVx7wLrlgSKxkYC2CRg6Zek0fG.jpg,https://image.tmdb.org/t/p/w500/9JpS3EPGWVidpVW6LjTlXJ6jrKT.jpg
2032,11804.0,https://image.tmdb.org/t/p/w500/ncB9SvOclmXYALlcAsF1jRIuISl.jpg,https://image.tmdb.org/t/p/w500/71X982Z2hHTRSc2Ez70cpgeGuVu.jpg
2033,11812.0,https://image.tmdb.org/t/p/w500/qLysz4B5YmiDq52Op0zq4eD75LC.jpg,https://image.tmdb.org/t/p/w500/7rQm6TZAB3CLB1UNDuocQ8EMdHk.jpg
2034,11817.0,https://image.tmdb.org/t/p/w500/kHWv16c4uDmiEujICSBdQ52TH55.jpg,https://image.tmdb.org/t/p/w500/lZCDvCaCrnFK8EcX5TTmk72PzCy.jpg
2035,11818.0,https://image.tmdb.org/t/p/w500/s7NOQ6u6elKB7KiZVd3uUY3igW0.jpg,https://image.tmdb.org/t/p/w500/hueisAmshI3LcK5HnGDOQESZOn.jpg
2036,11820.0,https://image.tmdb.org/t/p/w500/bg0VKsXnLjIZ0cHmZHZLs9gzrvm.jpg,https://image.tmdb.org/t/p/w500/trfjdJI51Krnig9UmxJQkz15ICo.jpg
2037,11823.0,https://image.tmdb.org/t/p/w500/agiItFfsvNsjpinLGwjfpYOhLaX.jpg,https://image.tmdb.org/t/p/w500/rQekKZM4yKw928vnPkbxFWmG8Uo.jpg
2038,11826.0,https://image.tmdb.org/t/p/w500/xTfCZTzhgHNAR1pf5D49WH4buI5.jpg,https://image.tmdb.org/t/p/w500/yYUGy4MDM6jbJoamlfo3HT6Guhy.jpg
2039,11827.0,https://image.tmdb.org/t/p/w500/atUtWrDlLzT1yeVK2EoYtvbS963.jpg,https://image.tmdb.org/t/p/w500/obApq0Prmf740t0b3QoxoSxjYW1.jpg
2040,11831.0,https://image.tmdb.org/t/p/w500/6QqNyIHKow0jngiQgTNBOBrLILM.jpg,https://image.tmdb.org/t/p/w500/AmTrqk910ot3aYLBGyIG78Xfa18.jpg
2041,11835.0,https://image.tmdb.org/t/p/w500/3rdEAMh4a3pc7GO6fSkJwpt7BWX.jpg,https://image.tmdb.org/t/p/w500/tlPAcPTRJmHgULtUVIasQWQQiVN.jpg
2042,11836.0,https://image.tmdb.org/t/p/w500/1rvzKV1d18EbDVaEd4VDzK3cgnY.jpg,https://image.tmdb.org/t/p/w500/6ZnHQKcqQ8nmfP6woZu2v5EtXoW.jpg
2043,11843.0,https://image.tmdb.org/t/p/w500/cDi6lHXmY12SxtjcP6IdK7mB3W1.jpg,https://image.tmdb.org/t/p/w500/13MrwYAGc74LmhS5zhBeXYxs6hz.jpg
2045,11863.0,https://image.tmdb.org/t/p/w500/8KWiZKDYpAgh8n27lanvTuDquyX.jpg,https://image.tmdb.org/t/p/w500/k19u7EVyMqhfQrH9KMlyCNbnvBZ.jpg
2046,11866.0,https://image.tmdb.org/t/p/w500/pcj6unMsKCw0ogWFlUXmbc9gKap.jpg,https://image.tmdb.org/t/p/w500/mWXU29QjfjEG37d0c2hE11MWRGq.jpg
2047,11870.0,https://image.tmdb.org/t/p/w500/3EjpQeyOpH8VIaWqIq6SpCQrCks.jpg,https://image.tmdb.org/t/p/w500/d8B0UIH8yBsVKjLDIT9MIeHrlZX.jpg
2048,11873.0,https://image.tmdb.org/t/p/w500/dVdnHmdQu3JtLAAksjTmTEF76gD.jpg,https://image.tmdb.org/t/p/w500/hhCp6ZLDjS5wUHkGg7k3VGvH3Xm.jpg
2049,11876.0,https://image.tmdb.org/t/p/w500/tsmwnxi8hGXQTNVqBRCAVsfeGON.jpg,https://image.tmdb.org/t/p/w500/5aXOJ5cpzodpZoTDe4NVL0kSkRl.jpg
2050,11887.0,https://image.tmdb.org/t/p/w500/aq2o1wT0crBOTxof36O6KTyjpgE.jpg,https://image.tmdb.org/t/p/w500/spyZFUG0lR6FEbvMn3YBcxT8vdx.jpg
2051,11888.0,https://image.tmdb.org/t/p/w500/8DDC6z1XyLSiNLzKw1pXcYeAOJ3.jpg,https://image.tmdb.org/t/p/w500/gfwMVCtYjn4VjAQyIZ5bOj6KSu0.jpg
2052,11889.0,https://image.tmdb.org/t/p/w500/sm1ve46SuxDVywnvVEg2XvhvlK8.jpg,https://image.tmdb.org/t/p/w500/xoLuu4u6CpiL72n5nLo2f4H9613.jpg
2053,11891.0,https://image.tmdb.org/t/p/w500/gVsZ1hsJ9g11oCCav4N8ccp9bRw.jpg,https://image.tmdb.org/t/p/w500/zvIhFx35lXEIO2OsVnrpReEH747.jpg
2054,11892.0,https://image.tmdb.org/t/p/w500/plH3TujSUVttiIikToKfwdCorJI.jpg,https://image.tmdb.org/t/p/w500/5fsyOL5sNA4jpqgl9WsxHgbgTja.jpg
2055,11901.0,https://image.tmdb.org/t/p/w500/AjkJCFkqanK1OZqiHxc6Kl2wPQO.jpg,https://image.tmdb.org/t/p/w500/gDrgpDJHi0ZwH69KfMIiuBMt0Ja.jpg
2056,11904.0,https://image.tmdb.org/t/p/w500/aOxVYvQoAfNSns4hW5Ah55GBzgq.jpg,https://image.tmdb.org/t/p/w500/depMebS7tRuR8ebxghxdkIlnX3s.jpg
2057,11908.0,https://image.tmdb.org/t/p/w500/lkh3Fwruds78feXfP1Zb9kBLydL.jpg,https://image.tmdb.org/t/p/w500/ni1CHXAZjmi8P588hEmEvr96uKZ.jpg
2058,11917.0,https://image.tmdb.org/t/p/w500/rKl79KqLXg60KFyKsLe4wSSjQ08.jpg,https://image.tmdb.org/t/p/w500/jIjVPKDow5ai8dbs4PgWmtqg9Ol.jpg
2059,11918.0,https://image.tmdb.org/t/p/w500/nAzo5OOmoE9SXOv4mHTuiu58QXA.jpg,https://image.tmdb.org/t/p/w500/iA5yYNAclwXWGe46T7gatzGYcRu.jpg
2060,11932.0,https://image.tmdb.org/t/p/w500/yaIPNOcC7ZRuwH3maNwP9qzIo5G.jpg,https://image.tmdb.org/t/p/w500/fLTd0VxpijUt6Hm1QM2ehLpWPeu.jpg
2061,11934.0,https://image.tmdb.org/t/p/w500/xBQBr6Q1OTivouBK66oFgy86n03.jpg,https://image.tmdb.org/t/p/w500/gXo423uIRgBOsfQrrqJfVVcySif.jpg
2062,11935.0,https://image.tmdb.org/t/p/w500/bxsCARg2rxQ2PzFW5ZsADLT9e9c.jpg,https://image.tmdb.org/t/p/w500/d4qAHbs8wLBnRatYCPvtp3F48bO.jpg
2064,11956.0,https://image.tmdb.org/t/p/w500/vZjHfDpE74EmbknicrTg4n5YOLr.jpg,https://image.tmdb.org/t/p/w500/zQPEo9JVbfbKagRyr92Vfk9xqXT.jpg
2065,11959.0,https://image.tmdb.org/t/p/w500/wxx5YQLKVH1WMSRXQAUnC76r4iY.jpg,https://image.tmdb.org/t/p/w500/dAz8vPSI2daM4ZVrHSKnpNLUvDM.jpg
2066,11967.0,https://image.tmdb.org/t/p/w500/3AgCq7xY1rHRAAn0iVcnNr2OWL.jpg,https://image.tmdb.org/t/p/w500/AoFo9HeJU7jiHAUNawpwhs3zQbd.jpg
2067,11968.0,https://image.tmdb.org/t/p/w500/h5oXcjRu0EOiAxSxYuGq58897tu.jpg,https://image.tmdb.org/t/p/w500/bgYcrIYjoaoZAJY9rvdwGpyIvrM.jpg
2068,11969.0,https://image.tmdb.org/t/p/w500/wGFCvylul8iEQhJOKfwZGGvXMzA.jpg,https://image.tmdb.org/t/p/w500/djPXXv9pPyTLGl9kMPCTyiBmIA5.jpg
2069,11971.0,https://image.tmdb.org/t/p/w500/tvltGP6vYOkHdURag0jPSjhPUAV.jpg,https://image.tmdb.org/t/p/w500/dktr46Mbdr2DpHmqe5ruUmiu6qN.jpg
2071,11975.0,https://image.tmdb.org/t/p/w500/twLGHXPjQtS8UyVGp5GXmhJiTM7.jpg,https://image.tmdb.org/t/p/w500/v0IeACcCsKLKqT4eCJsZ60nySQL.jpg
2072,11977.0,https://image.tmdb.org/t/p/w500/lXnNz7zOXCsftMDVoU3VSo0Eioi.jpg,https://image.tmdb.org/t/p/w500/3tqRm30c1Nbe82xvBOdRhYh0Uet.jpg
2073,11978.0,https://image.tmdb.org/t/p/w500/wNUAnXV1mzOOfvnVBIYsalkk078.jpg,https://image.tmdb.org/t/p/w500/laNHiehbOHYM3y9FVFfqmLuX8X5.jpg
2074,11979.0,https://image.tmdb.org/t/p/w500/zkw9xEirdADjaUBuaBvVuGvlHPv.jpg,https://image.tmdb.org/t/p/w500/dHkKPuiPSw9BbfAt1zdEZCuAzTX.jpg
2075,11980.0,https://image.tmdb.org/t/p/w500/4ZWFhQipzBHJze2llzCzhrSIZsn.jpg,https://image.tmdb.org/t/p/w500/kZbLOAlCB3htkhyZzTkUv21i0gv.jpg
2076,11983.0,https://image.tmdb.org/t/p/w500/yw8x2i3vaHZZzpvqvF75E8q2N6M.jpg,https://image.tmdb.org/t/p/w500/iakEcGh4varespo3U8Cx0UtcNox.jpg
2077,12079.0,https://image.tmdb.org/t/p/w500/jiwNobUsd29ooowQyTeh0cvPBFL.jpg,https://image.tmdb.org/t/p/w500/57CjdO0N8erYJq234HCyYwkhq5K.jpg
2078,12085.0,https://image.tmdb.org/t/p/w500/z6b6rQ1ZFEkM4tSt84yPtdAioCO.jpg,https://image.tmdb.org/t/p/w500/mGG8qqSBK7EKN2cOVBlVef1Y3N4.jpg
2079,12088.0,https://image.tmdb.org/t/p/w500/evjpqWPUY4VpOdyLpeRfkGU8DiR.jpg,https://image.tmdb.org/t/p/w500/6SD8Z4aGvglKU7qIX0kwNT3n4be.jpg
2080,12090.0,https://image.tmdb.org/t/p/w500/FRqnYDjbstsCgLSJJ3SifOh2ca.jpg,https://image.tmdb.org/t/p/w500/e80O23jzx3T7qgWrIoFz7hMgsjU.jpg
2081,12093.0,https://image.tmdb.org/t/p/w500/5i1uhvcdv2Iogx0Bb1znvUmkCvN.jpg,https://image.tmdb.org/t/p/w500/eCU2dxggXJjJ9lsIMp5qf5qvz98.jpg
2082,12094.0,https://image.tmdb.org/t/p/w500/u73V8dMqUwjtPL6gWesCE7ji9GU.jpg,https://image.tmdb.org/t/p/w500/eCP3PAiu442zkJWczdLdvALePNK.jpg
2083,12096.0,https://image.tmdb.org/t/p/w500/57ViRkdsddHLK32W8Nf3ZPLSAu4.jpg,https://image.tmdb.org/t/p/w500/3jiNJ4lyAmdSidvbFTFIL2GQGBu.jpg
2084,12100.0,https://image.tmdb.org/t/p/w500/547q4HXlvEcS06lujfb2yzsTP3H.jpg,https://image.tmdb.org/t/p/w500/xr60oCXkfFIqMRJ4YxtMiD53zBy.jpg
2086,12106.0,https://image.tmdb.org/t/p/w500/jhEmrXJpP6F3cqwyLjvgBgxxxFA.jpg,https://image.tmdb.org/t/p/w500/wwdzmWC1Ra9SqPBrtCyRNJ4oYUO.jpg
2087,12107.0,https://image.tmdb.org/t/p/w500/v8gI95Eio7kAjixyqYHxNKmJTmm.jpg,https://image.tmdb.org/t/p/w500/i3oT0v1KVDZEq8oOZdAAqy78Vub.jpg
2088,12109.0,https://image.tmdb.org/t/p/w500/4AvbVwbejmSMKGEdLmVYDLAss1i.jpg,https://image.tmdb.org/t/p/w500/o3prcL5cI97VFmhN6yVDgnulz8R.jpg
2089,12113.0,https://image.tmdb.org/t/p/w500/sLjVDPPfNQfAma9XyOqHPClQb2V.jpg,https://image.tmdb.org/t/p/w500/6ghc2ySuEnTW8h3YgZZufk2SOTv.jpg
2090,12117.0,https://image.tmdb.org/t/p/w500/8EKmzia6awjsqFxgBk5a82aTmb6.jpg,https://image.tmdb.org/t/p/w500/uqa2PKpMzNMm5nkW2Xwio7TVIli.jpg
2091,12120.0,https://image.tmdb.org/t/p/w500/SIt5FbgvoxlZr8ay3cfi79pV6z.jpg,https://image.tmdb.org/t/p/w500/qN231DYaVUdEnFUHHPJ0kgpuV82.jpg
2092,12123.0,https://image.tmdb.org/t/p/w500/4ahjVHwXXsq5zK57ds8FwWY73MS.jpg,https://image.tmdb.org/t/p/w500/8coSVxxbsV69T81nMILkiPdUKrP.jpg
2093,12133.0,https://image.tmdb.org/t/p/w500/nvggBbEraUTAVR6ffP3AaBUWSHs.jpg,https://image.tmdb.org/t/p/w500/247H2jS9Te9TTmKDcAMg3LN5gmI.jpg
2095,12142.0,https://image.tmdb.org/t/p/w500/bSxrbVCyWW077zhtpuYlo3zgyug.jpg,https://image.tmdb.org/t/p/w500/lcLyZzhB1ctfdH0hGBsTFrbflqP.jpg
2096,12144.0,https://image.tmdb.org/t/p/w500/7phV1ETZnQrLsEeuk4hNeceEl25.jpg,https://image.tmdb.org/t/p/w500/sXfQGa7juaTpZ5IF17Xa6hI53nx.jpg
2097,12149.0,https://image.tmdb.org/t/p/w500/jid7dyfHa6ApZSTweC3T3nllWjh.jpg,https://image.tmdb.org/t/p/w500/2NI8J2dktpprOfXb65hsNQ5TNt6.jpg
2098,12150.0,https://image.tmdb.org/t/p/w500/vJ88WmJ12eAK9CRb3cggn9CJthH.jpg,https://image.tmdb.org/t/p/w500/8she0UIhlxoUnzWhO5AZpPlL0uf.jpg
2099,12153.0,https://image.tmdb.org/t/p/w500/aHTUpo45qy9QYIOnVITGGqLoVcA.jpg,https://image.tmdb.org/t/p/w500/di47xqYMCYpjqwnqNlO17X5qXMX.jpg
2100,12154.0,https://image.tmdb.org/t/p/w500/oYetboAljWR2N5A7MU3i63DvUtd.jpg,https://image.tmdb.org/t/p/w500/rVp4XrInBkLC37n64nk5g5Wpf7F.jpg
2101,12155.0,https://image.tmdb.org/t/p/w500/o0kre9wRCZz3jjSjaru7QU0UtFz.jpg,https://image.tmdb.org/t/p/w500/ocOWbTzHcJVTw9Tz173KPeskDOP.jpg
2102,12158.0,https://image.tmdb.org/t/p/w500/fodPA5x3REtOwColG17CucreZqM.jpg,https://image.tmdb.org/t/p/w500/uQWHuHi4sdNS3U0dON14eY6Tsja.jpg
2103,12159.0,https://image.tmdb.org/t/p/w500/78wCdphUzeb528wLZw2W0fn7yGB.jpg,https://image.tmdb.org/t/p/w500/586n41CjDveXtwmQgP41YtyHKUV.jpg
2104,12160.0,https://image.tmdb.org/t/p/w500/51LItgyecu2KMAtIchYogEykCIu.jpg,https://image.tmdb.org/t/p/w500/8Nhn88ZaR8txXSLptWMBgWm3QnJ.jpg
2105,12162.0,https://image.tmdb.org/t/p/w500/io2dfBJhasvGbgkCX9cCGVOiA99.jpg,https://image.tmdb.org/t/p/w500/off0xgvtfHY82l3MC4mDpCk1APY.jpg
2106,12163.0,https://image.tmdb.org/t/p/w500/7QH5p5BF582k6qHufCKjftfkqWH.jpg,https://image.tmdb.org/t/p/w500/wcJmFsz8RqIhozMwvU81hreTX4i.jpg
2107,12177.0,https://image.tmdb.org/t/p/w500/sp8AV64ftAZCT9uWfgbCb3olGDW.jpg,https://image.tmdb.org/t/p/w500/9E7RHTs5hyVCwZ8vmw0UtrcwfFD.jpg
2108,12182.0,https://image.tmdb.org/t/p/w500/cndxWgZEHnSUtytrMjal97ye34E.jpg,https://image.tmdb.org/t/p/w500/q9m40JSqittqMWYQet2TCzVWSPO.jpg
2109,12183.0,https://image.tmdb.org/t/p/w500/sdBiC4J0QMDOoPzX4eudGnTM0MJ.jpg,https://image.tmdb.org/t/p/w500/3V617MptZZj3nReODRU59K0Z66K.jpg
2110,12184.0,https://image.tmdb.org/t/p/w500/q2lgC8mmAltWTkbqPM8n5EYF4XL.jpg,https://image.tmdb.org/t/p/w500/jovVe4UGpmQEAE6ZEmV5xa6Kk1f.jpg
2111,12192.0,https://image.tmdb.org/t/p/w500/tK9DvIwAuX5AExgEZqLCnf7qy5k.jpg,https://image.tmdb.org/t/p/w500/A3gPNP5DOY0s6S1V3BPw8GHXoIf.jpg
2112,12193.0,https://image.tmdb.org/t/p/w500/zixj44TC7rwzpxtJAG5OzFJnEqe.jpg,https://image.tmdb.org/t/p/w500/6ZuYKN5wJKcuCw7o1WsbjYo68vz.jpg
2114,12207.0,https://image.tmdb.org/t/p/w500/xqUBrSBtPYLvCtfqHF5sapU6Div.jpg,https://image.tmdb.org/t/p/w500/zo14UuFDTVy91cBNWHplHCqHCPt.jpg
2115,12211.0,https://image.tmdb.org/t/p/w500/u7kIXMyagqcek2SaS9svfPTTGVT.jpg,https://image.tmdb.org/t/p/w500/mvbBw9pxhxznSNxrvIWT8GsTTb3.jpg
2116,12212.0,https://image.tmdb.org/t/p/w500/9kjGrnhMz37RYEd5BFcrU1qkPkl.jpg,https://image.tmdb.org/t/p/w500/xH7ISsZtQ7prIpjHz8qbu4Wuud2.jpg
2117,12220.0,https://image.tmdb.org/t/p/w500/8rm0CZpHW1D7pIv8OguJNHF93LV.jpg,https://image.tmdb.org/t/p/w500/mh30m4DuwBtvI9zwfZF6KfkkRbP.jpg
2118,12227.0,https://image.tmdb.org/t/p/w500/27wg0rVZW8hX7nWeHCwTf9DygGc.jpg,https://image.tmdb.org/t/p/w500/1DcKVybwLpvnybtZ3Du8RTOu4MK.jpg
2119,12228.0,https://image.tmdb.org/t/p/w500/iy96Ud1jpnjOEYiHh2XMooD1PfG.jpg,https://image.tmdb.org/t/p/w500/1lXuVrX8ZcQWHc1k192yFSNh1R7.jpg
2120,12245.0,https://image.tmdb.org/t/p/w500/aPGyZg44eCxccfoaNNbJwTJj66J.jpg,https://image.tmdb.org/t/p/w500/v91aGneMO7dT45KEbutrY85JMta.jpg
2121,12246.0,https://image.tmdb.org/t/p/w500/8hlyJVMKFJNJb8QRtdfjage2tGF.jpg,https://image.tmdb.org/t/p/w500/m50btvvexrrDUpJjSey1C4IU1OD.jpg
2122,12247.0,https://image.tmdb.org/t/p/w500/aeIlHt28Z8KmHcKEgl4oLHpwZ8M.jpg,https://image.tmdb.org/t/p/w500/u5hVdYR4l7Mv8ruYEGVL1mbIoKC.jpg
2124,12271.0,https://image.tmdb.org/t/p/w500/A5Sq71054VptVUQYGdIjjim4hFn.jpg,https://image.tmdb.org/t/p/w500/8eoOLd148gWhboEckk2HyRLZkpG.jpg
2125,12277.0,https://image.tmdb.org/t/p/w500/vkPm29sqtEjoekOhXbqxTcgpJ4y.jpg,https://image.tmdb.org/t/p/w500/sxoz5X2wlLrQtY7hSTe1sEnLKfc.jpg
2126,12279.0,https://image.tmdb.org/t/p/w500/buA8dN4zLNr0dYBeKfHfMnEfdLE.jpg,https://image.tmdb.org/t/p/w500/bmuTrxbPcr1nKCsV5YWWJi73PGR.jpg
2127,12281.0,https://image.tmdb.org/t/p/w500/nlU3SJzt5focTIkhLcO0ggnvbpW.jpg,https://image.tmdb.org/t/p/w500/lFjONSYWA01SFDxnwRLxjUrh0GR.jpg
2128,12289.0,https://image.tmdb.org/t/p/w500/kKrvVZUxBPpyxnhdk5ZVdH91NyN.jpg,https://image.tmdb.org/t/p/w500/xDuEjbVlPkXBNiu8Dd7lQyZiNEX.jpg
2129,12312.0,https://image.tmdb.org/t/p/w500/9AJvAour6cslSMy9Q0WLd0jIJh1.jpg,https://image.tmdb.org/t/p/w500/tWAoJSgHFITHYLWccFrJ78SmmCq.jpg
2130,12400.0,https://image.tmdb.org/t/p/w500/tjLKe0QCGgSrvEd41Z4q2QpSoJF.jpg,https://image.tmdb.org/t/p/w500/xmFmlYj7tmUrkI3lztP6Zxh3u9G.jpg
2131,12403.0,https://image.tmdb.org/t/p/w500/ncuGG0hIlA03dQBJmdoT2LWgodG.jpg,https://image.tmdb.org/t/p/w500/wQE7BCTo9sdGEG5hywmC0hz8NoZ.jpg
2133,12405.0,https://image.tmdb.org/t/p/w500/5leCCi7ZF0CawAfM5Qo2ECKPprc.jpg,https://image.tmdb.org/t/p/w500/1wZoVT9RJsZmNjg8CecXqSgFUd9.jpg
2135,12412.0,https://image.tmdb.org/t/p/w500/7PqmgaQBuD0Zp9pDIkkEjkhCJUj.jpg,https://image.tmdb.org/t/p/w500/hY3O9tTA6xlk5l7xamO4uVNxEN2.jpg
2136,12429.0,https://image.tmdb.org/t/p/w500/yp8vEZflGynlEylxEesbYasc06i.jpg,https://image.tmdb.org/t/p/w500/1QmEcK0w2Ub4Hm094fHbZT8vA7o.jpg
2137,12437.0,https://image.tmdb.org/t/p/w500/yW9gF7rGn8EoV8B8rxOx1xjxVZf.jpg,https://image.tmdb.org/t/p/w500/rT7Kn7aT5owqpPSRSbxUmqRNz4w.jpg
2139,12479.0,https://image.tmdb.org/t/p/w500/5uNVeZNt7qxDWLJAZ0PER03WtKE.jpg,https://image.tmdb.org/t/p/w500/tJfAybe1M78AZ8e7059NRSeNkzr.jpg
2142,12498.0,https://image.tmdb.org/t/p/w500/rioWUWXPFNSjwm9NO2aau9x0wlP.jpg,https://image.tmdb.org/t/p/w500/crj92SZi5iOs0TJC6LScJw2iFMI.jpg
2143,12506.0,https://image.tmdb.org/t/p/w500/zEONV1NAzzoQGFFgSIEs7vJzDrN.jpg,https://image.tmdb.org/t/p/w500/pW4fqfsAKKGJv736xPvisSM91u2.jpg
2144,12508.0,https://image.tmdb.org/t/p/w500/8pRMweo9WA1MvYOLsD2hWyFpZ1V.jpg,https://image.tmdb.org/t/p/w500/oImvpyBfpXQgFevXWrh1adswdOn.jpg
2145,12509.0,https://image.tmdb.org/t/p/w500/azsBSw2zw2uNHiCjTnbe9TJVEDB.jpg,https://image.tmdb.org/t/p/w500/diLUnClHswIfhpJSjpblvSjWL9U.jpg
2146,12535.0,https://image.tmdb.org/t/p/w500/qVuSJaGnomSPon8x3mIYywFGgD8.jpg,https://image.tmdb.org/t/p/w500/uZK6kGcO2RRteHoEgkpH4Mwa3lf.jpg
2147,12555.0,https://image.tmdb.org/t/p/w500/mwuabUjZMSg8ngHScjcKCmFO0jA.jpg,https://image.tmdb.org/t/p/w500/y1Q4V1kkovDD4ZwRn9XZITMkVJl.jpg
2148,12569.0,https://image.tmdb.org/t/p/w500/cjen0vxjybwItQPH3NNCJuME2MY.jpg,https://image.tmdb.org/t/p/w500/vSUz6gjbK0x9LfaDxZcIKk84Dxs.jpg
2150,637.0,https://image.tmdb.org/t/p/w500/74hLDKjD5aGYOotO6esUVaeISa2.jpg,https://image.tmdb.org/t/p/w500/6aNKD81RHR1DqUUa8kOZ1TBY1Lp.jpg
2151,12589.0,https://image.tmdb.org/t/p/w500/pUwdquA6Bf3Gq8yT5iQL1Yq0jkl.jpg,https://image.tmdb.org/t/p/w500/9stTjA64EvFfNtrlO5XKvpBX351.jpg
2152,12596.0,https://image.tmdb.org/t/p/w500/61FWajJNKeS27DO4KgvS5LUgcHh.jpg,https://image.tmdb.org/t/p/w500/9nFpMbSWebfdGlAxFyPHn9eyIvY.jpg
2154,12610.0,https://image.tmdb.org/t/p/w500/foZpSG88IQUCEBJE3unc5QzO6bQ.jpg,https://image.tmdb.org/t/p/w500/b4bOy4QfEN9DfWrH2iTVi2W9eOp.jpg
2155,12612.0,https://image.tmdb.org/t/p/w500/A7SNMoBXWt0GAdktkVY1SB3y3vQ.jpg,https://image.tmdb.org/t/p/w500/o3EvC5uurO6te4mzZ49Zt3775pg.jpg
2157,12620.0,https://image.tmdb.org/t/p/w500/4oGGJ824vqIqDtyMvMuK44pDEmx.jpg,https://image.tmdb.org/t/p/w500/vz6iY1MtETWRtZMn379JYZGVCX1.jpg
2158,12621.0,https://image.tmdb.org/t/p/w500/ljdmxGNwhuWZBsCgANlZrruFkJj.jpg,https://image.tmdb.org/t/p/w500/fIV7j1fsWlHXE8mjgMfzvsLtGav.jpg
2159,12634.0,https://image.tmdb.org/t/p/w500/l6tzLXXGubnC6TbFgg8acfcvGRO.jpg,https://image.tmdb.org/t/p/w500/3ERk0cT9GIfxv6ULs2XZV3wgvEU.jpg
2160,12637.0,https://image.tmdb.org/t/p/w500/1nD40aUcPAxYdE1WxERrTjZuFGe.jpg,https://image.tmdb.org/t/p/w500/9lOh8t4qPBfqIcKNW0HT0VdMgEi.jpg
2162,12658.0,https://image.tmdb.org/t/p/w500/9cMkJSl2TI4xe8lKNFduinafKpe.jpg,https://image.tmdb.org/t/p/w500/fRNNl8iLc4mpWy1C2JDIJdJxHQZ.jpg
2163,12690.0,https://image.tmdb.org/t/p/w500/kQB0uxR3RDS2tGTZtBuFow9SF1T.jpg,https://image.tmdb.org/t/p/w500/dIy6yJ22rKoqxGXpCOHjZPfoCba.jpg
2164,12703.0,https://image.tmdb.org/t/p/w500/bGzU4TgdqmMjIfPIgf2MjDW6H7c.jpg,https://image.tmdb.org/t/p/w500/lJQBWCJYL44JG9FGv6xzgCJ3cSQ.jpg
2165,12704.0,https://image.tmdb.org/t/p/w500/2n6cDGd84I1KvCeYlTju7MBC9sN.jpg,https://image.tmdb.org/t/p/w500/lrGiV89QtomvweMugwAhwKpJkeV.jpg
2166,12763.0,https://image.tmdb.org/t/p/w500/vkGSs0eeOOISEe9jddBZnRSkn46.jpg,https://image.tmdb.org/t/p/w500/3I0ibLoqCBu3gCeN46wpnKL7gq6.jpg
2168,12771.0,https://image.tmdb.org/t/p/w500/zi8uGxsyhxo0Uzg09ImxLzBDSK3.jpg,https://image.tmdb.org/t/p/w500/qZiQ1ISNYjk6xn61NKwpcOGSG9a.jpg
2169,12779.0,https://image.tmdb.org/t/p/w500/rAa3nTeDpwgLX6XxnT3wR86C5WE.jpg,https://image.tmdb.org/t/p/w500/bzb6BDskaYbRvXMIENcqFdgwiY0.jpg
2170,12783.0,https://image.tmdb.org/t/p/w500/77ckyYrWmR12kl3qToqmDySnuwv.jpg,https://image.tmdb.org/t/p/w500/qY6jnp4cNUYMz6FBG7ATtVmWttM.jpg
2171,12797.0,https://image.tmdb.org/t/p/w500/b8VS14DwpLlugTxVWSllYU0Gjn5.jpg,https://image.tmdb.org/t/p/w500/iDgK5UFgXKVqegWYc5tl58qfGOw.jpg
2172,12819.0,https://image.tmdb.org/t/p/w500/7YVyH5sS6kLQRsSDF5dhhR0BWeh.jpg,https://image.tmdb.org/t/p/w500/fkekk4fFBaQVtvJ26yXqIRDAmvs.jpg
2173,12837.0,https://image.tmdb.org/t/p/w500/m1LGEeoYfc6crbfG8WmTKg9SVqL.jpg,https://image.tmdb.org/t/p/w500/40K8NpPgBqIDukExvG4yWPkYEvO.jpg
2175,12877.0,https://image.tmdb.org/t/p/w500/sCbXlGHmonE3QEOeM7I2PRkG8y6.jpg,https://image.tmdb.org/t/p/w500/gaCrwIiqB2S0w6xDOSa76NUIawU.jpg
2176,12901.0,https://image.tmdb.org/t/p/w500/vNLK1fRPHTHFfWfy63NJFDwX7MQ.jpg,https://image.tmdb.org/t/p/w500/xFZT3PycLvZMM5tOLam4eMQeCy1.jpg
2177,12920.0,https://image.tmdb.org/t/p/w500/7Z5FuLTrP5myJ2Dl9VzDRa6q0CG.jpg,https://image.tmdb.org/t/p/w500/5ldZJsJ4xMj4PqiYH817tW5Ccpa.jpg
2178,13001.0,https://image.tmdb.org/t/p/w500/kIqsCdZBmKYuPwaDnrFYzK1gqlM.jpg,https://image.tmdb.org/t/p/w500/hPHahVM3JDlE0Zexu6avavypk0g.jpg
2179,13006.0,https://image.tmdb.org/t/p/w500/c111nTTNsArsUqJx662hPrFymyz.jpg,https://image.tmdb.org/t/p/w500/oCjnXawymfIn4sBog5a9nEQGxfX.jpg
2180,13007.0,https://image.tmdb.org/t/p/w500/hBv5LCbWxPB8iU77dwurSGMVZ3N.jpg,https://image.tmdb.org/t/p/w500/lsTgf0YfoBUUAwm79xDVEpsq3tQ.jpg
2181,13025.0,https://image.tmdb.org/t/p/w500/tGktSJW5dPf8QIjmcqum4KOEZPZ.jpg,https://image.tmdb.org/t/p/w500/Gfk1gYXbEUKynbdTHza5DaPWS.jpg
2182,13027.0,https://image.tmdb.org/t/p/w500/9KCOv0hL37IN3tWG3j86eZg3xDH.jpg,https://image.tmdb.org/t/p/w500/xQc51OBY9UNF2fQKyAOXZE7az2w.jpg
2183,13051.0,https://image.tmdb.org/t/p/w500/dxy17rpjiWVmhaGvMlScZj96i8h.jpg,https://image.tmdb.org/t/p/w500/8tXo6o4cYzFxKYZPEKamWhkvN7x.jpg
2184,13053.0,https://image.tmdb.org/t/p/w500/v5aC4nrzXFGJDWY4JO1eengXzqk.jpg,https://image.tmdb.org/t/p/w500/zWqxBc6pdSIjklqWfZ70l5ce28P.jpg
2185,13056.0,https://image.tmdb.org/t/p/w500/oOvKJgYUIpfswGHAdW6159bPbvM.jpg,https://image.tmdb.org/t/p/w500/dqPZpQy6PJINOJtld17NgIERusH.jpg
2186,13064.0,https://image.tmdb.org/t/p/w500/4TPCzvOoQmmParPjgHCiqqiVYIJ.jpg,https://image.tmdb.org/t/p/w500/byQFTtskbR9COpluK1p3oImdsBt.jpg
2187,13066.0,https://image.tmdb.org/t/p/w500/4zVqWaiC9Y2GJSmuJjMDRlYv4ae.jpg,https://image.tmdb.org/t/p/w500/7Q0hbVTeCqbbF3IrYSrFnvXThlT.jpg
2188,13067.0,https://image.tmdb.org/t/p/w500/qbfVeY8sE3luiRXYZTPT9rjV6p1.jpg,https://image.tmdb.org/t/p/w500/dUEFKK9iUIjadCVLVBaP0azpLce.jpg
2189,13072.0,https://image.tmdb.org/t/p/w500/jTmCII6EnK1h0nLPusWvQnp9QTa.jpg,https://image.tmdb.org/t/p/w500/oshTEiZbGsKBKi0UQGFur3IVXCO.jpg
2190,13074.0,https://image.tmdb.org/t/p/w500/rJKTZf2QIhUwvqsfkher1JlLCdZ.jpg,https://image.tmdb.org/t/p/w500/6NLpgjJYXVOCfQgNhE1cgWT7z7k.jpg
2191,13075.0,https://image.tmdb.org/t/p/w500/iD7wuJwk4PscXIAR8dkJ9ANsqgO.jpg,https://image.tmdb.org/t/p/w500/pDRXjQ532gFVJWErdmhjvbMVLgq.jpg
2192,13079.0,https://image.tmdb.org/t/p/w500/1Kmy4EfYegTyQNQeHZomTWvmFPe.jpg,https://image.tmdb.org/t/p/w500/crwSXtFrmH3y9IAdzy3JzYVenSj.jpg
2193,13090.0,https://image.tmdb.org/t/p/w500/xwtJyfme086wcz9MXpP0i5Hrgxy.jpg,https://image.tmdb.org/t/p/w500/3Ke0f7c6InUpoUn2Pi12ayX9EIU.jpg
2194,13092.0,https://image.tmdb.org/t/p/w500/8Xd1mO861aK2OirTbxZrODNhihW.jpg,https://image.tmdb.org/t/p/w500/vak4IwE0sZWBUEpmcoJJWYWXRgN.jpg
2195,13121.0,https://image.tmdb.org/t/p/w500/p7OIPkN2LOBprQxQx7EZBa6m6W4.jpg,https://image.tmdb.org/t/p/w500/3ScUr2Ng8uvuEw7TWi2XwnIy2o4.jpg
2196,13132.0,https://image.tmdb.org/t/p/w500/sQ6dMkwPIFucYSmFQcr38WBYzs.jpg,https://image.tmdb.org/t/p/w500/dRtyK88tpvxWyBPVRLx4b64W036.jpg
2197,13150.0,https://image.tmdb.org/t/p/w500/8VZ1ABbtXqwPcc06yXbf3gj3anG.jpg,https://image.tmdb.org/t/p/w500/6QHec9iNhFEGR6UgxQPDa49PAfv.jpg
2198,13154.0,https://image.tmdb.org/t/p/w500/phwuQrs557cJkRhoS1TVWsslnJK.jpg,https://image.tmdb.org/t/p/w500/ywwRHYRgcDKnStvXQxNXKG4M0tx.jpg
2201,13158.0,https://image.tmdb.org/t/p/w500/q3Ln4x4rv4nJsBBfukjvH2wiU28.jpg,https://image.tmdb.org/t/p/w500/dqSirC5ymrH0eZ6GjQVDHPJIrA5.jpg
2202,13159.0,https://image.tmdb.org/t/p/w500/9C7VaTib40dBaBrefxFesQ7pbKW.jpg,https://image.tmdb.org/t/p/w500/kE3HQaJx9IuQCMIn3VVCXazXTea.jpg
2203,13160.0,https://image.tmdb.org/t/p/w500/85moNqAncGlJXEwt4Ja3DfNbiQY.jpg,https://image.tmdb.org/t/p/w500/xyE226IdU7ydSb1MxhsVPAqHr61.jpg
2205,13173.0,https://image.tmdb.org/t/p/w500/byhpbEcL1tuoNhU3x5vYF45QM8X.jpg,https://image.tmdb.org/t/p/w500/TAun5NrYvv5OFzodpd76pZ14AN.jpg
2206,13183.0,https://image.tmdb.org/t/p/w500/aVURelN3pM56lFM7Dgfs5TixcIf.jpg,https://image.tmdb.org/t/p/w500/dH7ia3vtkYCa3CBvDnvVjqm9uiQ.jpg
2207,13184.0,https://image.tmdb.org/t/p/w500/iTRftxHW8i4H7ONaOiCIwEXjNDJ.jpg,https://image.tmdb.org/t/p/w500/ueXbXSehnVK62UqfLrdJdWZ7gla.jpg
2208,13187.0,https://image.tmdb.org/t/p/w500/vtaufTzJBMJAeziQA1eP4BLU24C.jpg,https://image.tmdb.org/t/p/w500/ucWnzjWWWd6CmRal8J3tWz6m1A7.jpg
2209,13191.0,https://image.tmdb.org/t/p/w500/nlGsWWYC9n4lkbIoTXmI42dkJqb.jpg,https://image.tmdb.org/t/p/w500/laydWR0K1bwk4HVKWyW13BEPzHo.jpg
2210,13193.0,https://image.tmdb.org/t/p/w500/nmf2tFTcRJZVEQ9e3mgLH5gAQYs.jpg,https://image.tmdb.org/t/p/w500/ehy1Q7v1xnmi9E55jQ9X7OX2Dr1.jpg
2211,13197.0,https://image.tmdb.org/t/p/w500/wzrJMJKZIpp5iw1S0zRx8xkxh5F.jpg,https://image.tmdb.org/t/p/w500/2gnRFFAoL39MKQgp3SXdjYPOSdg.jpg
2212,13198.0,https://image.tmdb.org/t/p/w500/qModiIR60IMLP28ruGZluQOtsOj.jpg,https://image.tmdb.org/t/p/w500/wDLgGI6Rswo30YkWoM6TGq0VWVy.jpg
2213,13201.0,https://image.tmdb.org/t/p/w500/nyr9WT4mLYZHFRINuyWCQExV9ku.jpg,https://image.tmdb.org/t/p/w500/3eyqLJpl6vDsXLTZnECXlR52pZQ.jpg
2214,13223.0,https://image.tmdb.org/t/p/w500/zUybYvxWdAJy5hhYovsXtHSWI1l.jpg,https://image.tmdb.org/t/p/w500/sP4vNXFhPviUJevrD7X8fJV1OD1.jpg
2215,13250.0,https://image.tmdb.org/t/p/w500/qcjjYcMaaSKD2C8xn0hy6o6yj2L.jpg,https://image.tmdb.org/t/p/w500/7al64Hp3RPaMNB5AWTdFH7RggnG.jpg
2216,13260.0,https://image.tmdb.org/t/p/w500/7KJrvJf96UpkXsWVOjzCo1IbnW6.jpg,https://image.tmdb.org/t/p/w500/yvB9wgUNyArVMDW4knhbEec5Xlw.jpg
2217,13279.0,https://image.tmdb.org/t/p/w500/A1kqp2hALf8Gd03vDACnR0EtFWo.jpg,https://image.tmdb.org/t/p/w500/6WfnLguRcpYQlJ6Wkx5CO7c8LpV.jpg
2218,13282.0,https://image.tmdb.org/t/p/w500/kwM8kkNGtv62gfPWVhD6qFxjDzg.jpg,https://image.tmdb.org/t/p/w500/1WgFbHfTPSXKoqYdB9SbcAWpqrO.jpg
2219,13335.0,https://image.tmdb.org/t/p/w500/gmXKlm8c8O7JEISYP4WiWq2x3We.jpg,https://image.tmdb.org/t/p/w500/6purgydDOA74TsuAF0VJpp1hFYw.jpg
2222,13363.0,https://image.tmdb.org/t/p/w500/V086R82gNgWrotaXZFO4JhdgB1.jpg,https://image.tmdb.org/t/p/w500/gt4EnUGbbGbNOX0q47YII3WxB48.jpg
2223,13370.0,https://image.tmdb.org/t/p/w500/5wUYwAD75BxtJ0Mp4da6XzHIFex.jpg,https://image.tmdb.org/t/p/w500/4dZnJLpTzy6FKtrZmoViw3yh0CO.jpg
2225,13389.0,https://image.tmdb.org/t/p/w500/wKL5pzUfGOqOFjf0VN47nXlZOAL.jpg,https://image.tmdb.org/t/p/w500/29zDvVtGcJSzGTocSHqHDSNCQMW.jpg
2226,13403.0,https://image.tmdb.org/t/p/w500/jafIFAW8sHQkzWPGoMDR4892dFI.jpg,https://image.tmdb.org/t/p/w500/uY5EB9VIX8lT03MdYcR9DzlhEGM.jpg
2227,13405.0,https://image.tmdb.org/t/p/w500/qjmo26BnSimVjhCE97cH8VCtEUV.jpg,https://image.tmdb.org/t/p/w500/lP1lJJFCchOWwwqauM1C2ZC63vY.jpg
2229,13411.0,https://image.tmdb.org/t/p/w500/bjYuoz2S8S1AED5QIMvmAi21drc.jpg,https://image.tmdb.org/t/p/w500/bwkrnryQYBaYNagZoEuuPlOI2UM.jpg
2230,13429.0,https://image.tmdb.org/t/p/w500/7kk6dvvPVzZxii2Fez81LJZgtLS.jpg,https://image.tmdb.org/t/p/w500/ufzJR98BZwHb0lXJGB08PoBSRlh.jpg
2231,13435.0,https://image.tmdb.org/t/p/w500/j9lCK1aFXqMO3hzhGiqCNU8coIX.jpg,https://image.tmdb.org/t/p/w500/83xzg9g16CulQbYISZRF64EoeSY.jpg
2232,13448.0,https://image.tmdb.org/t/p/w500/tFZQAuulEOtFTp0gHbVdEXwGrYe.jpg,https://image.tmdb.org/t/p/w500/olz8Xw3yOLpBAHKgPoSRwmomdM.jpg
2233,13460.0,https://image.tmdb.org/t/p/w500/cKUmTyXgmhv8cMRCY9RYTKcAeTn.jpg,https://image.tmdb.org/t/p/w500/2GmnhciVW262POiTCx43TTSvys3.jpg
2234,13475.0,https://image.tmdb.org/t/p/w500/lV5OpzAss1z06YNagOVap1I35mH.jpg,https://image.tmdb.org/t/p/w500/cqXEwYFcwyKPZCKl1jAPaG3cMsl.jpg
2235,13476.0,https://image.tmdb.org/t/p/w500/5kXxbKlIEgMv0t8hLtZ3hfKLmG7.jpg,https://image.tmdb.org/t/p/w500/xSQF9wV5geTvcXhKGDpsvJwNEp2.jpg
2236,13483.0,https://image.tmdb.org/t/p/w500/xqooV6lR1Kdx4Q52Sim0aGbDTYP.jpg,https://image.tmdb.org/t/p/w500/c5TiPhbggc1LWckfd93p8ZFu16X.jpg
2237,13490.0,https://image.tmdb.org/t/p/w500/1VzS2bkQHVcIxSeBJifOx65oxHK.jpg,https://image.tmdb.org/t/p/w500/wJANuGGBJC5GXJXY93cZXAPD3nk.jpg
2238,13491.0,https://image.tmdb.org/t/p/w500/kN8C9K9bSQ01lItuEqYzROYErAX.jpg,https://image.tmdb.org/t/p/w500/dUg9UcQgfMhTdvLqrHnel5YEMVQ.jpg
2239,13495.0,https://image.tmdb.org/t/p/w500/hQ4b8dXp0uCqslHm0jOvjw4BNUe.jpg,https://image.tmdb.org/t/p/w500/eqpkycxmFt6ETn9XuE6dT1ldCdi.jpg
2240,13496.0,https://image.tmdb.org/t/p/w500/ov9PIn56yrwvrwOfvVTKplmV0S6.jpg,https://image.tmdb.org/t/p/w500/6TkIKjHz4UYu2Z1I7tF57Frcz7i.jpg
2241,13497.0,https://image.tmdb.org/t/p/w500/zl7gdxYqKdFCioPT3DAkZR5DDUP.jpg,https://image.tmdb.org/t/p/w500/46scrnII4tNzNQmeULCMCsCmgKA.jpg
2242,13498.0,https://image.tmdb.org/t/p/w500/anBhlqCABytNvybE2Xr3tvsCOTp.jpg,https://image.tmdb.org/t/p/w500/jUiZOFbC9MjQV3gzi9nn7AsQ4Ea.jpg
2243,13501.0,https://image.tmdb.org/t/p/w500/74TDF1OMKOkTonAUbtbsJOdqtVy.jpg,https://image.tmdb.org/t/p/w500/92ByOurbPtxJG3jAuJexNWkpWJB.jpg
2244,13503.0,https://image.tmdb.org/t/p/w500/69tMHlxiCYlYKGZm1aPH1u7hY88.jpg,https://image.tmdb.org/t/p/w500/h2CWPTirO4BGjG5KQ5Gubt2T6jX.jpg
2245,13508.0,https://image.tmdb.org/t/p/w500/uMamC9o5zNU9wn8fyuAo2gUCMiD.jpg,https://image.tmdb.org/t/p/w500/vb4BE2jdiUR6lCumcFGA0MZxEZE.jpg
2246,13510.0,https://image.tmdb.org/t/p/w500/tOg6ElTe1mJwaCFN0172U4oso22.jpg,https://image.tmdb.org/t/p/w500/34fIB4TBdYHerdbcXoMVPZiX7q0.jpg
2247,13515.0,https://image.tmdb.org/t/p/w500/bt5a4ThyLpLTsia2e2ZTLzQjXO0.jpg,https://image.tmdb.org/t/p/w500/M4flX60WzUuKFruXTp3OhLxhnv.jpg
2248,13516.0,https://image.tmdb.org/t/p/w500/aZappNo0qadtT2qyrPREAZ6GVoZ.jpg,https://image.tmdb.org/t/p/w500/iYcYlFINz3vCFRlYl87yjeq4IhJ.jpg
2249,13518.0,https://image.tmdb.org/t/p/w500/fg88f3Nis36udZAEryzB1iQ1iYo.jpg,
2250,13523.0,https://image.tmdb.org/t/p/w500/aO4swvDjqW635lesjYbytrEhBsn.jpg,https://image.tmdb.org/t/p/w500/csljXcumBnpmrLCXtlrjrspEnIM.jpg
2251,13536.0,https://image.tmdb.org/t/p/w500/vpjKtnE5SGTfmdw4YtJsnrfFJs0.jpg,https://image.tmdb.org/t/p/w500/kwY1HeoEIDXCdpb4PMdyzCiBUCV.jpg
2252,13537.0,https://image.tmdb.org/t/p/w500/bIFJ49tk79hiFr9Z6bF6QapTg66.jpg,https://image.tmdb.org/t/p/w500/u4OUSKeFwuP1z42dL58Mi0LYwIg.jpg
2254,13539.0,https://image.tmdb.org/t/p/w500/shvubL3pIrCyEK22ZHrx00oNtCY.jpg,https://image.tmdb.org/t/p/w500/qUkkAGbccOW5e0bWIjY85kK7Cud.jpg
2255,13551.0,https://image.tmdb.org/t/p/w500/wBIn93ZY0Qd3BafjSJYvqgAZu88.jpg,https://image.tmdb.org/t/p/w500/20z5l7CEwg8aXcHhxfgk2qxlv1f.jpg
2256,13569.0,https://image.tmdb.org/t/p/w500/fGXWsdhfJ4UIdCnsCJMkT2Ulo9p.jpg,https://image.tmdb.org/t/p/w500/d4dkc0QhuEv1tRtqtaFzijky0OD.jpg
2257,13576.0,https://image.tmdb.org/t/p/w500/8GvQzHFSqr9KhyVxLEpB5dXPOWG.jpg,https://image.tmdb.org/t/p/w500/mqAuLsN6oOme6lSKoTb6yyP4U8E.jpg
2258,13579.0,https://image.tmdb.org/t/p/w500/mrejNUR8giaAYIJkaLztELRrVXe.jpg,https://image.tmdb.org/t/p/w500/1xWY8gN8fTpiunMIKjCJAGOR4zJ.jpg
2260,13600.0,https://image.tmdb.org/t/p/w500/xHYxFNsl8KuT4tHai8d1Y5gJI0F.jpg,https://image.tmdb.org/t/p/w500/n8KxhAnfoAFoOrYLQcHi7nhp1zB.jpg
2261,13649.0,https://image.tmdb.org/t/p/w500/kqImEYXsDIlzPpu0KxyTXIx7smW.jpg,https://image.tmdb.org/t/p/w500/aS7M839gMmcokvUwNM3DFqOLqzu.jpg
2262,13673.0,https://image.tmdb.org/t/p/w500/q866vL3KhAjbkZH1enT7AoxmRHx.jpg,https://image.tmdb.org/t/p/w500/lcFar2tdF9Lir12R0K3Dvw6uABu.jpg
2263,13680.0,https://image.tmdb.org/t/p/w500/fcLFvIqCUrhY96mkSmr3okxaMEw.jpg,https://image.tmdb.org/t/p/w500/pOaWXp9DTUGnk1awfFrhTMqxoKm.jpg
2264,13682.0,https://image.tmdb.org/t/p/w500/5kd5JqccroxOnC9sVMP5NtLrbkr.jpg,https://image.tmdb.org/t/p/w500/wUFgVDjkSlUwX6ehWhOsy6JSnCx.jpg
2265,13685.0,https://image.tmdb.org/t/p/w500/6E7mJ5wpzTFbYFbJvTzzZ8Til9C.jpg,https://image.tmdb.org/t/p/w500/yTDwyUEYHZTK35z7Iyp4QHxvVj9.jpg
2266,13688.0,https://image.tmdb.org/t/p/w500/sRzSfpSb3wYYshbaiMRIuFCJJGU.jpg,https://image.tmdb.org/t/p/w500/7y0ol1zsvs0GbYR0BdTvWdOIDHo.jpg
2267,13689.0,https://image.tmdb.org/t/p/w500/r4VQCZe3aSo7TmmsxcyLqaoMR1l.jpg,https://image.tmdb.org/t/p/w500/6nee7F86T21kBqNifjKr9t6jqQw.jpg
2268,13700.0,https://image.tmdb.org/t/p/w500/cgKnkbO3fNWwKc9qLyLYdeZQ9Vj.jpg,https://image.tmdb.org/t/p/w500/Jghbo8U2XkmGjCfKD9NiMM70ha.jpg
2269,13751.0,https://image.tmdb.org/t/p/w500/tLejxaLJu8Qh5F2VKacWniMSZ3v.jpg,https://image.tmdb.org/t/p/w500/5cQG6wbizKfADPCNp4Tm801VMxH.jpg
2270,13768.0,https://image.tmdb.org/t/p/w500/9BXAC4uTHuD37hpiGOmhetqNgnO.jpg,https://image.tmdb.org/t/p/w500/2mNUbRzy8QqFMxP6B9dxqlt998n.jpg
2271,13776.0,https://image.tmdb.org/t/p/w500/2vKIdZ6JkFIzcQeaHg3xtdvOyRO.jpg,https://image.tmdb.org/t/p/w500/teiop9EWCTTlQ833jrhUPKkK5fs.jpg
2272,13778.0,https://image.tmdb.org/t/p/w500/eyn1WbZmUUIXU8QoorKWJTQ1iLg.jpg,https://image.tmdb.org/t/p/w500/nfkGXr1OSE2lyG16EWEdNT3vtZJ.jpg
2273,13785.0,https://image.tmdb.org/t/p/w500/2SqHjWWqfJjQE6zLCbQR9HMla4Q.jpg,https://image.tmdb.org/t/p/w500/itVxHnmzMJbfHhX3rbzCuyI9mfB.jpg
2274,13788.0,https://image.tmdb.org/t/p/w500/42H2aaD5UubsHyWt6zfrFMRP8y1.jpg,https://image.tmdb.org/t/p/w500/b7QjZbmKj2wLnKlqwHTXP0GKjzB.jpg
2275,13805.0,https://image.tmdb.org/t/p/w500/3J8XKUfhJiNzwobUZVtizXYPe8b.jpg,https://image.tmdb.org/t/p/w500/5V6jAFS0Q49SI07qjyFRMYlbfR9.jpg
2276,13807.0,https://image.tmdb.org/t/p/w500/kIvGTEAtmhe46Zf55TCr6K8Pfxw.jpg,https://image.tmdb.org/t/p/w500/znDXTRP0RL3G3Get8gyWvRqqgHi.jpg
2277,13809.0,https://image.tmdb.org/t/p/w500/6mLXG2f7LBRpbZZgxsOFO5scgzd.jpg,https://image.tmdb.org/t/p/w500/11V6JMreBokxvTZTsxmSQsibaRb.jpg
2279,13812.0,https://image.tmdb.org/t/p/w500/rGfOD8IC1x4PqmnqRuA8KyCckia.jpg,https://image.tmdb.org/t/p/w500/v3yQYRScLl8WIqS1DnPub3hPuiE.jpg
2280,13816.0,https://image.tmdb.org/t/p/w500/d1KW3hrGAJCsvs2GC2MCkYebD2u.jpg,https://image.tmdb.org/t/p/w500/l3S9jKTD6zCegaPrVkCfSZS2xJV.jpg
2281,13820.0,https://image.tmdb.org/t/p/w500/bjuu5UceuVUNUjnOC2fBzL3hZKC.jpg,https://image.tmdb.org/t/p/w500/5K5oPo1NJrAVUeaPzcXFH13Xplo.jpg
2282,13824.0,https://image.tmdb.org/t/p/w500/vfBUCPe6wgt3SwNP7dKlqh8xeyO.jpg,https://image.tmdb.org/t/p/w500/iTjl4y7ZOP79GBMAiNtqz6mpAxq.jpg
2285,13849.0,https://image.tmdb.org/t/p/w500/fFmU7cQAWVAeBpSfDRRauKgtKDD.jpg,https://image.tmdb.org/t/p/w500/n7pj7eMjtajyIoiZgdITJwJOxok.jpg
2286,13853.0,https://image.tmdb.org/t/p/w500/jbftdduVujKeoib5fwDBbEMamdj.jpg,https://image.tmdb.org/t/p/w500/vx8lWctKheIN0KV85lHmcPTY9wo.jpg
2287,13856.0,https://image.tmdb.org/t/p/w500/5oGxZ9Itu8buWnB15p6sri3zh9n.jpg,https://image.tmdb.org/t/p/w500/bYdGWaxzKd8diGFj5LiW9v5FrGx.jpg
2289,13889.0,https://image.tmdb.org/t/p/w500/kaPbCMIvriKSHCM8ERnGGe3Ovgs.jpg,https://image.tmdb.org/t/p/w500/osYVAYoyJbL0BySa61cMyMkgUvN.jpg
2290,13898.0,https://image.tmdb.org/t/p/w500/dUsPp5vacr3zZqsiquu5TTaApDr.jpg,https://image.tmdb.org/t/p/w500/guzBItSjW1nPktU9LB8SAARGEzA.jpg
2291,13908.0,https://image.tmdb.org/t/p/w500/JFKuKJeHHFFVb0ubpkPIXmkIOg.jpg,https://image.tmdb.org/t/p/w500/fRATaeFqwsaHJuC7ERsGzoYs2lU.jpg
2293,13919.0,https://image.tmdb.org/t/p/w500/uMb26IjDgdq8p4H3XNO1CAsjT4m.jpg,https://image.tmdb.org/t/p/w500/t5dM0pTUTZ8X3ubmUp3hOuOpdcO.jpg
2294,13920.0,https://image.tmdb.org/t/p/w500/uQ6ci4iFHhB6TWB2f4wftR7AEly.jpg,https://image.tmdb.org/t/p/w500/wDln5edQPFYMeKvakkYCLUXOPRP.jpg
2295,13922.0,https://image.tmdb.org/t/p/w500/k5Q76tzV2T4RtDdYwNj64c1qQ16.jpg,https://image.tmdb.org/t/p/w500/6gFB71pIo0PY3OOrojTQ97Qy8qq.jpg
2296,13937.0,https://image.tmdb.org/t/p/w500/5vRn138vnZeUNFe32qTuPGKkVLR.jpg,https://image.tmdb.org/t/p/w500/49RkUuDWrsv5ba6525fAXG5g0Tg.jpg
2298,13948.0,https://image.tmdb.org/t/p/w500/uEDdzt1ZTB1BRo95gMkBytl0NqM.jpg,https://image.tmdb.org/t/p/w500/2yVYx8v0UfAI7IeATLBNaoE1Vlr.jpg
2299,13950.0,https://image.tmdb.org/t/p/w500/sO7IpJHjZBGLevi8Ozj9EsAUw5h.jpg,https://image.tmdb.org/t/p/w500/3Z9n1DjfYzvknQvoLLkMCvQsSxz.jpg
2300,13960.0,https://image.tmdb.org/t/p/w500/wi9VRukGburXfDwDKqcQQdgFK5S.jpg,https://image.tmdb.org/t/p/w500/9pAL0tNWbkNUJj42khYEK1Gah6Q.jpg
2301,13963.0,https://image.tmdb.org/t/p/w500/2K7CFH0AIHnGrA4yQjPCoIB5CmQ.jpg,https://image.tmdb.org/t/p/w500/noOz8qEQKBJZ7aEk7VboOUsJyR2.jpg
2302,13967.0,https://image.tmdb.org/t/p/w500/fecGKwGABfZdMbiH1WQN9zMcOkS.jpg,https://image.tmdb.org/t/p/w500/heXvhrTFCF8j84iFQtpXEKCFwGL.jpg
2303,13972.0,https://image.tmdb.org/t/p/w500/fqQksnbEfmUGL0zj3MIb53euAh6.jpg,https://image.tmdb.org/t/p/w500/lrE14a3NfpDhSHHbJaQYScK6aSh.jpg
2304,13973.0,https://image.tmdb.org/t/p/w500/7osy71os3YLiFpNYn567koOnAKZ.jpg,https://image.tmdb.org/t/p/w500/8NT8cPiD9yTAI2iEfsDPQZAYFsO.jpg
2305,13982.0,https://image.tmdb.org/t/p/w500/dbjS5UH7JvsQwSLMYMY5GQOSwv1.jpg,https://image.tmdb.org/t/p/w500/vPIrxnLMIpSQBPN0g0hWBUsxWyL.jpg
2306,13983.0,https://image.tmdb.org/t/p/w500/9UwmkpujGoJhgL4Krnm6Fy0IyxD.jpg,https://image.tmdb.org/t/p/w500/d5akwm4LezKbwLuLCa3ru73YlCQ.jpg
2307,13990.0,https://image.tmdb.org/t/p/w500/gmtlqHZs8YBXcpMw4BgA3SGJfg8.jpg,https://image.tmdb.org/t/p/w500/5GlBEqiG0vpnnRWc7Vi5O4ao6Yi.jpg
2308,13991.0,https://image.tmdb.org/t/p/w500/lY2AHNzHEtlWLisRj0ezSRmnDAt.jpg,https://image.tmdb.org/t/p/w500/hnFAkEIDfPu1GfiyLT0L7UACM4R.jpg
2309,13994.0,https://image.tmdb.org/t/p/w500/phSntD46jD5IfYAa2lSoU6xJDJ6.jpg,https://image.tmdb.org/t/p/w500/4RbxxPAUushqUYNO8EW09GSluBt.jpg
2310,13996.0,https://image.tmdb.org/t/p/w500/3Y6E1iHlfS588TASj3cfi2BoApm.jpg,https://image.tmdb.org/t/p/w500/eiI7A6i0Ipnst2H9NIT5P3fSm3J.jpg
2311,14012.0,https://image.tmdb.org/t/p/w500/nhJlXSmiHnlVxea5J5l3wfuATwY.jpg,https://image.tmdb.org/t/p/w500/8cpaUuYwSG24rOJZKyKOSdlcgY4.jpg
2313,14022.0,https://image.tmdb.org/t/p/w500/f7Iov2nd0XX9bp2laQEPYPEhisc.jpg,https://image.tmdb.org/t/p/w500/1gjK6oZSQtvhFBbSgkBvn72dPLF.jpg
2314,14024.0,https://image.tmdb.org/t/p/w500/89sfBkVOsgFRPs6uKaBtSMCDSv3.jpg,https://image.tmdb.org/t/p/w500/jpxKKX36mVUxV6gdOxPDSSsc2SA.jpg
2315,14033.0,https://image.tmdb.org/t/p/w500/uWmHhtuEgX7oI0FuWR2oD08HRHD.jpg,https://image.tmdb.org/t/p/w500/x5IFsaNFSC8i9OTqTYNZHsBZAud.jpg
2316,14034.0,https://image.tmdb.org/t/p/w500/dF9vz1LB6078ULfweT2vxdWZzos.jpg,https://image.tmdb.org/t/p/w500/tONZXxOfDjYYSeVaGSmLpHpqO5B.jpg
2317,14043.0,https://image.tmdb.org/t/p/w500/a1aAZolyLFRwKhs0IWhFyTa8Z2Z.jpg,https://image.tmdb.org/t/p/w500/v8QN8VZmKPPzcA6Z0RXTU9ohDy1.jpg
2318,14047.0,https://image.tmdb.org/t/p/w500/nuF3DDlZzNb2qq0tEsYU0zpXf8K.jpg,https://image.tmdb.org/t/p/w500/waOYBThLihaTKUFOAzjvhPjBmrS.jpg
2320,14054.0,https://image.tmdb.org/t/p/w500/hKtht1ezc31mH1cBIHoDPmScnk9.jpg,https://image.tmdb.org/t/p/w500/8XcPTBlqdxLavdJ52Qh2Jh5mtDw.jpg
2321,14057.0,https://image.tmdb.org/t/p/w500/njvBxeC3mj5XKjT9a2OdDglq9Yj.jpg,https://image.tmdb.org/t/p/w500/A4f5bTLP0qkhgfS3ry1fPFHKsl4.jpg
2322,14112.0,https://image.tmdb.org/t/p/w500/71CQUn4vtpDQtAPXtaLP7IGH0Sg.jpg,https://image.tmdb.org/t/p/w500/204u2koZm4kP2MwwYdALCd5i4Vi.jpg
2323,14113.0,https://image.tmdb.org/t/p/w500/v4rSFmiy0v9D7qmKkaUVJn5UhZ1.jpg,https://image.tmdb.org/t/p/w500/n3PvPAdpnh1eaGXzfkXDBzm9GaJ.jpg
2324,14114.0,https://image.tmdb.org/t/p/w500/nFwT3QisWFQa3Wlfnw1gC458xJn.jpg,https://image.tmdb.org/t/p/w500/1NSRfeWDoZXCLdgYrG1GvJj8JZL.jpg
2325,14120.0,https://image.tmdb.org/t/p/w500/2jMM1cuF1FcxdPPdEJy8gquDmES.jpg,https://image.tmdb.org/t/p/w500/ghbiFYjiPGH3s4mEv7O9qRGGcvk.jpg
2326,14137.0,https://image.tmdb.org/t/p/w500/yoB3G8yGNLHdbr4TSKZqRp7UJ72.jpg,https://image.tmdb.org/t/p/w500/uEexAGUv446GTHrn48NteqJzk45.jpg
2327,14139.0,https://image.tmdb.org/t/p/w500/zdxQRP7mzczMJBwKnv8MCPRq7rQ.jpg,https://image.tmdb.org/t/p/w500/anA2hEvG5SWrYETwcJ1SUPUfKDz.jpg
2328,14144.0,https://image.tmdb.org/t/p/w500/fhuhSVb3j8SShe6FhnVUAfSRg6h.jpg,https://image.tmdb.org/t/p/w500/4axaWjt4z9KVBWplj7inBui5wd7.jpg
2329,14156.0,https://image.tmdb.org/t/p/w500/p2SeFLxPU0fZno9XTYgx3w8IZAX.jpg,https://image.tmdb.org/t/p/w500/zlfAxrhFXR8qVyzLre1BksxmhbN.jpg
2330,14160.0,https://image.tmdb.org/t/p/w500/mFvoEwSfLqbcWwFsDjQebn9bzFe.jpg,https://image.tmdb.org/t/p/w500/hGGC9gKo7CFE3fW07RA587e5kol.jpg
2331,14164.0,https://image.tmdb.org/t/p/w500/sunS9xhPnFNP5wlOWrvbpBteAB.jpg,https://image.tmdb.org/t/p/w500/5sXBW3XYwCA3FZxVoaIVI1hGOK6.jpg
2332,14165.0,https://image.tmdb.org/t/p/w500/2KfeenEAF4rgGW6wX9o6ejzL53G.jpg,https://image.tmdb.org/t/p/w500/whxg6N0RNh7rF6foXs46BnRLTch.jpg
2333,14175.0,https://image.tmdb.org/t/p/w500/tSRO8wukDlGMlrkmRpqL2nWhgPs.jpg,https://image.tmdb.org/t/p/w500/zHunoIc5AWtVK5YlPY2OC7yvM6U.jpg
2334,14177.0,https://image.tmdb.org/t/p/w500/3y5I9WKlfeNnSQbOvS4l3mVPqri.jpg,https://image.tmdb.org/t/p/w500/dxIBEtwBSaigyF9irXKayJkBrcE.jpg
2335,14181.0,https://image.tmdb.org/t/p/w500/jFB5uvCZ3HXF00liAEAuOruCPs6.jpg,https://image.tmdb.org/t/p/w500/A96CVXbTNfhqw3jkUlyfFnGe8i3.jpg
2336,14191.0,https://image.tmdb.org/t/p/w500/8mioUyXqn60cwSoLrRCaO5ZAsCV.jpg,https://image.tmdb.org/t/p/w500/dysXmAJJNttAXqVWsKJis9MOf17.jpg
2337,14195.0,https://image.tmdb.org/t/p/w500/gCXUA9BUOSDmOFVfkVBF4v15Td6.jpg,https://image.tmdb.org/t/p/w500/cC8Pdc2DMkU7RoHxmGYCQIS8Bm7.jpg
2338,14199.0,https://image.tmdb.org/t/p/w500/xpFbHSkRgOxOoutKqXob9T8iBPA.jpg,https://image.tmdb.org/t/p/w500/qQNGhBijPIBlFkGwjtQk6sflml9.jpg
2339,14202.0,https://image.tmdb.org/t/p/w500/k41IvHDLgZO2ae7RuU77wQjScIj.jpg,https://image.tmdb.org/t/p/w500/9r2vUgsFoYIvEryW77chX5moedT.jpg
2340,14220.0,https://image.tmdb.org/t/p/w500/6tamhOw4dSgn4lonjZyhEhIt9Wm.jpg,https://image.tmdb.org/t/p/w500/k7z6Yig0XHge7BdcKLcfGPwjdrF.jpg
2341,14256.0,https://image.tmdb.org/t/p/w500/uNAiNCHd7015BzeNggoRiTT4abf.jpg,https://image.tmdb.org/t/p/w500/9rsl0IaUMOlqOaIFz2Ux5BtRP2N.jpg
2342,14271.0,https://image.tmdb.org/t/p/w500/48AfKc79mpRcavpA5Hc7UW9Qqq6.jpg,https://image.tmdb.org/t/p/w500/voj8J1nwD61FxQZuPxB2Uvtj5q7.jpg
2343,14275.0,https://image.tmdb.org/t/p/w500/gLzHl2XBtVwycl8DxdOXRHPm8G3.jpg,https://image.tmdb.org/t/p/w500/pYeiEm55NySzK9ksKlQGlFQNapz.jpg
2344,14278.0,https://image.tmdb.org/t/p/w500/qxaXzZnGsHaAJpSaF72nDhhL58n.jpg,https://image.tmdb.org/t/p/w500/doqhyJkdsM2djS43hiajZJwBmM3.jpg
2345,14283.0,https://image.tmdb.org/t/p/w500/uPjq8PaNDhFQTzOu4Ce91f6BFgZ.jpg,https://image.tmdb.org/t/p/w500/kOpaLjBnfpRqgo4vE9ViIZINt5J.jpg
2346,14284.0,https://image.tmdb.org/t/p/w500/xvthKnu7EjK0QvEBPY9ZnO3SiHe.jpg,https://image.tmdb.org/t/p/w500/plO8XyDagV9iCnikOFBsy4tmfMR.jpg
2348,14292.0,https://image.tmdb.org/t/p/w500/mxtej2th8t8x0ufVBTyhsO6Htxj.jpg,https://image.tmdb.org/t/p/w500/wCcz89uLIjZ7PKwGvrsQTz0vqe2.jpg
2349,14293.0,https://image.tmdb.org/t/p/w500/3MAGLk0AtuPi24PBwy3o4ILO0CV.jpg,https://image.tmdb.org/t/p/w500/bZy2miukfTlGqbHGF7Toxv6fM.jpg
2352,14306.0,https://image.tmdb.org/t/p/w500/pnB6hjTKylb0Ve2nUWt16gzkErr.jpg,https://image.tmdb.org/t/p/w500/tVoWbAAfTDIhTeo78SbA2V6mv8E.jpg
2353,14317.0,https://image.tmdb.org/t/p/w500/nmWpcUQtWHC4kjVCygiFEDR1wCY.jpg,https://image.tmdb.org/t/p/w500/xAsjesWKuxkMub8w8GRoMjZYRZm.jpg
2354,14324.0,https://image.tmdb.org/t/p/w500/zofWP7ZKhoVTh2VUltaDo4LRQXc.jpg,https://image.tmdb.org/t/p/w500/cRXcuLS1z0820eZ4mOXF08VEdZR.jpg
2356,14337.0,https://image.tmdb.org/t/p/w500/xEoq2WmDzpzxhkHEsmOYOg6BPg6.jpg,https://image.tmdb.org/t/p/w500/blSQbKAreIqcu2AWGDNjR8k3fAy.jpg
2357,14351.0,https://image.tmdb.org/t/p/w500/jMShqkxESzjcXWdhGJz65CPWi8L.jpg,https://image.tmdb.org/t/p/w500/w5F3im9eEAzu9DF3LfbslhOQIRq.jpg
2358,14353.0,https://image.tmdb.org/t/p/w500/2G5LczM1clXu3byEudWk9w0KDYD.jpg,https://image.tmdb.org/t/p/w500/xLH9jvY4tNzcKvopgEGYI7YeAy7.jpg
2359,14358.0,https://image.tmdb.org/t/p/w500/1wDU19PTEdR30QdnLFw93scXto7.jpg,https://image.tmdb.org/t/p/w500/4cNTEZxxR2xbgoDZef9Zj24KXZ7.jpg
2360,14359.0,https://image.tmdb.org/t/p/w500/9lypT2ghNuUPYVJf66oe4fKvUqI.jpg,https://image.tmdb.org/t/p/w500/sd37prLFqNbL9ES2OTUBiEAcwIH.jpg
2361,14369.0,https://image.tmdb.org/t/p/w500/2aBepBnMXRs3hmde9Je3rn5bseJ.jpg,https://image.tmdb.org/t/p/w500/5bSEw2HquRZ6BoCogZLdCM9mjHM.jpg
2363,14395.0,https://image.tmdb.org/t/p/w500/dkYQgRPuik4FGIUdGGVYGQJWrHa.jpg,https://image.tmdb.org/t/p/w500/qRbAsojp77pkKYatbFGG7oIOa0P.jpg
2364,14396.0,https://image.tmdb.org/t/p/w500/wSQkv51ygnds56lylNavYJzLmNZ.jpg,https://image.tmdb.org/t/p/w500/cMMjICzBe5qTx1igspFYdX8B3o2.jpg
2365,14405.0,https://image.tmdb.org/t/p/w500/2aRvqtLoE06hTjG93lASvO7r1as.jpg,https://image.tmdb.org/t/p/w500/vKCiYKgTYVlsDaecEKFOYG7ZM15.jpg
2366,14411.0,https://image.tmdb.org/t/p/w500/yiW2L1fDiBT7AeWXrykhTNtPrr8.jpg,https://image.tmdb.org/t/p/w500/j8isWEPL3PmmVh8ap3jm75qVF4p.jpg
2368,14429.0,https://image.tmdb.org/t/p/w500/qq2jbAOw5yWTaSPJIRHxvTf0bND.jpg,https://image.tmdb.org/t/p/w500/yV08G6ztiu95yHF8jyw42sqL1v.jpg
2369,14434.0,https://image.tmdb.org/t/p/w500/lJHg7ExSTszC8ItsufcmSPeN0vW.jpg,https://image.tmdb.org/t/p/w500/90pVY3V2Iomn9tTTLJ5V7FRV99l.jpg
2370,14435.0,https://image.tmdb.org/t/p/w500/9biIVOMTdvv4aj4a5HClmrK5EHB.jpg,https://image.tmdb.org/t/p/w500/oyhrgjlYLH638leAhacv4gOZYwR.jpg
2371,14438.0,https://image.tmdb.org/t/p/w500/hfoCG75j1YaNyfZGPg0rWy3nFmU.jpg,https://image.tmdb.org/t/p/w500/3gMtnO5vDznlKsUW7sU9EfRufIc.jpg
2372,14442.0,https://image.tmdb.org/t/p/w500/7AyNzwSEpJEG1gBdgwRfXi1cjs8.jpg,https://image.tmdb.org/t/p/w500/r4Q7GKzTiAzr1MGU1b13s9L12YZ.jpg
2373,14444.0,https://image.tmdb.org/t/p/w500/uZejGKCSd6nwfMx8U0Td37U2fTc.jpg,https://image.tmdb.org/t/p/w500/cC9oBBqGcOdBheKre24YfthsptI.jpg
2374,14451.0,https://image.tmdb.org/t/p/w500/sfwVo5cZJtO8VyDWTILDt4f69IT.jpg,https://image.tmdb.org/t/p/w500/vz8H0z12dWoN8pzwIh6IwcpolP.jpg
2375,14462.0,https://image.tmdb.org/t/p/w500/4xEWtEbKK2EXMZ8UPff8hDCSiVW.jpg,https://image.tmdb.org/t/p/w500/aHhR1Q5yOaCLCEDtyDXtiRNeyf6.jpg
2376,14474.0,https://image.tmdb.org/t/p/w500/4R2wqT72RApomtBnfYG4BUpyoGh.jpg,https://image.tmdb.org/t/p/w500/gXgsgMf2zNQ5I889QezABB5K6bE.jpg
2378,14536.0,https://image.tmdb.org/t/p/w500/OMCGtMmmBE9NwmawLGZlaErdLk.jpg,https://image.tmdb.org/t/p/w500/tZF23SGsjhvzZvtorHLni1BcYYs.jpg
2379,14538.0,https://image.tmdb.org/t/p/w500/wOouWlgSMxlAQow8YdxyssywPJN.jpg,https://image.tmdb.org/t/p/w500/i9rOssqYdCpUGSJoWLXEJuwgx40.jpg
2380,14544.0,https://image.tmdb.org/t/p/w500/lStFr3EHTNbnyOdOk2QDCqYGnlR.jpg,https://image.tmdb.org/t/p/w500/bheeOBdK27vWCYJ7nrhSDRMuw1f.jpg
2381,14557.0,https://image.tmdb.org/t/p/w500/mTr7ARy7lj8ggvg6snLWDo3CnEu.jpg,https://image.tmdb.org/t/p/w500/sZfK9Gy0mHbGjPte0lgXTprmIsI.jpg
2382,14560.0,https://image.tmdb.org/t/p/w500/A4zZv0Q1VKURFZFEl2vwjaE2q0g.jpg,https://image.tmdb.org/t/p/w500/nZwlezCansLTXU6w775zj9RAm4u.jpg
2383,14574.0,https://image.tmdb.org/t/p/w500/2C8QCXdMlojTxZjfBlINr4FWcb6.jpg,https://image.tmdb.org/t/p/w500/6aRuABAdhuuDypLGscM7HoEWHx4.jpg
2384,14576.0,https://image.tmdb.org/t/p/w500/2uK217wp1SSFgbIcwDaPrzlLd7X.jpg,https://image.tmdb.org/t/p/w500/4bPNy1jpf75bwHk4T7iIuEYayEJ.jpg
2385,14577.0,https://image.tmdb.org/t/p/w500/r6OcS6TQCHal2wHooJhHWSlFzfd.jpg,https://image.tmdb.org/t/p/w500/kFS9s5jBpGkEBIMXEvLkkmhpts5.jpg
2386,14578.0,https://image.tmdb.org/t/p/w500/xSqewkFWR0zs7OkXLOd10VnxFPN.jpg,https://image.tmdb.org/t/p/w500/fEr2cdMiY1OPmGRUGnH12F0VYRN.jpg
2389,14608.0,https://image.tmdb.org/t/p/w500/qCq3QZbrf2ENAEyPJVaCGbWOQ1N.jpg,https://image.tmdb.org/t/p/w500/d9WT4FCjvB3Z6Sx2cYckdPi9rMI.jpg
2391,14624.0,https://image.tmdb.org/t/p/w500/8BdVk1u110lwHFELTEO9HrPrIDa.jpg,https://image.tmdb.org/t/p/w500/t6ohjYxnEolUGupwvsIHioWfVxl.jpg
2392,14629.0,https://image.tmdb.org/t/p/w500/eYHvcMeVjWPwATYI0VCdecMy2n3.jpg,https://image.tmdb.org/t/p/w500/fKcnrb49Pp6BJarmF0965ysBIsw.jpg
2393,14631.0,https://image.tmdb.org/t/p/w500/uXGtTR0VhmP1CcJRbBMn07gHc7d.jpg,https://image.tmdb.org/t/p/w500/gtoJPX4gK7xC2mf1MAf6AcdncgN.jpg
2395,14652.0,https://image.tmdb.org/t/p/w500/2pP1STSvXOv6jITKQnaZfI1xXB6.jpg,https://image.tmdb.org/t/p/w500/3kXZJ8XogMUQhZKx4mfAlifKLwQ.jpg
2396,14655.0,https://image.tmdb.org/t/p/w500/ewU8w8IPlAkauFutzSwYYFILiU8.jpg,https://image.tmdb.org/t/p/w500/v6A68pZ2BWqxFMFdSuCCZBPPj8I.jpg
2397,14662.0,https://image.tmdb.org/t/p/w500/bTY6I0Mju4vTRHGoTZrNtxtAlAO.jpg,https://image.tmdb.org/t/p/w500/u5To9HnmkbVym4cE8LzAORP8hEm.jpg
2398,14709.0,https://image.tmdb.org/t/p/w500/g2jX2Xmx7drbc6J9MLJEBghR7Mg.jpg,https://image.tmdb.org/t/p/w500/rTlMsaE2MQ8NG2cs0bEkwVhMOrV.jpg
2401,14745.0,https://image.tmdb.org/t/p/w500/XSy8BKHIa19yMAt7XyO2s9oIT5.jpg,https://image.tmdb.org/t/p/w500/qK4akU35K67XyaZd9LhsnuWaEgN.jpg
2402,14757.0,https://image.tmdb.org/t/p/w500/pOKz4zpccIjdib2pfDRkg69Ojej.jpg,https://image.tmdb.org/t/p/w500/1Xwbli4B20ajKdq4fWSmWavMAds.jpg
2403,14758.0,https://image.tmdb.org/t/p/w500/a1DGYt4boLrfsHUnqbHxhUIVoe9.jpg,https://image.tmdb.org/t/p/w500/cPlNdSZeVPqgvea2qt8E5m8Wbm7.jpg
2405,14799.0,https://image.tmdb.org/t/p/w500/fvXClgY4ZJ7dBxalFuxPgb4nJ9s.jpg,https://image.tmdb.org/t/p/w500/y954tUsOdHP88gDD2lbYHuWI8X.jpg
2406,14811.0,https://image.tmdb.org/t/p/w500/v65PHx7Q6Jx0anyNeUOX07SJic9.jpg,https://image.tmdb.org/t/p/w500/n1pItGYLcgAh7c0ewjWeXKTjXFT.jpg
2407,14823.0,https://image.tmdb.org/t/p/w500/gIWaX9DXgUVesbiJceitZirTyj2.jpg,https://image.tmdb.org/t/p/w500/wMPZhW3fGgDpMj9jWtiFWzfTuJe.jpg
2408,14834.0,https://image.tmdb.org/t/p/w500/8gmdToawg8gaSe9yWZjQ10v7noL.jpg,https://image.tmdb.org/t/p/w500/fEzQMQwJQQmESQuEXYdIyz0qySm.jpg
2409,14836.0,https://image.tmdb.org/t/p/w500/4jeFXQYytChdZYE9JYO7Un87IlW.jpg,https://image.tmdb.org/t/p/w500/hofnlIyF6bePkgQOpcuRWLvzf15.jpg
2411,14846.0,https://image.tmdb.org/t/p/w500/c6TD54dLIryqhQAOdGExy8Lie1l.jpg,https://image.tmdb.org/t/p/w500/uOn7OxSRhOcVpnypbmcYf23uiPO.jpg
2412,14849.0,https://image.tmdb.org/t/p/w500/ekzGiwleJbx0ei1R3s0ylowFKT9.jpg,https://image.tmdb.org/t/p/w500/xU9m2bxxuY2QXER4k28RbbIt2Kl.jpg
2413,14854.0,https://image.tmdb.org/t/p/w500/dLVegSmoFM5ekThmUauuhnAOejb.jpg,https://image.tmdb.org/t/p/w500/yR10dIRDAuRfRUxQ2azF4GSwJNb.jpg
2414,14869.0,https://image.tmdb.org/t/p/w500/mc9b25IAprHfsaOz0wTshOwGHcY.jpg,https://image.tmdb.org/t/p/w500/jE5wVBRCGQzjHjvFUcYwGS4x0ux.jpg
2415,14873.0,https://image.tmdb.org/t/p/w500/21GanxizOIL1CN0HLx7j3je8k87.jpg,https://image.tmdb.org/t/p/w500/tVZ8HBPmMF73sMrX1vEGkeAdq8b.jpg
2416,14877.0,https://image.tmdb.org/t/p/w500/hZomhyZMwrRk8D57BXz4xDcFT4H.jpg,https://image.tmdb.org/t/p/w500/8PTLzmVuXjvciPshk3Dj3qPw4gZ.jpg
2417,14914.0,https://image.tmdb.org/t/p/w500/14gyR9JMVfngQlolzD2N365ZeRz.jpg,https://image.tmdb.org/t/p/w500/ApZcctYdXNkRTjQH5Yr6eFMkmYk.jpg
2418,14976.0,https://image.tmdb.org/t/p/w500/bumaq3lqe4YSsq6LlYoge7e9ABk.jpg,https://image.tmdb.org/t/p/w500/8CPbvLS1kNXQxKmryGVjQQ1V8VB.jpg
2419,15005.0,https://image.tmdb.org/t/p/w500/9ejzABqu2bqjuqSSUk5OwPAnedZ.jpg,https://image.tmdb.org/t/p/w500/7BCg6lPcoCIqTi3fMcvVw2Rc3v4.jpg
2420,15013.0,https://image.tmdb.org/t/p/w500/awDKSn5dEJYJZXCQuXkoaQETzE2.jpg,https://image.tmdb.org/t/p/w500/2cIG1sUUHF6ec2fpaGrFRct2EAX.jpg
2421,15017.0,https://image.tmdb.org/t/p/w500/t3H5WVxxkNyFoaXfwKKkvKq7G0y.jpg,https://image.tmdb.org/t/p/w500/etczwrJie84nkORpem2pNiNd21s.jpg
2423,15037.0,https://image.tmdb.org/t/p/w500/r3a5gGWfS0SDS9nriNrJzSSrErf.jpg,https://image.tmdb.org/t/p/w500/yPVhkvOiI4UZC0jOpjO1HntlxHv.jpg
2424,15045.0,https://image.tmdb.org/t/p/w500/biA3teAO8xZQfdBfLIK9ATdfOkJ.jpg,https://image.tmdb.org/t/p/w500/9jbcXYnwgRRCNHHIrriUb6NkcAV.jpg
2425,15049.0,https://image.tmdb.org/t/p/w500/kidOf2K4pEM0Llsm8aIRcANTcSF.jpg,https://image.tmdb.org/t/p/w500/f8Vy1YNbHcZSwXAS8zCzZ2yiSQz.jpg
2426,15059.0,https://image.tmdb.org/t/p/w500/eVg5oHFnzEE51cZ8Tq1qe8iWMZk.jpg,https://image.tmdb.org/t/p/w500/94PblztgYHJFeZsaEOr7iR3TCBo.jpg
2427,15067.0,https://image.tmdb.org/t/p/w500/lbPZ0aNoF0cHisg6DubFO2eS8so.jpg,https://image.tmdb.org/t/p/w500/gec3e76TRGUBx1Ut0c6yuSahVDp.jpg
2428,15070.0,https://image.tmdb.org/t/p/w500/2mnzlMhRfKzsezMeYPKqAzysZFJ.jpg,https://image.tmdb.org/t/p/w500/sTkJSkDkJnxCsk2FvKY2OL7NQcy.jpg
2429,15074.0,https://image.tmdb.org/t/p/w500/984tq1bRL2uzR0wHrNzZVYTR0Al.jpg,https://image.tmdb.org/t/p/w500/7SVtOxHI7fBqAs4xFVK5QyTDP6.jpg
2430,15092.0,https://image.tmdb.org/t/p/w500/tzTC4EEvF0OPL63frEiogxL2T8M.jpg,https://image.tmdb.org/t/p/w500/oTbIfHSLNxi9ihV6SG4K6jZ2PvM.jpg
2431,15121.0,https://image.tmdb.org/t/p/w500/c6CrUZypAsBCaRWX0M3RVRDbhNS.jpg,https://image.tmdb.org/t/p/w500/ioQYjcRnU54ir5ltgyS7k53zw5x.jpg
2432,15122.0,https://image.tmdb.org/t/p/w500/srHcbkCyQFfdmqt5rPQMshxp1Yt.jpg,https://image.tmdb.org/t/p/w500/8tPB90KpiogRD0fqGXkXxmw07ER.jpg
2433,15158.0,https://image.tmdb.org/t/p/w500/cZ5mPtOXcvmg224oBM2k1db5Fnn.jpg,https://image.tmdb.org/t/p/w500/rC2HpslTzrhzJ605DHBPkeITpt2.jpg
2434,15173.0,https://image.tmdb.org/t/p/w500/xJ6ImpQIqZxBh4eE2813ljQ0TQ3.jpg,https://image.tmdb.org/t/p/w500/f02gitQgX3QocVeeqgak8U6LZB4.jpg
2435,15186.0,https://image.tmdb.org/t/p/w500/7FeoefSYELryi04Kz74xYTayPZk.jpg,https://image.tmdb.org/t/p/w500/m2OFAqnsisznOp3gwwxofk3OQPN.jpg
2436,15189.0,https://image.tmdb.org/t/p/w500/xD2AssTeySNCamlGueai4yAZZfX.jpg,https://image.tmdb.org/t/p/w500/hovfur18TPFABZIuJYvgjLpln8V.jpg
2438,15208.0,https://image.tmdb.org/t/p/w500/qZsQ02liDzz9Ydb1dzFwLxef7me.jpg,https://image.tmdb.org/t/p/w500/yZjUslqxhYqvbUNlAk3HSOO5Xba.jpg
2439,15237.0,https://image.tmdb.org/t/p/w500/QBqiBQW7MGqlDSyvid4fKzS0Xz.jpg,https://image.tmdb.org/t/p/w500/hyzXN0OHhrASruzSQw0ULySxsYB.jpg
2440,15239.0,https://image.tmdb.org/t/p/w500/vuxRW5GKuCnKvdYlUAYNxlicm54.jpg,https://image.tmdb.org/t/p/w500/7DOuHRMoYhhSIVGBDqNdZpUoVsq.jpg
2442,15256.0,https://image.tmdb.org/t/p/w500/ssbx2Mk5ZCJWpXALuP2AdG0GFIT.jpg,https://image.tmdb.org/t/p/w500/9mmTUthdFrFfVnE8D9YLY2tvceE.jpg
2443,15268.0,https://image.tmdb.org/t/p/w500/lbNemoc9bRIAIVck0e2cv1cgftN.jpg,https://image.tmdb.org/t/p/w500/ee6AZ0B098pTSbQH6AwVZCT6Pag.jpg
2444,15301.0,https://image.tmdb.org/t/p/w500/sDWARc5aYTUKE8Y2FIGVgWXuI4K.jpg,https://image.tmdb.org/t/p/w500/8z8uPdpCBxGMQQGr8IfxRSbXNFs.jpg
2445,15365.0,https://image.tmdb.org/t/p/w500/8oqQn2Yp0yc52mxZH1TDn6ByOb0.jpg,https://image.tmdb.org/t/p/w500/ziVzF4XrmUWdZTTx0UzL7V4RAgF.jpg
2446,15373.0,https://image.tmdb.org/t/p/w500/ki79dSjh6Rr51xrsz4dT04UGxSU.jpg,https://image.tmdb.org/t/p/w500/wEnMNW8rGX1RVhKY4Lj5sVDYSK8.jpg
2448,15394.0,https://image.tmdb.org/t/p/w500/xQYKqpN6fD7Dc7Vu8xnShHPKDwe.jpg,https://image.tmdb.org/t/p/w500/EZzC6VIaZDHLmtLv80kcQFWDa4.jpg
2449,15487.0,https://image.tmdb.org/t/p/w500/kh4vd6wKa6j9xVFzxhQrsT0p2YN.jpg,https://image.tmdb.org/t/p/w500/nCzfXkipK6LCg9JAPkrYw2QA0GO.jpg
2450,15489.0,https://image.tmdb.org/t/p/w500/myTnHKy178rrd1oUG3GkEvc641G.jpg,https://image.tmdb.org/t/p/w500/1pRWwg3MkUpUvbsFOgUTEvMaNvA.jpg
2451,15511.0,https://image.tmdb.org/t/p/w500/hwawxSwOkjeld4eQLSkIyyYNnqO.jpg,https://image.tmdb.org/t/p/w500/qnrtxlmvWGYzNKxtNnh8sd29j9w.jpg
2452,15512.0,https://image.tmdb.org/t/p/w500/hpHarddVj34j53T7NsoUGdKj4mP.jpg,https://image.tmdb.org/t/p/w500/fbxZeJEcyf76oEQIGmotlclwmiH.jpg
2453,15544.0,https://image.tmdb.org/t/p/w500/3N5XjwUITJo5MFhvWCJHVJt8pAg.jpg,https://image.tmdb.org/t/p/w500/fPdENfgMlDHLOVs0YxkPZkS2m7q.jpg
2454,15556.0,https://image.tmdb.org/t/p/w500/9nylrKj8zWxTor9BCy3umv6WHZe.jpg,https://image.tmdb.org/t/p/w500/4guSmJ5dCX6Y8OFifFVk6Dp9dA6.jpg
2455,15568.0,https://image.tmdb.org/t/p/w500/gPmRGO7iwVRWNd0n5ePWLfSHeuH.jpg,https://image.tmdb.org/t/p/w500/gEZagBzbropWZqlU2yEZlr2x0pn.jpg
2457,15582.0,https://image.tmdb.org/t/p/w500/unfbmoUTIsQzQF09RJZVN1GKr6b.jpg,https://image.tmdb.org/t/p/w500/qeDgecvGMKPuiPhpku7eD9yMMx1.jpg
2458,15624.0,https://image.tmdb.org/t/p/w500/5iA72q3avmveCiOtx1Uaj22pgXI.jpg,https://image.tmdb.org/t/p/w500/pmKRXv5ZJW9xwIXjT0KUkivfsyd.jpg
2459,15639.0,https://image.tmdb.org/t/p/w500/vlPadYpBkSvgTbGFhYTDgacAOEM.jpg,https://image.tmdb.org/t/p/w500/c91oWpYWSx9uLv0h1PHc6aUqSVA.jpg
2461,15647.0,https://image.tmdb.org/t/p/w500/8b2g8QZRLTJMYyzc3HirTSRQpLW.jpg,https://image.tmdb.org/t/p/w500/8h200JQ8vwKzQuaitYwmVfXwCaV.jpg
2462,15648.0,https://image.tmdb.org/t/p/w500/sT4sCDXcqQBjAqyDaofkRmP0er5.jpg,https://image.tmdb.org/t/p/w500/hPqpB8P8ghhguGok9sSeTdMVjYk.jpg
2463,15655.0,https://image.tmdb.org/t/p/w500/9OdZKUdGfaBAUwRLbtWpFWKbILO.jpg,https://image.tmdb.org/t/p/w500/60JMvMGuLHSlVjoUpi86UiB5Lmq.jpg
2464,15660.0,https://image.tmdb.org/t/p/w500/3Amv5uQfadEonn7SmYLfNnoeOSu.jpg,https://image.tmdb.org/t/p/w500/2vObOLMqve3TCcrhXZYCtNdg11b.jpg
2465,15670.0,https://image.tmdb.org/t/p/w500/qiXNNmSFXsfUdKDkylBF2LfX0DR.jpg,https://image.tmdb.org/t/p/w500/oLutveZjcSDVjIgfq7afMIarjpL.jpg
2466,15673.0,https://image.tmdb.org/t/p/w500/mR0K8S5s2c5uxpcevnVam17HFrh.jpg,https://image.tmdb.org/t/p/w500/co2HWhWxNvyWWRLEpudY659gqK3.jpg
2467,15699.0,https://image.tmdb.org/t/p/w500/3CNwFxtb3TYs1rzBsg9DnoPAbJS.jpg,https://image.tmdb.org/t/p/w500/s917v0jiU1BEEPEHkAnywnXcWoI.jpg
2468,15708.0,https://image.tmdb.org/t/p/w500/uwzJL11Xp6h8stocOz6E8e2LWtB.jpg,https://image.tmdb.org/t/p/w500/lAqRSGKRcLog0mYJJG9uQ3mmPPn.jpg
2469,15745.0,https://image.tmdb.org/t/p/w500/4HC6ieptXO2gjqbSEsfkOwsGubN.jpg,https://image.tmdb.org/t/p/w500/bfrkFpsNYRkzVTf1arVn6w2Kphe.jpg
2472,15800.0,https://image.tmdb.org/t/p/w500/o6MYZAcI2A7VfJkcIvCDbFPISLP.jpg,https://image.tmdb.org/t/p/w500/7ueORrKG1Mf4ZpDFVsR83YslKR9.jpg
2473,15875.0,https://image.tmdb.org/t/p/w500/xxZ6VUmnsxNiMa812IP3ohUf3BS.jpg,https://image.tmdb.org/t/p/w500/fDdMm5ZW45GzOZM1DuA7fPa1ANF.jpg
2475,15927.0,https://image.tmdb.org/t/p/w500/rvBWlGRKte2U6qElHV13h6JvmSe.jpg,https://image.tmdb.org/t/p/w500/vhexJUk3sTEldSl3cI3eRzt6SZ5.jpg
2476,15976.0,https://image.tmdb.org/t/p/w500/b73kg6GIuUBAHavvQm2AKSCBA1.jpg,https://image.tmdb.org/t/p/w500/n2lMQH3x1cwzJmgfC5S0Jksg4AH.jpg
2477,15983.0,https://image.tmdb.org/t/p/w500/mE5dSRTKW1dzV7D0pgP8sMxyIa9.jpg,https://image.tmdb.org/t/p/w500/4FGUzyY421gOjPwfRr3jNvEsJVX.jpg
2478,15992.0,https://image.tmdb.org/t/p/w500/7zRmopB7pnveyhFaCRSMZMiGO0v.jpg,https://image.tmdb.org/t/p/w500/632yGRIcTau6hf5UyZv90HlatYF.jpg
2479,16005.0,https://image.tmdb.org/t/p/w500/zZv0mXxd7kfyKuCLMyS0DFCk0JC.jpg,https://image.tmdb.org/t/p/w500/lxY2W0JNmrL2M7QEZBGgDEkOfMu.jpg
2480,16016.0,https://image.tmdb.org/t/p/w500/lB8iKvq6UTDvp1C60JcALvdH1gX.jpg,https://image.tmdb.org/t/p/w500/k8ALJxeyPPfwJiLGCGWPWAXDcVe.jpg
2482,16052.0,https://image.tmdb.org/t/p/w500/j8xX3yBAFOayfSaImgLZPnAcdWz.jpg,https://image.tmdb.org/t/p/w500/kcBlY5FasH8ti150aYExULw53ui.jpg
2483,16072.0,https://image.tmdb.org/t/p/w500/cgTb9rFEgAi2hq8B5AUABZHX8I.jpg,https://image.tmdb.org/t/p/w500/zIvABsW1PhqLfbMGRuPqd6th8Dx.jpg
2484,16096.0,https://image.tmdb.org/t/p/w500/4iKDkzUZtS6vzINfbwYHAb1bNbA.jpg,https://image.tmdb.org/t/p/w500/uXtUBwwcOLSOyAHCCUDsE2PLOwc.jpg
2485,16110.0,https://image.tmdb.org/t/p/w500/aPEJ36e8a7gLu28KVfsGDQdmruk.jpg,https://image.tmdb.org/t/p/w500/xi599nzibNpzTaS2Kb78PhoftmN.jpg
2487,16148.0,https://image.tmdb.org/t/p/w500/yFALvZFwqnh5ESarNoVd5KtizCo.jpg,https://image.tmdb.org/t/p/w500/bHOn3rW9jUwWysmrFzeW8Ukrauk.jpg
2489,16158.0,https://image.tmdb.org/t/p/w500/yEWMSJHkzMLgsTgsvR5TxuP3lBt.jpg,https://image.tmdb.org/t/p/w500/645iJzNG9A8FqKQ3BhPblKWI2Nm.jpg
2490,16161.0,https://image.tmdb.org/t/p/w500/9dcic3zV5Gq6BQ1Et696qBtp9Xg.jpg,https://image.tmdb.org/t/p/w500/wyMfhalkfbEjrAnvlqs9zOnDsCZ.jpg
2491,16162.0,https://image.tmdb.org/t/p/w500/ub2Njdn4kq49ndyg7QglnE8PUqT.jpg,https://image.tmdb.org/t/p/w500/rptszjb9Cgx7hUXTxTmlh4ScD7m.jpg
2492,16172.0,https://image.tmdb.org/t/p/w500/zFsqqPQUz69wPaLBqQeiGbGiW7J.jpg,https://image.tmdb.org/t/p/w500/qIDYvZBLYLuWtKnSgq1okHU3Nt8.jpg
2494,16205.0,https://image.tmdb.org/t/p/w500/xAieCaFdEiIwhHS7FKcltPDUnRc.jpg,https://image.tmdb.org/t/p/w500/iXteoPlqw9Gtsshu5I5QwwyrGMK.jpg
2495,16222.0,https://image.tmdb.org/t/p/w500/u9UtZNMj2m7dtOP6RcMAeRfqmnF.jpg,https://image.tmdb.org/t/p/w500/hworhPYqwu3z4T7HbuugQk8WVCK.jpg
2496,16232.0,https://image.tmdb.org/t/p/w500/g7CNkytZsZzQ8ZEr8F4SmrhjI5y.jpg,https://image.tmdb.org/t/p/w500/9wTvyVN6l0i5F5qOhs8iuSVF3Oc.jpg
2497,16241.0,https://image.tmdb.org/t/p/w500/w7IZT1HJNmWcEj3Axwlwhya02OX.jpg,https://image.tmdb.org/t/p/w500/3sjEoFwtHHlX6kdqJ8ZAUvt3kq6.jpg
2498,16281.0,https://image.tmdb.org/t/p/w500/4SoyTCEpsgLjX6yAyMsx3AsAyRQ.jpg,https://image.tmdb.org/t/p/w500/8aqTmCHLkktH7RZNALeaOMneHSl.jpg
2500,16290.0,https://image.tmdb.org/t/p/w500/uPirN07su7LFixyZyLrNMMQ9u1E.jpg,https://image.tmdb.org/t/p/w500/2RmJI0jfXMFF0br3pXQsHiy3lgh.jpg
2502,16320.0,https://image.tmdb.org/t/p/w500/4sqUOaPFoP2W81mq1UYqZqf5WzA.jpg,https://image.tmdb.org/t/p/w500/3aGsZdB5ud6LmU9lppwTLh2fqH1.jpg
2503,16323.0,https://image.tmdb.org/t/p/w500/3hYyA2g5r0TDRbkSAOEeKelylh2.jpg,https://image.tmdb.org/t/p/w500/jfbwe2vlMYZKNGpRxwdkVgXtuXz.jpg
2504,16337.0,https://image.tmdb.org/t/p/w500/cO1Dvg7k87lHSPOdumn3ddJEKdX.jpg,https://image.tmdb.org/t/p/w500/5MMnUP4mzay6tVNZ8DF3HBeEUMX.jpg
2505,16340.0,https://image.tmdb.org/t/p/w500/grIL8mvfLznaWsv7EEEPhCpkH81.jpg,https://image.tmdb.org/t/p/w500/4JbPQv5OiEhDypNFlF6jCvhdzWq.jpg
2506,16351.0,https://image.tmdb.org/t/p/w500/kQkn715VQYLIs2nddAUf19Bz5Wj.jpg,https://image.tmdb.org/t/p/w500/xJZmoX5r5zcvJNbeqBGgdizC0d9.jpg
2507,16353.0,https://image.tmdb.org/t/p/w500/l6bfgohUpmhQtlhL0qREEuTLxjA.jpg,https://image.tmdb.org/t/p/w500/3ZH69oLWaAmnR0WNGnTQkituwSF.jpg
2508,16358.0,https://image.tmdb.org/t/p/w500/u56l2hEhbiVHT4wcjBapcVtAtY6.jpg,https://image.tmdb.org/t/p/w500/smeZtoEGTydigK2Ecku4sKmHmES.jpg
2509,16363.0,https://image.tmdb.org/t/p/w500/yw3PNR3NVeKKfLWv8SgFQnXoHZh.jpg,https://image.tmdb.org/t/p/w500/2da9Hqr5FxMLYpcYi3BW2LyLIwf.jpg
2510,16388.0,https://image.tmdb.org/t/p/w500/6oWsOJP0ed5gs8n2UywcailoxFN.jpg,https://image.tmdb.org/t/p/w500/FMzWki3kw14V8SzQjFaAmR4AWR.jpg
2515,16448.0,https://image.tmdb.org/t/p/w500/zuArI6EBpV6mExrvfnyidoOtzdf.jpg,https://image.tmdb.org/t/p/w500/7nNAyGnKvTXKFwRk1EivuPKW6xF.jpg
2516,16471.0,https://image.tmdb.org/t/p/w500/aH21h3sMMN3r6d9I8VSBw28fW7V.jpg,https://image.tmdb.org/t/p/w500/fVXucngyv5W8XrKmHMB61MWYiIj.jpg
2517,16508.0,https://image.tmdb.org/t/p/w500/hZduJdSSWCkmvnBpNyRaIszubVm.jpg,https://image.tmdb.org/t/p/w500/6SRECmsTgh9IbJZULGMJMCuWby4.jpg
2518,16523.0,https://image.tmdb.org/t/p/w500/pzVqDpSzOg32IpXghHGSGAAArl6.jpg,https://image.tmdb.org/t/p/w500/e0MwhnT6ydLrgQbq4IIABhJdsmo.jpg
2520,16558.0,https://image.tmdb.org/t/p/w500/vpWQs3CjwG6Er3DgZlv4L3NFjXg.jpg,https://image.tmdb.org/t/p/w500/nmElbl3SyII4gJ8uo1jYYHFjmlK.jpg
2522,16577.0,https://image.tmdb.org/t/p/w500/6AK3uOHaIbl6EDaytHYe4FinZMu.jpg,https://image.tmdb.org/t/p/w500/t39jaNSYMVNecNPQSVVlW6I4opm.jpg
2523,16608.0,https://image.tmdb.org/t/p/w500/bbSHSJuO5XjrIKMh6QXXLTg3Yzr.jpg,https://image.tmdb.org/t/p/w500/5ndWXHSKcdN6uYSPOLlxnSMuAEE.jpg
2524,16614.0,https://image.tmdb.org/t/p/w500/eeSJNAR1aWcgANq26KWIHm3cbyB.jpg,https://image.tmdb.org/t/p/w500/4dm60JrE7rCWQvqio1KdzQvfCvS.jpg
2525,16617.0,https://image.tmdb.org/t/p/w500/uTTGRvnqCI9ZC7WkyP9u7XRiOaA.jpg,https://image.tmdb.org/t/p/w500/eSMrNCvCzRZUhz1mhxpOvgrtvdI.jpg
2526,16619.0,https://image.tmdb.org/t/p/w500/tJVETEDAKgD3fEh88SHOvMvOQue.jpg,https://image.tmdb.org/t/p/w500/81LV5HJ9nUXGCMhrJpFNjwvbEZl.jpg
2527,16620.0,https://image.tmdb.org/t/p/w500/6Znulqtc7cdqlUC69HGf26Ef5fi.jpg,https://image.tmdb.org/t/p/w500/jXDanAOPM6gmypt72WlkZwrPuK0.jpg
2528,16633.0,https://image.tmdb.org/t/p/w500/hmdegiSwVYUNvEfihaE3HRM3Sos.jpg,https://image.tmdb.org/t/p/w500/d7gEJYEookiF0SHPD8fMXcCgpC9.jpg
2529,16642.0,https://image.tmdb.org/t/p/w500/rwxTYjOZmX2rGhz7avLe1qsjNqe.jpg,https://image.tmdb.org/t/p/w500/zUqIL6H6d44se9ZOsfvvCuOsbap.jpg
2530,16643.0,https://image.tmdb.org/t/p/w500/b9lUSfCjv8jjNRSsmk65HEV1Pv3.jpg,https://image.tmdb.org/t/p/w500/AwkaTlvHAc5qQksrXg982CWMkYJ.jpg
2531,16651.0,https://image.tmdb.org/t/p/w500/1jHSJULA0nEDfVeewlLvppsjve8.jpg,https://image.tmdb.org/t/p/w500/eYRVyA4oBRNkrT4kAqPS7xiiZHc.jpg
2532,16653.0,https://image.tmdb.org/t/p/w500/A1l7mSbptwFdutUbOq4zzhH4goa.jpg,https://image.tmdb.org/t/p/w500/8lko69TNjjEa5KRANIcgM4sE2o6.jpg
2533,16690.0,https://image.tmdb.org/t/p/w500/wB3r2b8sxUZspqNyr8copMlt7se.jpg,https://image.tmdb.org/t/p/w500/tz0MjeUUGgyfNfBPiIksaqEgos6.jpg
2534,16727.0,https://image.tmdb.org/t/p/w500/hxrf7HDwh0nIX4xXE06BdpEKW1V.jpg,https://image.tmdb.org/t/p/w500/dtq3fmA5qd9GdHQ3PQCPHjIjGxM.jpg
2535,16769.0,https://image.tmdb.org/t/p/w500/bzHFDAdUad4QcHPi2UOqvaQKNWA.jpg,https://image.tmdb.org/t/p/w500/Aa4UDJWVckGXwPZxY5qpRifQFYp.jpg
2536,16781.0,https://image.tmdb.org/t/p/w500/lAzrDS5bJJSSdPAUxuctCoomXUc.jpg,https://image.tmdb.org/t/p/w500/vFNooLsEgurZjnTEmwS8FWHurDi.jpg
2537,16784.0,https://image.tmdb.org/t/p/w500/xesXaNCtdGUO5FsMDYooPQAMHxQ.jpg,https://image.tmdb.org/t/p/w500/iF7Ak3YsKNvCr3apItDeblkXORg.jpg
2538,16857.0,https://image.tmdb.org/t/p/w500/4uTWXZ2Rvizl3ycMHtODfRjks4W.jpg,https://image.tmdb.org/t/p/w500/kukeEqfKiybvnyppV1RilJrbSI9.jpg
2539,16858.0,https://image.tmdb.org/t/p/w500/culCEdj4srLljefgn4XKd6k3C5t.jpg,https://image.tmdb.org/t/p/w500/u218sykbUQIh6EWtTdJzguU5LcG.jpg
2540,16866.0,https://image.tmdb.org/t/p/w500/x7Itcg3ZdExKwdKguy73WPEqosW.jpg,https://image.tmdb.org/t/p/w500/wk7R89u4l3AC3PRg7Abac2IJ5Ky.jpg
2542,16871.0,https://image.tmdb.org/t/p/w500/fdyejM5Zd6dsa0YyWa02ZAKwQzK.jpg,https://image.tmdb.org/t/p/w500/3tvwsRSIDgwJuaGdh67XZ942UMy.jpg
2543,16888.0,https://image.tmdb.org/t/p/w500/kKMhGSwydCVjrOWwggDlSvcgzCl.jpg,https://image.tmdb.org/t/p/w500/lzWnfs5cR7JYjP7zrvNdD4hxrCz.jpg
2544,16899.0,https://image.tmdb.org/t/p/w500/k9bGewoi6SWPTFQfUbn6ve06TY9.jpg,https://image.tmdb.org/t/p/w500/yxpWmblcrFeX0uLvDbLJYBJqYvy.jpg
2546,16988.0,https://image.tmdb.org/t/p/w500/xbQnpPZZXfuYcYs4n1AgH0Tjgi6.jpg,https://image.tmdb.org/t/p/w500/kfVNOnxh1nImhROvHwOlqqHD3NF.jpg
2547,16991.0,https://image.tmdb.org/t/p/w500/zHuouWUKlRK0SeIjzTlmtoPLrFA.jpg,https://image.tmdb.org/t/p/w500/aMUBgI9LyeX4QJ5Y1cizPFPpAYD.jpg
2548,16995.0,https://image.tmdb.org/t/p/w500/mWsfeSFUM3NxWa62UrA9IIn240B.jpg,https://image.tmdb.org/t/p/w500/n6ggvrNiiDBGcymaomQPeVsIfUg.jpg
2550,17043.0,https://image.tmdb.org/t/p/w500/8JyI97jCN1BIzdTjWfIxV4GKlyw.jpg,https://image.tmdb.org/t/p/w500/aA2vwXBjONLtInbR7i6OI4SuWOr.jpg
2551,17044.0,https://image.tmdb.org/t/p/w500/tfdj6Wx8vCDNZbzmIRR2hDn5mAr.jpg,https://image.tmdb.org/t/p/w500/1a1AZaWccuaFsoJ1fS3JOUUnw5f.jpg
2552,17047.0,https://image.tmdb.org/t/p/w500/zlAltvp84rYVTYs3kdemqHBaiat.jpg,https://image.tmdb.org/t/p/w500/dkCeC92reZFKnZDspABZVpk0RLW.jpg
2553,17113.0,https://image.tmdb.org/t/p/w500/jhID43WmWf3HeH3M3tBCPTSeBOi.jpg,https://image.tmdb.org/t/p/w500/226BOT8YMPY1OgXGHTVPqUPSG0F.jpg
2554,17127.0,https://image.tmdb.org/t/p/w500/2mA6QEdzhsftNIFV11SGsQLJvJR.jpg,https://image.tmdb.org/t/p/w500/9ItSJKC4O77Uk2yULvSYdV6F171.jpg
2555,17130.0,https://image.tmdb.org/t/p/w500/prdFY9Bc28frBhhWl7mPSr7JmFp.jpg,https://image.tmdb.org/t/p/w500/igpUTEhu5zEtGt19iPuDgfuxoyL.jpg
2556,17134.0,https://image.tmdb.org/t/p/w500/7k7qhrO57sVoBLrNo5HYoTp24sT.jpg,https://image.tmdb.org/t/p/w500/c2EpOiIhpMtGCnG6HyHgbpyryPd.jpg
2557,17139.0,https://image.tmdb.org/t/p/w500/v7TWGTZ6fNkY72IyoiVIcnlwniU.jpg,https://image.tmdb.org/t/p/w500/7rxKreyDYVaHCOm93cZ1GaK5ZeO.jpg
2558,17170.0,https://image.tmdb.org/t/p/w500/pimtITTxB2cJftgRhso2Xm195Co.jpg,https://image.tmdb.org/t/p/w500/AocqLoXjXoXzgkEsh8Ez8l9bRYm.jpg
2559,17182.0,https://image.tmdb.org/t/p/w500/y2lZSdJ1o0VvLegTw3ad6KFtxra.jpg,https://image.tmdb.org/t/p/w500/lOiIE1MS7q756PYHYiAw6glruxZ.jpg
2560,17186.0,https://image.tmdb.org/t/p/w500/82dbqeFOA2iPhwWuciZItw1ELew.jpg,https://image.tmdb.org/t/p/w500/oC3ya5pKxKy8BXjj3eXDit7iz3e.jpg
2561,17187.0,https://image.tmdb.org/t/p/w500/s7BRKAq0DNcXe8Bphm6Wd5KnvlF.jpg,https://image.tmdb.org/t/p/w500/9gkHxp86xWGsBn6CzdChc4XhT5r.jpg
2562,17202.0,https://image.tmdb.org/t/p/w500/9kmqgVuELTEoMt0dqRt3H48VcOM.jpg,https://image.tmdb.org/t/p/w500/eM8qR3lOb48oz3SHX6E69npM37a.jpg
2563,17264.0,https://image.tmdb.org/t/p/w500/uZtNc31LR5Ik3ZVo2jxwOvhkNRC.jpg,https://image.tmdb.org/t/p/w500/am84QBW5S17uKUeuWvjLIS8urrr.jpg
2564,17277.0,https://image.tmdb.org/t/p/w500/ggrPUKNYFZ6ogs896ZiT0lQG9Tr.jpg,https://image.tmdb.org/t/p/w500/wpTgHZCCfM3SffZvq6tCFdkkMz0.jpg
2565,17287.0,https://image.tmdb.org/t/p/w500/vSeehH4s274kdZXEMKnPE2tlqco.jpg,https://image.tmdb.org/t/p/w500/jtnFTuRejS925CJkXf3MNCqtT8n.jpg
2566,17332.0,https://image.tmdb.org/t/p/w500/6GnFN9OTkaoeKNzd2Fbp3ZyJjKi.jpg,https://image.tmdb.org/t/p/w500/7gsAibNmbrBxxWGzuCR5NVLjRyx.jpg
2567,17334.0,https://image.tmdb.org/t/p/w500/uiLgARBzUiE7PPRiJILXSh4zOIW.jpg,https://image.tmdb.org/t/p/w500/kDACJi8eHur78ycoIc7L8fE6zlG.jpg
2568,17339.0,https://image.tmdb.org/t/p/w500/3bFRwivCZuXx7fHWt4SpYaiHkNL.jpg,https://image.tmdb.org/t/p/w500/5HzyoetjiRl3VJ4R6q0jiewGzQZ.jpg
2569,17345.0,https://image.tmdb.org/t/p/w500/5M5h80QGQq5BXxcpoT1wkaxPdwm.jpg,https://image.tmdb.org/t/p/w500/6ogrLzrUbeJn1zPbfIHgAfWHYf3.jpg
2570,17379.0,https://image.tmdb.org/t/p/w500/2SkM1AHIgCQgdOboER6euPKTxGF.jpg,https://image.tmdb.org/t/p/w500/7D1v3y0RPoyJBZAx4eGdjcqJUuD.jpg
2571,17403.0,https://image.tmdb.org/t/p/w500/pD87iTm4MP7JNcxIUssAbpri8nF.jpg,https://image.tmdb.org/t/p/w500/38SJ5HR1EyvpbTWLRxmPrY469UU.jpg
2572,17431.0,https://image.tmdb.org/t/p/w500/35IU0Mq0zFsN1mYwDGts5mKc77n.jpg,https://image.tmdb.org/t/p/w500/mvUAo9ACgmLpS4Ofc2IwD4n7WCt.jpg
2573,17436.0,https://image.tmdb.org/t/p/w500/yiXkvghbkYMQ3iMyhiI08GgtonC.jpg,https://image.tmdb.org/t/p/w500/3HJBIGN4ZjX6xwNQsM9GlvZgZCX.jpg
2574,17577.0,https://image.tmdb.org/t/p/w500/ex0dNOuABfkWVrNFfhsC0qTviA2.jpg,https://image.tmdb.org/t/p/w500/lDlc1NeSqgJzEhxCakNeiss3kJ8.jpg
2575,17578.0,https://image.tmdb.org/t/p/w500/fQZ3sLR1Fi63NMsNRbjm9q5qODJ.jpg,https://image.tmdb.org/t/p/w500/6mqgl2szMLRYj4lhlXOjju5Tpeo.jpg
2576,17610.0,https://image.tmdb.org/t/p/w500/qF573jdJYwtCbXVXPDn4xu8nW2a.jpg,https://image.tmdb.org/t/p/w500/21RU5YYiLk3UVF9lRhf2fs1tRUK.jpg
2577,17622.0,https://image.tmdb.org/t/p/w500/ahHguslRzE5Qgx8KTJvlDeSEJE2.jpg,https://image.tmdb.org/t/p/w500/uFsJQVQnWyRX35jaIL493IcEoiK.jpg
2579,17654.0,https://image.tmdb.org/t/p/w500/tuGlQkqLxnodDSk6mp5c2wvxUEd.jpg,https://image.tmdb.org/t/p/w500/jhM3wgWUrrOkz9r4xwV5cV5RhI4.jpg
2581,17707.0,https://image.tmdb.org/t/p/w500/pWxoggA0KCS5oMPDOjIDYZYzryE.jpg,https://image.tmdb.org/t/p/w500/iwcvWOyT04GHLSevuFROL3SGSb6.jpg
2583,17709.0,https://image.tmdb.org/t/p/w500/4LP5BieqdFNlCFjxsvaA3d6hGGd.jpg,https://image.tmdb.org/t/p/w500/4vzGCb8ohvCImk0tke1cusgXFIQ.jpg
2584,17710.0,https://image.tmdb.org/t/p/w500/etxcq4qiFNi5p0q71APw8MNzPPT.jpg,https://image.tmdb.org/t/p/w500/1pEMcogCLU2z9s3Vl10UUKswLLk.jpg
2585,17711.0,https://image.tmdb.org/t/p/w500/xCFSsftt2rglC81I6QLWcZSTCBM.jpg,https://image.tmdb.org/t/p/w500/9K1y8HCokYpuU92jKauiFwu0y7P.jpg
2586,17734.0,https://image.tmdb.org/t/p/w500/mb3mEfzAudrPpQIxRzpLM12aiMV.jpg,https://image.tmdb.org/t/p/w500/cPOrHQ8HKgefGjEBU1zJ0H7ndv2.jpg
2587,17768.0,https://image.tmdb.org/t/p/w500/85GetJipw1F2tAGUEwbdD16VFLO.jpg,https://image.tmdb.org/t/p/w500/hzamEWW4VPo5RMCxKWGAwZDr1tE.jpg
2588,17795.0,https://image.tmdb.org/t/p/w500/AkZUWdXXuOSat3J9HaHXm7HPtqA.jpg,https://image.tmdb.org/t/p/w500/hrqORPlqj28fg2DIff9BG17dsCh.jpg
2589,17813.0,https://image.tmdb.org/t/p/w500/1CVw4MMqeBdkUs3DfCDWkaP6O3U.jpg,https://image.tmdb.org/t/p/w500/7pHOjO5v4uQGZ9ggl5RrcRIUJYp.jpg
2590,17820.0,https://image.tmdb.org/t/p/w500/sk7s574pI9QAi6uVqbTg0bnLEUC.jpg,https://image.tmdb.org/t/p/w500/ArRVe2TdaSgXaTWM8N6P4lUGDms.jpg
2591,17834.0,https://image.tmdb.org/t/p/w500/cfyJ7yIvNTlz2ooH8iU6r0pxAMj.jpg,https://image.tmdb.org/t/p/w500/aU2gK5ehx5MOwnigEAK54cQjLpS.jpg
2592,17880.0,https://image.tmdb.org/t/p/w500/oMUFS7HmIyTeui5xuoIEkPYTWC8.jpg,https://image.tmdb.org/t/p/w500/A7DkuH1XcN9DKITdVdpRIwh7aVN.jpg
2593,17908.0,https://image.tmdb.org/t/p/w500/nnPv7RuSn6UaPjZussIFljZdWS8.jpg,https://image.tmdb.org/t/p/w500/mrhdbBV44O87ikOObJpIMuHoMNL.jpg
2594,17917.0,https://image.tmdb.org/t/p/w500/1XJgoaOWKrqxkKeBKWLKSigqG8c.jpg,https://image.tmdb.org/t/p/w500/kd2zTW96fK5qNuZcwVUFeMIYxBa.jpg
2595,17926.0,https://image.tmdb.org/t/p/w500/7G9HOjUBcq1NDwff7Mc5GFhINSB.jpg,https://image.tmdb.org/t/p/w500/8swTH2p4HLUwswMVQXi0CWEAbT1.jpg
2597,17994.0,https://image.tmdb.org/t/p/w500/d5lDHBzEgBkgAarXpUl56u2vM8c.jpg,https://image.tmdb.org/t/p/w500/oMKG9VmiPkOUR64Pp628CMkZwhw.jpg
2598,17995.0,https://image.tmdb.org/t/p/w500/jYfGKG94Mfs8HMjqXsn9aIVqGTK.jpg,https://image.tmdb.org/t/p/w500/y6ZE09v2Czp5gUTgPO2LMyieYvg.jpg
2599,18041.0,https://image.tmdb.org/t/p/w500/1fyQiQyBFlqjeqgT6sAEh5vo4Fe.jpg,https://image.tmdb.org/t/p/w500/aJCHbwgrrizPSyZTzywSSeLqYQv.jpg
2600,18045.0,https://image.tmdb.org/t/p/w500/yOYCpZ7jsMedfkHQpXQJw83F3GL.jpg,https://image.tmdb.org/t/p/w500/qvXzjEYd04Ws7vqAfLE68wiYahY.jpg
2601,18065.0,https://image.tmdb.org/t/p/w500/wLNzff5sWBWrKU4EI5gf4ZhUBKs.jpg,https://image.tmdb.org/t/p/w500/jfPlonHxKl6Vsygu3TLrL9io5IJ.jpg
2602,18074.0,https://image.tmdb.org/t/p/w500/isxHRG54S1bz1A1CAlPaAAoh65k.jpg,https://image.tmdb.org/t/p/w500/dDJuLVV5K1XYim69Ab8wy9luXu4.jpg
2603,18079.0,https://image.tmdb.org/t/p/w500/u2L4Foderu7SCPci5c3jsUfEJPP.jpg,https://image.tmdb.org/t/p/w500/e4tZvefBtA6P1T0vAPfeXG4Bj3r.jpg
2604,18126.0,https://image.tmdb.org/t/p/w500/iVQPlpZUeQh4nh8bDnMLLhXifAN.jpg,https://image.tmdb.org/t/p/w500/sGqepjVCkXeG7IDPNnvpT8G3AyW.jpg
2605,18147.0,https://image.tmdb.org/t/p/w500/7yhaXxwxs1fIOyuPv3YuE2fea0t.jpg,https://image.tmdb.org/t/p/w500/sDriqBgGZnFRKJDkfw0oJAnCNHB.jpg
2606,18162.0,https://image.tmdb.org/t/p/w500/hVCJzmK9l5FD01LFYAB1zcmmw7s.jpg,https://image.tmdb.org/t/p/w500/6FTIgtJk1mqmBTg9AEBrRKhLG1c.jpg
2607,18191.0,https://image.tmdb.org/t/p/w500/2VFdGJDrl5n9WoC7d4I07hN3v5c.jpg,https://image.tmdb.org/t/p/w500/iE8NYo7lotfhLdBi0NSUxJ7iZr0.jpg
2608,18206.0,https://image.tmdb.org/t/p/w500/636EGinwlVDyXuDo4l27hETmze2.jpg,https://image.tmdb.org/t/p/w500/ib7NDlxyJV79o5X1ik6TMPlmqGO.jpg
2609,18238.0,https://image.tmdb.org/t/p/w500/3IROnPMgDnI1TYQ4PZBB0nn6CwX.jpg,https://image.tmdb.org/t/p/w500/rw7mN0B8wkZcSuaEARJPIooUyBY.jpg
2610,18239.0,https://image.tmdb.org/t/p/w500/k2qTooPlHffgNABNWxeJdGMglPK.jpg,https://image.tmdb.org/t/p/w500/dF2c20sRDgySZLaLS2OUerL07sz.jpg
2611,18240.0,https://image.tmdb.org/t/p/w500/6stnAm1wSek8ZrislwK4xGTyCnt.jpg,https://image.tmdb.org/t/p/w500/ojgXOhVi9Yk8irDpRfDkIzdD1LK.jpg
2612,18254.0,https://image.tmdb.org/t/p/w500/AeiKdVVM93fwfQG1m3N0cgVZgHl.jpg,https://image.tmdb.org/t/p/w500/cDdB8JBflT4vBYlftoopSdTf4Wz.jpg
2615,18320.0,https://image.tmdb.org/t/p/w500/iGyuReyij3bPCtzJdSjTR8PR0pa.jpg,https://image.tmdb.org/t/p/w500/28XFhXIlmeg19bSOpWKWaWFBEkQ.jpg
2616,18357.0,https://image.tmdb.org/t/p/w500/z0K5vNYSLDT8KOrXBrhwMj2Xnd8.jpg,https://image.tmdb.org/t/p/w500/6Bx6fsUqJDsBjDCgIMSnjN3ua6i.jpg
2617,18360.0,https://image.tmdb.org/t/p/w500/l9yAQn6TyrA3gv5xZZkiMMoZsiw.jpg,https://image.tmdb.org/t/p/w500/zdhICEDUlBTQ43fQMa2KJt8fDFX.jpg
2620,18475.0,https://image.tmdb.org/t/p/w500/t5UL6yNoZmirS9RHO4C0HpsVlo8.jpg,https://image.tmdb.org/t/p/w500/qOvEqQ8F7UuaraNfDHqxVJTbF7j.jpg
2622,18487.0,https://image.tmdb.org/t/p/w500/rEnyQiBu6goqJfvQXpUZQjpoHVp.jpg,https://image.tmdb.org/t/p/w500/kBWPHSszi8jKLqW5tMaQV1bISB2.jpg
2624,18516.0,https://image.tmdb.org/t/p/w500/k0Di5lSe0oIzpJle2O9T5di4w3M.jpg,https://image.tmdb.org/t/p/w500/jBhZq4RpXnVA7mcpjgsGwIwXjnq.jpg
2625,18530.0,https://image.tmdb.org/t/p/w500/h9VizOOadBJixcbpswSqM0bb30c.jpg,https://image.tmdb.org/t/p/w500/vWWshAydkFv2f2twAA8emnVMVMa.jpg
2626,18533.0,https://image.tmdb.org/t/p/w500/6diyyGIbBNiANsdIaCGtyv4IofR.jpg,https://image.tmdb.org/t/p/w500/uc8FwdCQi3eD7JIbyiZuzo5n6Jv.jpg
2627,18550.0,https://image.tmdb.org/t/p/w500/5oGdTgWXCOKerrfdBxJrOlFyifL.jpg,https://image.tmdb.org/t/p/w500/v8pmJbQIcrsQKDN6dlXHkCfY7gO.jpg
2628,18570.0,https://image.tmdb.org/t/p/w500/zdwN4o7OGAZGJw9T64lRAGTEP8b.jpg,https://image.tmdb.org/t/p/w500/1xMMkeXynf8w11eXqEC3HCLhzt5.jpg
2629,18602.0,https://image.tmdb.org/t/p/w500/kKGUF97v8a62MtSKM0V6fqDxGTS.jpg,https://image.tmdb.org/t/p/w500/aRFsgk8X8J6mRvgStvUDBIaDdlX.jpg
2630,18615.0,https://image.tmdb.org/t/p/w500/62Owq5NVXvhgEqTklu1oMwTWQUL.jpg,https://image.tmdb.org/t/p/w500/xkyqLhklybD8BnWHOJo22jliJD6.jpg
2631,18616.0,https://image.tmdb.org/t/p/w500/1LAjKJ2Xcmb1ixIKq6ZA3LVq871.jpg,https://image.tmdb.org/t/p/w500/fbVs0ZZnfGSEPouaxiGcRHUletl.jpg
2632,18632.0,https://image.tmdb.org/t/p/w500/w1Fgu2GxGTy4I5zQN3lkMNu4z6e.jpg,https://image.tmdb.org/t/p/w500/vnuUCpMswBNviOGbBq4QZ260Mai.jpg
2633,18681.0,https://image.tmdb.org/t/p/w500/4eB1Gw5r3Etbe4su6PhOo6OAN9E.jpg,https://image.tmdb.org/t/p/w500/em3VJhxB2YOKtWyRT3g54tyo8D9.jpg
2634,18701.0,https://image.tmdb.org/t/p/w500/wiJp4pN2bYgtWQqZYZhGNLeFmx8.jpg,https://image.tmdb.org/t/p/w500/l90EUsDDzegv92iL3TbXXAF1t6E.jpg
2635,18712.0,https://image.tmdb.org/t/p/w500/utpy9JLuyhsxpw2E3yExw23f3eS.jpg,https://image.tmdb.org/t/p/w500/ovfJX70VfUTXM2o28lvZQchtynG.jpg
2637,18734.0,https://image.tmdb.org/t/p/w500/ck5Tkq17M6khEN7JQlQznoYl37L.jpg,https://image.tmdb.org/t/p/w500/zmKvbUUnTQMMUdKfd8FA4J6DSgK.jpg
2638,18736.0,https://image.tmdb.org/t/p/w500/pLi6nOT95LHgCBicakNagC41uFM.jpg,https://image.tmdb.org/t/p/w500/hgzX6YBJXI4fvosxvjnPrAmWPNu.jpg
2639,18777.0,https://image.tmdb.org/t/p/w500/ho43ENDjPpkuMZvBsGTV1STFFik.jpg,https://image.tmdb.org/t/p/w500/s6TsAaBVxgeuUyliarOFqix0Tbt.jpg
2640,18785.0,https://image.tmdb.org/t/p/w500/A0uS9rHR56FeBtpjVki16M5xxSW.jpg,https://image.tmdb.org/t/p/w500/iuRVt8tFiXDPGgzavhuSa3QHRxD.jpg
2642,18823.0,https://image.tmdb.org/t/p/w500/6iHYLipwEyZUPNO8MM3l1yHDaFE.jpg,https://image.tmdb.org/t/p/w500/zRx1HyM1wF6wqEvxV12Ha2WrvlJ.jpg
2644,18840.0,https://image.tmdb.org/t/p/w500/65AKidOOKrfyQkiVYtkgDJVM4CA.jpg,https://image.tmdb.org/t/p/w500/6coKuJMLZnX1Us87n5H51giDC5C.jpg
2645,18841.0,https://image.tmdb.org/t/p/w500/nGUjqu7DotLx6yfakAeqaj8D1FO.jpg,https://image.tmdb.org/t/p/w500/3oS3h14rd7NjjkNcBydVIzrQuYm.jpg
2646,18869.0,https://image.tmdb.org/t/p/w500/eCrr9LMCYpHlKzzKNXlTcMBs9xD.jpg,https://image.tmdb.org/t/p/w500/goc7dmAlxsK12eyuiHn3KqwBhyj.jpg
2647,18885.0,https://image.tmdb.org/t/p/w500/kXuh3c0DyvqSGo0DBatoemBwEtz.jpg,https://image.tmdb.org/t/p/w500/2m8gk7KmYk5POA5b4Xr7URBsK4P.jpg
2649,18892.0,https://image.tmdb.org/t/p/w500/7YrxXoG25hVCK4nYDHQv9YIk3Ye.jpg,https://image.tmdb.org/t/p/w500/kRsJiPpSgkU50dJOmXlF6daiJE8.jpg
2650,18900.0,https://image.tmdb.org/t/p/w500/sPEvsif5Y70mfVvtU39iOyrVJdF.jpg,https://image.tmdb.org/t/p/w500/gQYsE1Zu89fbi3yUL4bubxoRjbh.jpg
2652,18925.0,https://image.tmdb.org/t/p/w500/1eY8O7fIGcmwetNqvwnnkQB0LYK.jpg,https://image.tmdb.org/t/p/w500/hZoXUcBN0CgD7s1QgmO7OZSHzBx.jpg
2653,18937.0,https://image.tmdb.org/t/p/w500/pLfFEQ9HTw0HRvBkW3nI9RUze03.jpg,https://image.tmdb.org/t/p/w500/m58yUAi6CuHJ61eYGtSOaV996qn.jpg
2654,18947.0,https://image.tmdb.org/t/p/w500/l7CBRLAXUnHi0kp2krhLtlJvtWI.jpg,https://image.tmdb.org/t/p/w500/vZS0CQBaxj1CPFWTICXLXMJbb3o.jpg
2655,18975.0,https://image.tmdb.org/t/p/w500/rGPFPkUmPam6arT22ey8jWpKzL2.jpg,https://image.tmdb.org/t/p/w500/2qbHYBLD2mTjyySVWXuRJzwBfN6.jpg
2656,19052.0,https://image.tmdb.org/t/p/w500/sHbII8OHz2uoyOpPAVYe0LIJcdN.jpg,https://image.tmdb.org/t/p/w500/c9ZDn1mJUfs8L0IyGZXS6oXtXfX.jpg
2657,19084.0,https://image.tmdb.org/t/p/w500/3F6bmetJSJvqLCB9PMxpNz1sngB.jpg,https://image.tmdb.org/t/p/w500/qNpmWT0K7EzOQq9cBoyjTKWJWXZ.jpg
2658,19150.0,https://image.tmdb.org/t/p/w500/kdQOz5enVVz113zZQcuoqh3oACy.jpg,https://image.tmdb.org/t/p/w500/9Cf8ZsWLbBu4d8872SRl3GtgswP.jpg
2660,19187.0,https://image.tmdb.org/t/p/w500/HryOo5fCwJ5QUbNqjYAotgoj9c.jpg,https://image.tmdb.org/t/p/w500/nknhG8FNwCtLpeFsIgaC5EsCjhL.jpg
2661,19204.0,https://image.tmdb.org/t/p/w500/kMSZHq9VYQV1FCbM8nz2zrZShzx.jpg,https://image.tmdb.org/t/p/w500/ysCpbgA1zxOmkb1IWKzwhTxDxk3.jpg
2662,19255.0,https://image.tmdb.org/t/p/w500/zWxjopWXpnC1vSbnO7mw2URna22.jpg,https://image.tmdb.org/t/p/w500/rSEZ4e8rWCk9SsRvuwyxtLLUV0w.jpg
2663,19265.0,https://image.tmdb.org/t/p/w500/upIYOZbiutCBnvejGYaZlJxxKcs.jpg,https://image.tmdb.org/t/p/w500/gRifpXd3ailxdFPBZ8F1xiBQJUL.jpg
2664,19316.0,https://image.tmdb.org/t/p/w500/7XbbgkKi4nEMOu9iwiANXpjKKhe.jpg,https://image.tmdb.org/t/p/w500/piT1WWJlC0ebUVpAWI1SBwg2Vdq.jpg
2665,19344.0,https://image.tmdb.org/t/p/w500/a6p1Oexil6Z2XO5d1QVHR3F2OoM.jpg,https://image.tmdb.org/t/p/w500/nnrNau1w3kIsPYMllbfsVQNUJVu.jpg
2666,19366.0,https://image.tmdb.org/t/p/w500/mHOix87RdBO3YQuyvFFZAZxpt5P.jpg,https://image.tmdb.org/t/p/w500/wkQAYth62cJXsvqkYbDH8b1cqES.jpg
2667,19405.0,https://image.tmdb.org/t/p/w500/qsUCoeTwCNIrvDrUiWlTCgyRFZy.jpg,https://image.tmdb.org/t/p/w500/v69OaHOYjdihRz0o0nVUylUyraa.jpg
2668,19419.0,https://image.tmdb.org/t/p/w500/m6FfMbH1ga1Kp5QI9Nm0ETOIG64.jpg,https://image.tmdb.org/t/p/w500/6o8y8fNo6eIgmS2jRux150LQwwj.jpg
2670,19489.0,https://image.tmdb.org/t/p/w500/95AseMukZsjgDXC9NtgVQESAVgY.jpg,https://image.tmdb.org/t/p/w500/4kz1eNVrKOrEeXzEhOilSdtthx3.jpg
2671,19495.0,https://image.tmdb.org/t/p/w500/vLHtz57xpPBrIl9YAhEgC29LCyk.jpg,https://image.tmdb.org/t/p/w500/vlKBYymF54exCFe99kObyTSHnFY.jpg
2672,19556.0,https://image.tmdb.org/t/p/w500/rJovsKIjVsSMuwURASoTZJB6jvI.jpg,https://image.tmdb.org/t/p/w500/Mn5uO1hCqgILucGElc3WpuntbL.jpg
2675,19644.0,https://image.tmdb.org/t/p/w500/jwE6cVIoJ4JP397yMGfBBpHMJmF.jpg,https://image.tmdb.org/t/p/w500/dbZRnjdBxpIHnyfCDMLlFSzx7pw.jpg
2676,19724.0,https://image.tmdb.org/t/p/w500/lyCTP5C3raH46hJNS9WfBSnWHsG.jpg,https://image.tmdb.org/t/p/w500/jwRcMJ84Ga4zZtoTZG64sIQCsCG.jpg
2677,19803.0,https://image.tmdb.org/t/p/w500/kOpQ5doAbDaxKyGq91PugsCTOYO.jpg,https://image.tmdb.org/t/p/w500/4ODyigwyu03HZqFhvQqD5tpHwi.jpg
2678,19840.0,https://image.tmdb.org/t/p/w500/mUi6nEbo04DR1YwflbZX1RR7UwS.jpg,https://image.tmdb.org/t/p/w500/axCh3DpOgISsPoMxKslQW9l4PO3.jpg
2679,19844.0,https://image.tmdb.org/t/p/w500/m1ycnhkFufW4NDFG38QaHtAWqDN.jpg,https://image.tmdb.org/t/p/w500/ikPcpj7FBEOfMmMAJH8h3ogFls2.jpg
2680,19848.0,https://image.tmdb.org/t/p/w500/8Y0ipbrZ6oiXffZkI1D9eahVsZ1.jpg,https://image.tmdb.org/t/p/w500/tlUudS5G6oZfDTjFgE7NHp2CRiC.jpg
2681,19898.0,https://image.tmdb.org/t/p/w500/mNMfa6r3pl0EzFIKEkVcxyr6Rc7.jpg,https://image.tmdb.org/t/p/w500/eWRct17fMmra8T9yQEcwudoNxUW.jpg
2682,19899.0,https://image.tmdb.org/t/p/w500/igXVSRZsNX3TZsKrQqSyEJvzHRF.jpg,https://image.tmdb.org/t/p/w500/uKrfP5T5EwlR5RPGDEbFzDSaljJ.jpg
2683,19901.0,https://image.tmdb.org/t/p/w500/xFZH2l9UOyIclk2ZFWNHQ38B2RP.jpg,https://image.tmdb.org/t/p/w500/rNzLD5dTUoISDeo10qJDiUdwVNh.jpg
2684,25155.0,https://image.tmdb.org/t/p/w500/r5CKg3VJQjYvSWTRojK2tE7LpM0.jpg,https://image.tmdb.org/t/p/w500/dkT3zHMMEULn1o79xktvVbjWM7.jpg
2685,19905.0,https://image.tmdb.org/t/p/w500/1nEd4aLuRlAPFqUdcCYekAAjWsn.jpg,https://image.tmdb.org/t/p/w500/x4J8ggYTL59wPCdr9JCsg9se3kX.jpg
2687,19912.0,https://image.tmdb.org/t/p/w500/5vxXrr1MqGsT4NNeRITpfDnl4Rq.jpg,https://image.tmdb.org/t/p/w500/vMaKc5PwdKIIBt5q7JQjfgyESYT.jpg
2689,19933.0,https://image.tmdb.org/t/p/w500/mEZcPMNRqTcotOZSttN5MtmJbu1.jpg,https://image.tmdb.org/t/p/w500/1StdeuPCUYSo78OOFgy7fxQfW0h.jpg
2690,19959.0,https://image.tmdb.org/t/p/w500/v3Z0Hbl0oe57njrrIPh0fJPFoo.jpg,https://image.tmdb.org/t/p/w500/AhxG7gHPFD5xbXRnjsVxM00K6yd.jpg
2691,19994.0,https://image.tmdb.org/t/p/w500/wrkjsGcFJxcQqR56kJUYAEKKg2T.jpg,https://image.tmdb.org/t/p/w500/rNvn89IcEJPqRKxIgwTAPXl9qjJ.jpg
2692,19995.0,https://image.tmdb.org/t/p/w500/gKY6q7SjCkAU6FqvqWybDYgUKIF.jpg,https://image.tmdb.org/t/p/w500/vL5LR6WdxWPjLPFRLe133jXWsh5.jpg
2693,19997.0,https://image.tmdb.org/t/p/w500/wb9OBAiO3aUpY4UBkE07KscXSkA.jpg,https://image.tmdb.org/t/p/w500/ctUWlPJ0jLYkwyXjvofdQjtRdgu.jpg
2694,20009.0,https://image.tmdb.org/t/p/w500/g3xn7tRnGxVwwKc2tge7nPssywQ.jpg,https://image.tmdb.org/t/p/w500/pmwIaqu40catjSDQTlYSCAHBhzP.jpg
2695,20024.0,https://image.tmdb.org/t/p/w500/xTp5cyp6qG0YTdI4AEz4ytjODOQ.jpg,https://image.tmdb.org/t/p/w500/hO1UwCPxI5tpz21hzITij3DPwFY.jpg
2697,20065.0,https://image.tmdb.org/t/p/w500/n61vWKkNn1cq8p6a0foAqgrcAwu.jpg,https://image.tmdb.org/t/p/w500/ucE0spVwy08jej5YgCIKHoKiFJq.jpg
2698,20083.0,https://image.tmdb.org/t/p/w500/8zWliijoTsk3kUdUJpbjqWgV617.jpg,https://image.tmdb.org/t/p/w500/7JubXPFBKGpJ7mvpMJQ7M0s8DG7.jpg
2699,20156.0,https://image.tmdb.org/t/p/w500/pWcJdcIHjL3P6NaEJKeV6ONfAMV.jpg,https://image.tmdb.org/t/p/w500/sdgWn2YmR2h0HWFUGXmvbCerQCR.jpg
2700,20178.0,https://image.tmdb.org/t/p/w500/1ESsZLvZPIvbCPCh7CPCSnF4EeH.jpg,https://image.tmdb.org/t/p/w500/tsEVQYXcmvjbMlZO8q2ypRjaajR.jpg
2701,20296.0,https://image.tmdb.org/t/p/w500/dAGpuhiI3kbvc5SAmuf839iaUIe.jpg,https://image.tmdb.org/t/p/w500/cKo6UYuO9oqGw6loxAhotPdFJHL.jpg
2705,20352.0,https://image.tmdb.org/t/p/w500/b1BT309QWjtFUlJPLmXmrcHOWEL.jpg,https://image.tmdb.org/t/p/w500/2XSeKDmIa2KxaiJy4J9e8FrIZhk.jpg
2706,20360.0,https://image.tmdb.org/t/p/w500/dO0F66lM1jehIH5bsooKSbdz7xG.jpg,https://image.tmdb.org/t/p/w500/q7Yh6lLuH4wVdDJ2h8hgTXWPX7x.jpg
2707,20391.0,https://image.tmdb.org/t/p/w500/fwnYGuba3ZSM2bXwBZZs4DqqKTl.jpg,https://image.tmdb.org/t/p/w500/fhRurTei4K2T6dNeK3YxbGHuqmc.jpg
2708,20406.0,https://image.tmdb.org/t/p/w500/9VlOskJuRF0rCqFzoZnfsBf4PC2.jpg,
2709,20455.0,https://image.tmdb.org/t/p/w500/tiH1muonzAWzlLjPhjAcAYVAjzm.jpg,https://image.tmdb.org/t/p/w500/1ZFUt0LtYkF568iCkRXCScgBP5g.jpg
2710,20468.0,https://image.tmdb.org/t/p/w500/i7HjSujyV4PpIcTzhlNxNGvMiRJ.jpg,https://image.tmdb.org/t/p/w500/iLGS7I7tXgKfIOetvgwO8figNhh.jpg
2711,20483.0,https://image.tmdb.org/t/p/w500/vNZTtrzrIsIAHzqH3143oWIzFjG.jpg,https://image.tmdb.org/t/p/w500/pwvjMqOkjTqpCZOd6Gblw9kURoi.jpg
2712,20504.0,https://image.tmdb.org/t/p/w500/1H1y9ZiqNFaLgQiRDDZLA55PviW.jpg,https://image.tmdb.org/t/p/w500/aPrrrGtSjXbw8XnpzsVJgF0ioq3.jpg
2713,20520.0,https://image.tmdb.org/t/p/w500/7dHilrksaDBIVulSBduS1dsHXai.jpg,https://image.tmdb.org/t/p/w500/fBJ9gbA47YRz3OTjihselG1h79.jpg
2714,20526.0,https://image.tmdb.org/t/p/w500/xcO8Uun0mfmE3N9CaiCy0tvjpiu.jpg,https://image.tmdb.org/t/p/w500/uUa6jgSr5BQpcBhhaz1PV1JhSa4.jpg
2715,20533.0,https://image.tmdb.org/t/p/w500/xwAdu0lOO2Y5sXjK87glhJg3c6r.jpg,https://image.tmdb.org/t/p/w500/eY9Xp7OMrBKKJHT0mxaWbSyJHmj.jpg
2716,20542.0,https://image.tmdb.org/t/p/w500/wtk430tDLZ0Ql5jCUWCja8qJJQQ.jpg,https://image.tmdb.org/t/p/w500/phlfaINv7hOb7oCon3PHidPUHdF.jpg
2717,20616.0,https://image.tmdb.org/t/p/w500/mOAiqOivdVecMu0yhumN6pzDWmo.jpg,https://image.tmdb.org/t/p/w500/asYdN1eS7zvkEJVIQaYqQcqssj6.jpg
2718,20653.0,https://image.tmdb.org/t/p/w500/p2CBDCVzTPjnXaKXN21bEoPWBeQ.jpg,https://image.tmdb.org/t/p/w500/ei3Zc4thycgKtWqqEl78jVJGb5V.jpg
2721,20697.0,https://image.tmdb.org/t/p/w500/fRJNUXbeTte3MmpCqCRs53W7HIR.jpg,https://image.tmdb.org/t/p/w500/18BilRDZs1bi6AOo0CGiFtNV1sa.jpg
2722,20737.0,https://image.tmdb.org/t/p/w500/kDfzh6QdX2tseTwwyB7lp2RP7iE.jpg,https://image.tmdb.org/t/p/w500/tTUOXTIKnBLOaoNbelpWomPKdho.jpg
2723,20761.0,https://image.tmdb.org/t/p/w500/qSJl8pD17doJsAkou5mPvDogBQT.jpg,https://image.tmdb.org/t/p/w500/dgRVFKHRf1frNXtX2aDesBBES9t.jpg
2724,20763.0,https://image.tmdb.org/t/p/w500/nQjCKrwWYH6ES0HrnkLkPXnOEp0.jpg,https://image.tmdb.org/t/p/w500/qupyOOes39BBlCtgvH77vgGVpA1.jpg
2725,20764.0,https://image.tmdb.org/t/p/w500/kFXQ4oMJkXAWjyo7Tr5GrLjmk61.jpg,https://image.tmdb.org/t/p/w500/kfBhgDnMzo050dJJq1NqDwWmAzf.jpg
2726,20766.0,https://image.tmdb.org/t/p/w500/qLaXnLzqleBWQtjvZ6JGVSaKoC3.jpg,https://image.tmdb.org/t/p/w500/6188iOmUAitGThYUjyx20fO4LJd.jpg
2727,20770.0,https://image.tmdb.org/t/p/w500/8huDg3Q0EmcWuN9HgYsO8ylAp9f.jpg,https://image.tmdb.org/t/p/w500/f4ZgIaMpOWd6rewhCfoIIMqWquh.jpg
2728,20794.0,https://image.tmdb.org/t/p/w500/6ZVFepWKzYho4DLhyFVuRk7klZ1.jpg,https://image.tmdb.org/t/p/w500/5MY2YaCyd2Yqt2gNMby7ptdQbrO.jpg
2729,20829.0,https://image.tmdb.org/t/p/w500/gEYKD5cWCBGg8Za3hhwDBk3gEsP.jpg,https://image.tmdb.org/t/p/w500/j8rrinSi8z5cN5XkzlfIOZCMFV9.jpg
2730,20856.0,https://image.tmdb.org/t/p/w500/bb8ym5zSRGmhNx3gyDnzSN2waS4.jpg,https://image.tmdb.org/t/p/w500/s78mmP6T0Jn23Jgu4KYXbcFe6HJ.jpg
2731,20857.0,https://image.tmdb.org/t/p/w500/9RMcwwnK8a9WCt8dVlwmtNsFCg3.jpg,https://image.tmdb.org/t/p/w500/oONWvm6kBDVXakj8aELlTohpkUT.jpg
2732,20862.0,https://image.tmdb.org/t/p/w500/dZ6smtO2cEm3nxVhWscYfKS0mYX.jpg,https://image.tmdb.org/t/p/w500/5MvH0D3aGYRM9KeQL3Xtl853UyB.jpg
2733,20943.0,https://image.tmdb.org/t/p/w500/2rq96Ihbqb1eU3TEBVtgFlqbeX7.jpg,https://image.tmdb.org/t/p/w500/wawOB6twz3K0vAsjGnZc6fTghFM.jpg
2734,20981.0,https://image.tmdb.org/t/p/w500/dCrOkzrWs8ux31oVCc1R8tt6zTC.jpg,https://image.tmdb.org/t/p/w500/bH0HBG088hmtPutVaUpjpOvZw8f.jpg
2735,21014.0,https://image.tmdb.org/t/p/w500/bYp81rOQZEoFfDMX6xqRU1x3R7M.jpg,https://image.tmdb.org/t/p/w500/4pTKjspho5UBQ23zegs5MG6epbB.jpg
2736,21074.0,https://image.tmdb.org/t/p/w500/fOi0il1YvBj0d6wE5OyGIqMPV4S.jpg,https://image.tmdb.org/t/p/w500/a4DAiEJj7TU50l4jy6sFUTQjF8x.jpg
2737,21208.0,https://image.tmdb.org/t/p/w500/lCGpOgoTOGLtZnBiGY9HRg5Xnjd.jpg,https://image.tmdb.org/t/p/w500/hHlFspcHTLGFo8BwOSCsX9eHtbY.jpg
2738,21283.0,https://image.tmdb.org/t/p/w500/wkBSpDIRqKU46rb6cUICx8xxPm1.jpg,https://image.tmdb.org/t/p/w500/n2acIhuH0niLAfp14Rz3XZxtMiZ.jpg
2739,21301.0,https://image.tmdb.org/t/p/w500/n4sOe401udZJWJEOvKvSs3peZcB.jpg,https://image.tmdb.org/t/p/w500/pGlgLhYBBiPerXXgERqsEKn7VlP.jpg
2740,21309.0,https://image.tmdb.org/t/p/w500/bT68aKa9d7zDF7Z8MaskbWBRqzb.jpg,https://image.tmdb.org/t/p/w500/rQehKh69FjD7m4uAlXab0JGCWZT.jpg
2741,21311.0,https://image.tmdb.org/t/p/w500/kuDIrcsUI0duLSTUgKKLKEiEdrK.jpg,https://image.tmdb.org/t/p/w500/iLByx9FInCiEptsOqqePG32w2UT.jpg
2742,21334.0,https://image.tmdb.org/t/p/w500/jWqh1CJWAEcxckMRrf6ARhIEh0R.jpg,https://image.tmdb.org/t/p/w500/9W250lyDDC3P9AgW5ZKGRj7R2Pv.jpg
2743,21338.0,https://image.tmdb.org/t/p/w500/4nW7wZKKjzZ5zriDfIjpJcZIyZS.jpg,https://image.tmdb.org/t/p/w500/lm3kcXEV6Q71QTNDBIITamoTR1A.jpg
2744,21345.0,https://image.tmdb.org/t/p/w500/xY6OUM2aRCmmq1ySTg2eu5rVmcq.jpg,https://image.tmdb.org/t/p/w500/bUxiZrkdLbDAV89ICbKNsuvnfu4.jpg
2745,21349.0,https://image.tmdb.org/t/p/w500/2DNtxmXkotuaJexU57geTLIPnQf.jpg,https://image.tmdb.org/t/p/w500/n03FL1Ia88Jq2nV7fz4AJE9utw0.jpg
2746,21355.0,https://image.tmdb.org/t/p/w500/6E4E7wYXw1DE2321F2hVNryLSk7.jpg,https://image.tmdb.org/t/p/w500/7U6WJ0qri2sACtcGa0wEpM9eAM1.jpg
2748,21461.0,https://image.tmdb.org/t/p/w500/lgSn1tXDstMXSHJYkSibKkHqW8y.jpg,https://image.tmdb.org/t/p/w500/urxONLFFBKFWzsxLcvUaRgo4v4M.jpg
2749,21494.0,https://image.tmdb.org/t/p/w500/3nfp9JCCzt1QlRhEzQfz5EkjLYn.jpg,https://image.tmdb.org/t/p/w500/9t328N5MiH6QgCkeEswUi5WSA3o.jpg
2750,21512.0,https://image.tmdb.org/t/p/w500/ykdEyq2GCKRr8TsUBuVkRWuWkLj.jpg,https://image.tmdb.org/t/p/w500/4SHACXdVAxg464kuRuqxurDAUl5.jpg
2751,21525.0,https://image.tmdb.org/t/p/w500/dGJxjq8npqFZtuAtGsyjntip7uh.jpg,https://image.tmdb.org/t/p/w500/7J1uNQ2pGvHMzXzD2uePRUBI63m.jpg
2752,21610.0,https://image.tmdb.org/t/p/w500/2QgpCgOmlgvOPMMC0OrgCv5EKIf.jpg,https://image.tmdb.org/t/p/w500/ivc30gIDwLfAJLNDqjiVpX9Cn62.jpg
2753,21612.0,https://image.tmdb.org/t/p/w500/sHbJbr6BvVwRJhliiX1PKPERejO.jpg,https://image.tmdb.org/t/p/w500/3ON157Dt5FfwOl9LF3tCxVEdKSJ.jpg
2754,21641.0,https://image.tmdb.org/t/p/w500/ftlbCma6QoRiZgiflVmLuPKHrkq.jpg,https://image.tmdb.org/t/p/w500/cw8z9H963CtcqchtEEzqs3Ls1wC.jpg
2755,21724.0,https://image.tmdb.org/t/p/w500/qqaM8jQhALhULwvm3eEepkBTQHJ.jpg,https://image.tmdb.org/t/p/w500/yTg0O6dYknEp3yPDnsI1jp4Aj8T.jpg
2756,21755.0,https://image.tmdb.org/t/p/w500/xIz8iwzyjgWGzcIwHKpqhBs77ML.jpg,https://image.tmdb.org/t/p/w500/pPoaq7dEGA2xP1FNXTCECRuG4JS.jpg
2758,21801.0,https://image.tmdb.org/t/p/w500/menXGjXgiEaawdOUlxWI1youK6Q.jpg,https://image.tmdb.org/t/p/w500/3B21dTZ5T1CaUoXl8KTjBEXrAfz.jpg
2759,21972.0,https://image.tmdb.org/t/p/w500/9HSaQmu1QwzvUE7R97RGoDqjTv5.jpg,https://image.tmdb.org/t/p/w500/lh0uM88KjXsmRzWXUGAGWJ0AOJR.jpg
2760,11893.0,https://image.tmdb.org/t/p/w500/yEvMuhIdwPhhEtikAihxUTM1u75.jpg,https://image.tmdb.org/t/p/w500/9GHsA3bt6MYW7Cpur91GeVBQKIC.jpg
2762,22051.0,https://image.tmdb.org/t/p/w500/sSN5ec7llAzv0Up7wAQ9qeOM0lS.jpg,https://image.tmdb.org/t/p/w500/qTlWKxm3HP3i97CiUQEdpXPDZKr.jpg
2764,22102.0,https://image.tmdb.org/t/p/w500/2HOzh7t2THdZ3r9BaDucEjfzLlL.jpg,https://image.tmdb.org/t/p/w500/qL3ENRNsgygM3Z0ACV7lrU54kVz.jpg
2765,22215.0,https://image.tmdb.org/t/p/w500/b35rv11ebJdqCe5chVmSUZ0RIlX.jpg,https://image.tmdb.org/t/p/w500/xaHEopBVf5BZCrHiSdzvYgA3vdj.jpg
2767,22267.0,https://image.tmdb.org/t/p/w500/pH3J5IUzho4ZVaRuTuErzqHHovb.jpg,https://image.tmdb.org/t/p/w500/yBkZyxzIl46PVgFEDsTCtoGd5F4.jpg
2768,22301.0,https://image.tmdb.org/t/p/w500/vt6zF55B9WLzYENs6cuXy8J5o1X.jpg,https://image.tmdb.org/t/p/w500/wZeh4Pa9NXtvgyIngIOIS9j2C3S.jpg
2769,22314.0,https://image.tmdb.org/t/p/w500/mYteXffai9mmShyGCa4nPhfGCLQ.jpg,https://image.tmdb.org/t/p/w500/um2OI4jCk5edWnyGtoMc43gJJuc.jpg
2770,22327.0,https://image.tmdb.org/t/p/w500/3J48x7Utjx0sdYIvjsMWnlEbxpV.jpg,https://image.tmdb.org/t/p/w500/gcRl1gl8EOEoniQWgz6LPwwlmrD.jpg
2771,22345.0,https://image.tmdb.org/t/p/w500/7zvPhjHkz5YEMUMPyvANCR96RJA.jpg,https://image.tmdb.org/t/p/w500/ywSzDrauG6R52H2zg0HkrPRgvYE.jpg
2772,22479.0,https://image.tmdb.org/t/p/w500/deD8SAbQYGvzcpRr50HUb9uj8xJ.jpg,https://image.tmdb.org/t/p/w500/caeaH63bqRSwz2BvDbZLf2srdNP.jpg
2773,22488.0,https://image.tmdb.org/t/p/w500/bnaJeSqEy4svDD0zaEdgoXtY4ug.jpg,https://image.tmdb.org/t/p/w500/seJviIIouYQOaGw048g5GysdiXO.jpg
2774,478072.0,https://image.tmdb.org/t/p/w500/taKk9fSaIWbVzhn0YPzEPQ2capW.jpg,
2775,22538.0,https://image.tmdb.org/t/p/w500/g5IoYeudx9XBEfwNL0fHvSckLBz.jpg,https://image.tmdb.org/t/p/w500/6R9nT6m8wmzayV5XOQq3TRA6yZw.jpg
2776,22556.0,https://image.tmdb.org/t/p/w500/nYX4UmT6sIQFjPReliYFZ2IuGCj.jpg,https://image.tmdb.org/t/p/w500/61dL0WBCEEwrG0U237OdyEPS4Ud.jpg
2777,22597.0,https://image.tmdb.org/t/p/w500/g9bqbopRZYy5Z2137zFoFQRXVEW.jpg,https://image.tmdb.org/t/p/w500/bu8Ixqtg7vx1L0UlnV5sekYXizU.jpg
2778,22600.0,https://image.tmdb.org/t/p/w500/fVmlqgIyHjEsONDcaFiP8jBdqvU.jpg,https://image.tmdb.org/t/p/w500/wtwE7rNLVVpo2QHCHdv0ILVnYFg.jpg
2779,22617.0,https://image.tmdb.org/t/p/w500/6qhSssp1RT3IU53OkomdpJsyJ0D.jpg,https://image.tmdb.org/t/p/w500/W3WJlXspYPRXfXwWuSuCg3reUd.jpg
2780,22649.0,https://image.tmdb.org/t/p/w500/eNmPByGZJqlp60nCZRhsAlVAb3F.jpg,https://image.tmdb.org/t/p/w500/ek1883HwUWzFliDaE6FAmJ8XoXi.jpg
2781,22787.0,https://image.tmdb.org/t/p/w500/kkXXA3353MX60B8PRSkTGRabxXu.jpg,https://image.tmdb.org/t/p/w500/18uabdgGRxX4bJr3i6Zon7EXGlA.jpg
2782,22794.0,https://image.tmdb.org/t/p/w500/qhOhIKf7QEyQ5dMrRUqs5eTX1Oq.jpg,https://image.tmdb.org/t/p/w500/doNIj6jX27hhfcbD6GEb22ydLSF.jpg
2783,22796.0,https://image.tmdb.org/t/p/w500/vRJcV9l3tLFoUWZel9RikS3nfJ6.jpg,https://image.tmdb.org/t/p/w500/woldnmHWqYpUYoGzTQkiXtaLQxT.jpg
2784,22798.0,https://image.tmdb.org/t/p/w500/iRUviw0Dxs0FZI1IcSDYFX02i8s.jpg,https://image.tmdb.org/t/p/w500/9kMaKIhwkRuDSfShep5dVxiezgT.jpg
2785,22803.0,https://image.tmdb.org/t/p/w500/fcEXcip7v0O1ndV4VUdFqJSqbOg.jpg,https://image.tmdb.org/t/p/w500/nazre7z7MoUwAqimnrSlMlfLR5t.jpg
2786,22804.0,https://image.tmdb.org/t/p/w500/9JtluosCbioSXJSABZByaODyPpa.jpg,https://image.tmdb.org/t/p/w500/gqR59DjJGr6i8mxRD1VfOzCueTI.jpg
2788,22820.0,https://image.tmdb.org/t/p/w500/eRnUC60trqoRZuAtM8M3gOFT6ED.jpg,https://image.tmdb.org/t/p/w500/ypEJQtPUsqb4oD4Z3qpbDfwekup.jpg
2789,22821.0,https://image.tmdb.org/t/p/w500/jFHtFInp3tYIBxkwWMfNJf1RBZW.jpg,https://image.tmdb.org/t/p/w500/tEtkqU4k7i3axhWRTn48q1pEo5o.jpg
2790,22824.0,https://image.tmdb.org/t/p/w500/vfnsGUwurUQqlpvArBvUVc9rYXa.jpg,https://image.tmdb.org/t/p/w500/4Ue8De8AXVrSWvFQMzmoJQn4Pxe.jpg
2791,22825.0,https://image.tmdb.org/t/p/w500/xMAmOu6xl4CsstixcuecBle9krd.jpg,https://image.tmdb.org/t/p/w500/kjVhc1Ba9dFhgsdzQLGKrUbfe1q.jpg
2792,22832.0,https://image.tmdb.org/t/p/w500/ipJ4mgqse6uoTRsDyU3TXmva1rt.jpg,https://image.tmdb.org/t/p/w500/44Yi72Ut3NchXewQzx814ViE2dy.jpg
2794,22894.0,https://image.tmdb.org/t/p/w500/ykocDqwg5PRUopnBVb1x1DWnEJF.jpg,https://image.tmdb.org/t/p/w500/7HzdWt7Rz3VeoHk5QEBEZaa0m1S.jpg
2795,22897.0,https://image.tmdb.org/t/p/w500/bmjPrJgrGENFRrERP7lCJ9FGIVB.jpg,https://image.tmdb.org/t/p/w500/vp0Hy2M1Y0cmf8sEhoRBgjxyPYy.jpg
2797,22908.0,https://image.tmdb.org/t/p/w500/gLpv2UUf5We4sXDKdo11aFfnKgw.jpg,https://image.tmdb.org/t/p/w500/uztdTUkWckVTrjQLWPE5YOttbxY.jpg
2799,22947.0,https://image.tmdb.org/t/p/w500/useGH8nfwlaHK44IWEZdUYJOE2N.jpg,https://image.tmdb.org/t/p/w500/yTweHAwEokqAgZg1Io8e0zCJQvt.jpg
2800,22949.0,https://image.tmdb.org/t/p/w500/u056hk3at4ukf9DWASVjogXyZfn.jpg,https://image.tmdb.org/t/p/w500/q11l98jbETEsPHp5PYf34mcA30o.jpg
2801,22954.0,https://image.tmdb.org/t/p/w500/runuhBAAX7PmdjGhqRKCyl4bh7z.jpg,https://image.tmdb.org/t/p/w500/vHwrJiFc74Lb8D0Trvdc0v04gRK.jpg
2802,22970.0,https://image.tmdb.org/t/p/w500/zZZe5wn0udlhMtdlDjN4NB72R6e.jpg,https://image.tmdb.org/t/p/w500/wJffMiCnrszaNclKggGixYWB7D7.jpg
2803,22971.0,https://image.tmdb.org/t/p/w500/2lAPv2jQ5eh54l4EttA9wjDljED.jpg,https://image.tmdb.org/t/p/w500/bIzhIEW1zOmoGyx8qWQx4u3avWo.jpg
2804,22972.0,https://image.tmdb.org/t/p/w500/czFIaeukSxNEccysQeys1PCkuOG.jpg,https://image.tmdb.org/t/p/w500/3EE9h3xYxIastf5xVLbezH3eGps.jpg
2805,23048.0,https://image.tmdb.org/t/p/w500/wjzbVXAes1acbh6k4OO5xVfy5.jpg,https://image.tmdb.org/t/p/w500/wwzuxanisjA7GhZOPYaWlfmlCKY.jpg
2806,23049.0,https://image.tmdb.org/t/p/w500/f695mVyU0LyBb99rx7zkrtFcpxR.jpg,https://image.tmdb.org/t/p/w500/4s0AurNfsPuC0M6RdPk12trhb6W.jpg
2807,23069.0,https://image.tmdb.org/t/p/w500/aSowNmq4bZrmfazhQBePyNF8A2E.jpg,https://image.tmdb.org/t/p/w500/pJK178eWhEanZ6nrxdlNZmoktbK.jpg
2808,23082.0,https://image.tmdb.org/t/p/w500/clP8tDZeM9jgnqmu4VBClBDpLtS.jpg,https://image.tmdb.org/t/p/w500/8ZlxM5IYLtg2KnRl1IoS83mlxt0.jpg
2809,23168.0,https://image.tmdb.org/t/p/w500/3nf5gRs6XvHCTF96cfkbslKCx2H.jpg,https://image.tmdb.org/t/p/w500/owAe5rRStnX7ibVAPmza3NCXjCy.jpg
2810,23169.0,https://image.tmdb.org/t/p/w500/j7umuMiLCHvWT7wYhFKJOTFSokF.jpg,https://image.tmdb.org/t/p/w500/kbxk09QgBJfJjnp66ey3JCEshKf.jpg
2811,23172.0,https://image.tmdb.org/t/p/w500/nJJrceb2xHGIA0irADX0JvWSIHT.jpg,https://image.tmdb.org/t/p/w500/w7TUrUUo9pKcgY7PCdm2LK6XbZB.jpg
2812,23330.0,https://image.tmdb.org/t/p/w500/bEth8XAYaytjzxnHkLkj4nZx2XD.jpg,https://image.tmdb.org/t/p/w500/4WfwZ5QLbyQccaaTDsJLs1Mt3By.jpg
2813,23367.0,https://image.tmdb.org/t/p/w500/z654TmQygFasbyi52vwHv8fWxoi.jpg,https://image.tmdb.org/t/p/w500/5YSHbGte3wLCZLe3bVu5Pe9LlmZ.jpg
2815,23479.0,https://image.tmdb.org/t/p/w500/kJNXMni0ObOXLth6v9xpUhWbtrp.jpg,https://image.tmdb.org/t/p/w500/jsMViXpdIBm7HY6XkInbQ1PU1OC.jpg
2816,23483.0,https://image.tmdb.org/t/p/w500/iHMbrTHJwocsNvo5murCBw0CwTo.jpg,https://image.tmdb.org/t/p/w500/P4bGyJQF0shAcRku3I2perNUQR.jpg
2817,23531.0,https://image.tmdb.org/t/p/w500/jIVMqADXH1fEAlf8K19FoDZYh0U.jpg,https://image.tmdb.org/t/p/w500/pFc5f6OFxOg10y01Q0eJlphgIaB.jpg
2818,23570.0,https://image.tmdb.org/t/p/w500/zwHI9B3kcj3WqZoE2LaLDi6ZeAO.jpg,https://image.tmdb.org/t/p/w500/srCUjSUPXaMad9X3Zz3XlMBlS6A.jpg
2821,23631.0,https://image.tmdb.org/t/p/w500/dcPSm1rGEFdiEc7DaKz0t5kb66b.jpg,https://image.tmdb.org/t/p/w500/wbjoD8BN5W9VusuLJYdd7tWUxqh.jpg
2822,11688.0,https://image.tmdb.org/t/p/w500/wwbgkXQBEKtnyIJapk6gUgWkVw8.jpg,https://image.tmdb.org/t/p/w500/mZj8EUr6F1x2PWZjKPxaeYd5WRw.jpg
2825,23730.0,https://image.tmdb.org/t/p/w500/8BVw5RIDBTZwdMAR1VKpAkwrMjj.jpg,https://image.tmdb.org/t/p/w500/zY9ahWKd9wVgQ6Rj5iL2zo0UvOt.jpg
2826,23742.0,https://image.tmdb.org/t/p/w500/qA31i7FPVDHezuoevx3497CvZd4.jpg,https://image.tmdb.org/t/p/w500/p8ah01N83pfwrSmlJsUufEx5pGR.jpg
2827,23759.0,https://image.tmdb.org/t/p/w500/9ZdfrcP2QCqoRSk7JF06tDWtrhP.jpg,https://image.tmdb.org/t/p/w500/idcccRSENk7fv4aRMHo7BY6jHoo.jpg
2828,23827.0,https://image.tmdb.org/t/p/w500/tmclkEpjeo4Zu564gf3KrwIOuKw.jpg,https://image.tmdb.org/t/p/w500/wfCdJ0MD1hYJzlaHulolNw5pYtR.jpg
2829,23963.0,https://image.tmdb.org/t/p/w500/4wWMvurzg1AoArX57pqsPWwhps2.jpg,https://image.tmdb.org/t/p/w500/2VMuMLAThKwQoY09UVcXPz005js.jpg
2830,23988.0,https://image.tmdb.org/t/p/w500/qDlmKahejt0NoQzw65tnLayEhHZ.jpg,https://image.tmdb.org/t/p/w500/8K4E1Cniy5HRbpGO26lj5fYvZRf.jpg
2831,24021.0,https://image.tmdb.org/t/p/w500/dK4Gi1UdMiHzHc7r7CZQG4IQ9Sr.jpg,https://image.tmdb.org/t/p/w500/yiWfT2Bl1Nul3Xie39Ahs3FqSjA.jpg
2832,24034.0,https://image.tmdb.org/t/p/w500/3IiwOT4QF4beOOdCLbJxdw7xzH1.jpg,https://image.tmdb.org/t/p/w500/6amurqTJldc87U62057vJBX8Tup.jpg
2833,24055.0,https://image.tmdb.org/t/p/w500/fybmkedrXx02p7i6TZMl9sC5NvM.jpg,https://image.tmdb.org/t/p/w500/8RojHhWXVx4N8OPLeYMZqUoUhFI.jpg
2834,24066.0,https://image.tmdb.org/t/p/w500/5bUoL781c0YdWmqtcNWjbPATyAb.jpg,https://image.tmdb.org/t/p/w500/mZEsbQGrxuGbIsnGteaFVni5lQU.jpg
2835,24071.0,https://image.tmdb.org/t/p/w500/a2uqenG3BZICDrcrr49IZwoHA8Y.jpg,https://image.tmdb.org/t/p/w500/twcTqKRiAlK6g8CVKHQGOnmxkti.jpg
2836,24100.0,https://image.tmdb.org/t/p/w500/zBGfZGKX3KJnljxsX6r24lzRe0i.jpg,https://image.tmdb.org/t/p/w500/xiVZGT0kKT5wCy7VaYuf5rr6Fnu.jpg
2837,24113.0,https://image.tmdb.org/t/p/w500/4ckfJA1zqdXG7ttBqGZ2A91YHQs.jpg,https://image.tmdb.org/t/p/w500/hmKS6mItxewMUUgYMFl3M1fWJfB.jpg
2839,24137.0,https://image.tmdb.org/t/p/w500/Aac3Kw7qAszSotkTNle4bvu3uuH.jpg,https://image.tmdb.org/t/p/w500/ttAOV3BdJoPwYPExHw4dW4TN72P.jpg
2840,24150.0,https://image.tmdb.org/t/p/w500/vSHPM4LQDpWdQrD5KZWK6wNqSOD.jpg,https://image.tmdb.org/t/p/w500/mGHfOrb2MDOvgeFb4pQVeWH6adg.jpg
2841,24206.0,https://image.tmdb.org/t/p/w500/9ij2MMLgfEahM4H0gnYDBQ8B5Gs.jpg,https://image.tmdb.org/t/p/w500/2BpitM8sHyvcEXckBSwxQkQ5peZ.jpg
2842,24226.0,https://image.tmdb.org/t/p/w500/iYEuFP1bpj5yOenKliiRFcNO3VE.jpg,https://image.tmdb.org/t/p/w500/sgsW7aqUXg4jG2GcoLKotSvp807.jpg
2843,24227.0,https://image.tmdb.org/t/p/w500/4DzUkmxUAdlq993UpV0Cw5SiPH3.jpg,https://image.tmdb.org/t/p/w500/lGIe6Cpv9o3uKRutwFGyNkcx80o.jpg
2844,24264.0,https://image.tmdb.org/t/p/w500/g3MC1eYoW1Se9fQzCOZ5tfyMatl.jpg,https://image.tmdb.org/t/p/w500/bIgSbKHjCXEijKPwE0lJuXUWPiw.jpg
2845,24266.0,https://image.tmdb.org/t/p/w500/1alAfoJf7Pjn0QuwzO9wY7SLQCt.jpg,https://image.tmdb.org/t/p/w500/vlMzSehjjVmOsJzeMz4ef9y29sF.jpg
2847,24363.0,https://image.tmdb.org/t/p/w500/oVBMJQKHVTbXM8vEph3RhS4mKgr.jpg,https://image.tmdb.org/t/p/w500/98opTQ1UGgR1UVpOoLYVOh67JMK.jpg
2849,24420.0,https://image.tmdb.org/t/p/w500/J3ewuzQwhFro0pDpdcbZ4j7MYy.jpg,https://image.tmdb.org/t/p/w500/3B4DbexR2hXINqJN6LqhmmAaVeS.jpg
2850,24424.0,https://image.tmdb.org/t/p/w500/wA7rM6zoWqJDT9BG5Vj92WbEJEp.jpg,https://image.tmdb.org/t/p/w500/fCJq8HnsT3NrFNVqcGbbeapTZN.jpg
2851,24428.0,https://image.tmdb.org/t/p/w500/RYMX2wcKCBAr24UyPD7xwmjaTn.jpg,https://image.tmdb.org/t/p/w500/9BBTo63ANSmhC4e6r62OJFuK2GL.jpg
2852,24432.0,https://image.tmdb.org/t/p/w500/4Z7h8xDBxQADSPFGj7vmMN76ynX.jpg,https://image.tmdb.org/t/p/w500/jpA9AzH4A1pVvaAfLr7HsUNRYzX.jpg
2854,24469.0,https://image.tmdb.org/t/p/w500/rI3MKBDsWzQHi9PWDAMKkgmYcff.jpg,https://image.tmdb.org/t/p/w500/4VgiVdd2I3AktHkOpCeSjtP4t8b.jpg
2855,24575.0,https://image.tmdb.org/t/p/w500/XvukyvRCbkYKKv1TdtlyNxvzEl.jpg,https://image.tmdb.org/t/p/w500/k0mwvvXFvBAVTrlYf5D2sETXMHX.jpg
2856,24621.0,https://image.tmdb.org/t/p/w500/mdn6NwGZChgaSuWHQzYKYO1KBL6.jpg,https://image.tmdb.org/t/p/w500/sKhK29PiA4MVaZPyEhQmngyFaj5.jpg
2857,24662.0,https://image.tmdb.org/t/p/w500/6CrgfB0dNUsanaMWHTv0Y6AFeNd.jpg,https://image.tmdb.org/t/p/w500/lKdpaG0G9kXU1wXcZm21FLiyTTQ.jpg
2858,24663.0,https://image.tmdb.org/t/p/w500/oOy2b1oj3IZ7rbqvlgZImZCST8W.jpg,https://image.tmdb.org/t/p/w500/tuGBJ7VmB6MrXf5bc2ZhAE0HBgD.jpg
2861,24746.0,https://image.tmdb.org/t/p/w500/4Lo0pT1gnDAL4hTVMYLwpVWcqR1.jpg,https://image.tmdb.org/t/p/w500/bMPIc12GOP0PlOKNVwLmigEi3Dz.jpg
2862,24747.0,https://image.tmdb.org/t/p/w500/wzbV4jsCWZqOEAmyjjGemLNZbK7.jpg,https://image.tmdb.org/t/p/w500/1HgzSoXcRXt1OxnDZMw2KcqqTyr.jpg
2863,24748.0,https://image.tmdb.org/t/p/w500/A168bF52vmAIGkC2Qafj7M2EmaE.jpg,https://image.tmdb.org/t/p/w500/dlmROevxOVYtZXRUzt6DGJzl9BL.jpg
2864,24803.0,https://image.tmdb.org/t/p/w500/1QZNWOOwfRi86ZApGvr2TtJZPBK.jpg,https://image.tmdb.org/t/p/w500/1tWpsnSelznXfkdssCWQGgavRZM.jpg
2865,24869.0,https://image.tmdb.org/t/p/w500/9vYyX7c8gZtxuqd6SiRukRb4gRd.jpg,https://image.tmdb.org/t/p/w500/bDB9NAjkB1J7ab3lgydj75aLo7o.jpg
2866,24913.0,https://image.tmdb.org/t/p/w500/prNp2xFZXIE6IwO2uOnqwtdfRQI.jpg,https://image.tmdb.org/t/p/w500/lLxz3D3LBhyO3q9F0eBqSjepoD4.jpg
2867,24940.0,https://image.tmdb.org/t/p/w500/n5Ln7UmgKThD3QhPC6JS6WZgCXJ.jpg,https://image.tmdb.org/t/p/w500/wOEcgGdwvjtv2V12pqnStg0Y0dU.jpg
2868,24961.0,https://image.tmdb.org/t/p/w500/rgfB8hBRSwbEb0SK7pt9mW9jsyP.jpg,https://image.tmdb.org/t/p/w500/4CILG3fepXV2niGGp8XIJHDDOHZ.jpg
2869,24973.0,https://image.tmdb.org/t/p/w500/vYLY2YIGCWINPSzLg6tBiN6ub7X.jpg,https://image.tmdb.org/t/p/w500/4ifPpmTPKep4Q9CA2uFILpNrynM.jpg
2870,24977.0,https://image.tmdb.org/t/p/w500/z20ChkIl7zq7yOAIIJkDuUBV3x0.jpg,https://image.tmdb.org/t/p/w500/9GKrozBVZvSgMJq1XZsmzsatRLb.jpg
2871,24985.0,https://image.tmdb.org/t/p/w500/4zxVdxQoptVl7lShV7FJTMiKez5.jpg,https://image.tmdb.org/t/p/w500/jlSPQZ5t58ibJvdrvSHN5I2tNk1.jpg
2872,25066.0,https://image.tmdb.org/t/p/w500/glPNCcI7V8zTTI3BG0iIUJJcwXN.jpg,https://image.tmdb.org/t/p/w500/bfoOP1RN7N6FzF0MQYx3v5yi3WU.jpg
2873,25113.0,https://image.tmdb.org/t/p/w500/bNLuiBVpRYP28VCyyVEhxYBGhyl.jpg,https://image.tmdb.org/t/p/w500/EQoUAJltkAqWxNGdqSxgHYRuni.jpg
2874,25132.0,https://image.tmdb.org/t/p/w500/mgVuriiCXK1cGoXzZD7kO9w28DF.jpg,https://image.tmdb.org/t/p/w500/c9d0Mp6sWdneRp85etaW3jz6KMg.jpg
2877,25189.0,https://image.tmdb.org/t/p/w500/ekk8MKMp3tlJjcMuhOgKsMCRrvR.jpg,https://image.tmdb.org/t/p/w500/29f4MK68pkBwDzWWTmarrmzdrcn.jpg
2879,25196.0,https://image.tmdb.org/t/p/w500/zwao2YMsqf27IzNEtDNWSe0W9jH.jpg,https://image.tmdb.org/t/p/w500/v46Cqa8w2dS3beMLP2H2iEKf8M.jpg
2883,25248.0,https://image.tmdb.org/t/p/w500/3MdWgqUunIBWnc7mYi2dtZrD54Y.jpg,https://image.tmdb.org/t/p/w500/arrc5eDdvbtSE9mbdfRUKmAwtaW.jpg
2884,25312.0,https://image.tmdb.org/t/p/w500/70PQCYF3ExuKHqyieJhYV0GJg9H.jpg,https://image.tmdb.org/t/p/w500/eZiWpNvSb3qOTnYp6bxl9hkAHe.jpg
2885,25350.0,https://image.tmdb.org/t/p/w500/tHMgJGkovOFpHi2lnQ9xTrIaR7N.jpg,https://image.tmdb.org/t/p/w500/6qzpKiZ3XdKpg34GTNlLLeO8mv9.jpg
2886,25353.0,https://image.tmdb.org/t/p/w500/va4tC2RBC0uwpmq0cctruJmZgFs.jpg,https://image.tmdb.org/t/p/w500/Ak50LksxlxmXnaFt8C7TlQj7RQo.jpg
2887,25376.0,https://image.tmdb.org/t/p/w500/dkeAwfZzwL3WvToydE3CXiY80E0.jpg,https://image.tmdb.org/t/p/w500/zaANf06OtqDJr5saqp5ymEkDPsi.jpg
2888,25379.0,https://image.tmdb.org/t/p/w500/wuKQhiIrPPhY6DDOdYYrsWoVcK9.jpg,https://image.tmdb.org/t/p/w500/iSfEs4TSZ0ECPukWNPw5EoBws3A.jpg
2889,25388.0,https://image.tmdb.org/t/p/w500/jW21NrRlcrA4kucmD9hfnPbQEvL.jpg,https://image.tmdb.org/t/p/w500/ubKqQUGdZogAfbU6cgECRrVFuPa.jpg
2890,25428.0,https://image.tmdb.org/t/p/w500/eEHWma4acEcP0byL2a7h9MJxB57.jpg,https://image.tmdb.org/t/p/w500/4mB8E58UxT4Ds4TfiI69h9PEcN0.jpg
2891,25461.0,https://image.tmdb.org/t/p/w500/cMHMtMBca8VNxjYICc1WHK1Qqe5.jpg,https://image.tmdb.org/t/p/w500/zI2dRzIeRJtNwUalLTSg5OBmY4o.jpg
2893,25520.0,https://image.tmdb.org/t/p/w500/gCEboOrNXFmqE5pKUn42fTHZx8R.jpg,https://image.tmdb.org/t/p/w500/u85zf9uh1W92aGP8u8TwafiHGed.jpg
2894,25636.0,https://image.tmdb.org/t/p/w500/A2lVDbF1oTuCMlh69vLnqugWEAM.jpg,https://image.tmdb.org/t/p/w500/doYCHWCvXbst9vukstxxl3klBW7.jpg
2895,25643.0,https://image.tmdb.org/t/p/w500/ijRJlhAZ7QMkTIVAUkIY8stWfk1.jpg,https://image.tmdb.org/t/p/w500/efBP1knbiG3zGM6apxsURKSNT0I.jpg
2896,25678.0,https://image.tmdb.org/t/p/w500/4a4pASHNv68ZhfKJESekI2b6Dse.jpg,https://image.tmdb.org/t/p/w500/5sqKH74N4bux7e12GBetn9Y89ZD.jpg
2897,25704.0,https://image.tmdb.org/t/p/w500/yM1QcAtEGkzAM3HFznXj8kvjyDk.jpg,https://image.tmdb.org/t/p/w500/444xECWvFP8PtqQqKZFNHttf8nq.jpg
2898,25719.0,https://image.tmdb.org/t/p/w500/sBA1vTqjhKmtogB6PKQ3tOn2HNX.jpg,https://image.tmdb.org/t/p/w500/ldjjEZl2Ez6m32HAZJtfaF2aKGF.jpg
2899,25763.0,https://image.tmdb.org/t/p/w500/le6eG9xm7xmDWvnQIRK7prH5U69.jpg,https://image.tmdb.org/t/p/w500/eMMDskrOnepuahAilFZ1hKhkDXM.jpg
2900,25769.0,https://image.tmdb.org/t/p/w500/jxjnjHtHXgvjdhkwpelE9ZwVMg6.jpg,https://image.tmdb.org/t/p/w500/uYxAGovHS4mCGsIeSZCTtwOQ5Po.jpg
2901,25784.0,https://image.tmdb.org/t/p/w500/20QLLHVKEkkABlRf17e9jWYcibe.jpg,https://image.tmdb.org/t/p/w500/nPLfsTwfXlqHhwyFeFrlAGyXetR.jpg
2902,25786.0,https://image.tmdb.org/t/p/w500/hJwb18mOK68CJfREiNaBD0Xfrpn.jpg,https://image.tmdb.org/t/p/w500/oIQjxDpFs8YFfIFGZQcoYfxvfdQ.jpg
2903,25793.0,https://image.tmdb.org/t/p/w500/d4ltLIDbvZskSwbzXqi0Hfv5ma4.jpg,https://image.tmdb.org/t/p/w500/81ME78JndOYu7IluTi1rxh0cLY2.jpg
2904,25941.0,https://image.tmdb.org/t/p/w500/lk9qVzvPHuL2vX9ixNut9n0KfYD.jpg,https://image.tmdb.org/t/p/w500/7pZtTbxn8d6Blgcf4EUysdEu3bO.jpg
2905,25968.0,https://image.tmdb.org/t/p/w500/oUo9CNSKz4ELnxAh4l3BPcXcxKq.jpg,https://image.tmdb.org/t/p/w500/bh1YOzQ5HiJZ0yZFQIdYhFhznBr.jpg
2906,25975.0,https://image.tmdb.org/t/p/w500/19ChghJMN72BG9mQeDK0D209whF.jpg,https://image.tmdb.org/t/p/w500/x41xFrJvmD1mlEGwbIkdFUX3Cy0.jpg
2907,25983.0,https://image.tmdb.org/t/p/w500/4abKUbc9IbsndbaY1hacN1iPM0Y.jpg,https://image.tmdb.org/t/p/w500/7ruEP348zJuAPfR02D7lsJM3JKI.jpg
2909,26039.0,https://image.tmdb.org/t/p/w500/xvZc8EvB7tNPHM9VdmNA19EiwqU.jpg,https://image.tmdb.org/t/p/w500/sousyLLi3l14qho6gATKYX7pEyR.jpg
2910,26171.0,https://image.tmdb.org/t/p/w500/qnC4ypkpviWgp4aHsXvWym38v56.jpg,https://image.tmdb.org/t/p/w500/bJo0O0swYl7Dc51PR6AGWBXBdiY.jpg
2912,26306.0,https://image.tmdb.org/t/p/w500/3jtG9mgfiZRTRQf19BiUAY6QPN3.jpg,https://image.tmdb.org/t/p/w500/3c06ySbMeU6XiCWBgVNuqofTj1M.jpg
2913,26320.0,https://image.tmdb.org/t/p/w500/wIdyAJCvIj3QUoNmmDdnhXpCMpp.jpg,https://image.tmdb.org/t/p/w500/uhPAPblYLrp6UJXi0LdUHPTovkY.jpg
2914,26352.0,https://image.tmdb.org/t/p/w500/v5XUfLrdoGfatObGXhqckYTNqFT.jpg,https://image.tmdb.org/t/p/w500/sXjws2JQcuv2yrL5TVgrWSvEtyY.jpg
2915,26367.0,https://image.tmdb.org/t/p/w500/kl8RNyG7jokw2pTLJNwkPhsBAL9.jpg,https://image.tmdb.org/t/p/w500/nJjTb3PwG1s7DxMhFoW5BtrXgnx.jpg
2916,26371.0,https://image.tmdb.org/t/p/w500/8HhCyxxzoUqEBmVGK25Jq69LhVo.jpg,https://image.tmdb.org/t/p/w500/rN1OKiEp8gNQ9RB6GeZeqOqVsjk.jpg
2917,26379.0,https://image.tmdb.org/t/p/w500/vslu8ixLEceu5qM0CnXMl4mavY9.jpg,https://image.tmdb.org/t/p/w500/hQ9y5qJyo4MHbAyBz0jvouEMZdy.jpg
2918,26388.0,https://image.tmdb.org/t/p/w500/lQP2sZngXzjh3NDIWzo9OVK5YVh.jpg,https://image.tmdb.org/t/p/w500/ju2i7Is6T4d6u4abdgXsHYkcg2d.jpg
2919,26389.0,https://image.tmdb.org/t/p/w500/poVoLKLxUqsTLSntA40Po2F78dZ.jpg,https://image.tmdb.org/t/p/w500/fra7Gk8xHPWaY4g8p6ue0o2yKOJ.jpg
2920,26390.0,https://image.tmdb.org/t/p/w500/9ZyJJpMsc3bF8gduDaxo0zo1gwK.jpg,https://image.tmdb.org/t/p/w500/l2QlhHlggJEaPdgkfpTt0IA2mHT.jpg
2921,26428.0,https://image.tmdb.org/t/p/w500/1xsFa6I5vDd2UI1AJ1tsW7BUChv.jpg,https://image.tmdb.org/t/p/w500/bdms9QMM4y6NBKIvXDINsKnK0Fj.jpg
2922,26466.0,https://image.tmdb.org/t/p/w500/cRlMrbc4Iof7vN0ZqHwJnMBYBLi.jpg,https://image.tmdb.org/t/p/w500/rlVpm5r7vZYyU9JHWf9UGOVDo5M.jpg
2923,26486.0,https://image.tmdb.org/t/p/w500/2Rm4xsJnrZaZL0qPO2wBP5MJJpE.jpg,https://image.tmdb.org/t/p/w500/kRf7A2p3GudecHPFPwfEsenkP1L.jpg
2924,26518.0,https://image.tmdb.org/t/p/w500/AdFKZOf0LtPpGq8be9T8qsNHTbs.jpg,https://image.tmdb.org/t/p/w500/t9lOz9dFflcHo3QjdtDND6cKGnF.jpg
2925,26602.0,https://image.tmdb.org/t/p/w500/hMp5Iev56BUu3xJGpAeCCPC1ZwY.jpg,https://image.tmdb.org/t/p/w500/5HgxyieEFHyke2aVpwKfQXTHmcB.jpg
2926,26618.0,https://image.tmdb.org/t/p/w500/6cxoftMuiwcQ9xzXfvGWAQfWUmK.jpg,https://image.tmdb.org/t/p/w500/brB272BzxcuTG5NdTRcjNEqAb3A.jpg
2927,26665.0,https://image.tmdb.org/t/p/w500/yjDBeAxrXXd4kt4DpTbjHsmtukk.jpg,https://image.tmdb.org/t/p/w500/177bT09OBoPZ0ZN1yqtQfbrqgq9.jpg
2928,26672.0,https://image.tmdb.org/t/p/w500/3OKtFuTxahr7hokPB9aO38qgOfc.jpg,https://image.tmdb.org/t/p/w500/3fOfUkZGZJ7GVczIcPV0MdMFqkv.jpg
2929,26673.0,https://image.tmdb.org/t/p/w500/tBevHrPcJOlDVLsIpWU5N7Rskox.jpg,https://image.tmdb.org/t/p/w500/v2cASxMb6MV2siGsACvRE6y8WSl.jpg
2930,26688.0,https://image.tmdb.org/t/p/w500/voIQd9TDplumz9wInHwj6bRyHnu.jpg,https://image.tmdb.org/t/p/w500/dLBfFtjAumrkOs0DdWMZnZBAmrR.jpg
2931,26710.0,https://image.tmdb.org/t/p/w500/lah4ZvLmjxwF8Pa1UHIm3u2xNuR.jpg,https://image.tmdb.org/t/p/w500/fCKdK97yRUc7ek1MS7SxKYgkmee.jpg
2932,26748.0,https://image.tmdb.org/t/p/w500/lBxY8znsRoqa9Dy2NCe8I6GPsRm.jpg,https://image.tmdb.org/t/p/w500/vsxo1dkhRHd9YT9Um5IaxvnF8Yt.jpg
2934,26815.0,https://image.tmdb.org/t/p/w500/3Z8lLFzPOBfOO4w3CykRaCeh9h.jpg,https://image.tmdb.org/t/p/w500/bQk9Z0cj9OXB56sESStXVQgGKHC.jpg
2935,26837.0,https://image.tmdb.org/t/p/w500/kgPoFMvfrvNBT0HQtqZ5vcMzT.jpg,https://image.tmdb.org/t/p/w500/wE87f2Ls5te6BJcxGkZPFEmfiEu.jpg
2936,26843.0,https://image.tmdb.org/t/p/w500/xm7CKN5mo09RNAcL1IP1xmJ5avT.jpg,https://image.tmdb.org/t/p/w500/6hCRE8o7yy0UQkt46NYaB6p9aNY.jpg
2937,26899.0,https://image.tmdb.org/t/p/w500/daxDdN3vBBqx8KuOXNHBtu9QcbQ.jpg,https://image.tmdb.org/t/p/w500/1CDAkjz6QDTwOXxCMeC3N7Fhdtm.jpg
2938,26916.0,https://image.tmdb.org/t/p/w500/cszKiUooItVoSQPKz9k8LkJIyRj.jpg,
2939,26963.0,https://image.tmdb.org/t/p/w500/vBymyj7QsXiW4TICD2JC5pAuBHO.jpg,https://image.tmdb.org/t/p/w500/740KCabjLKjsrxvEakmmJtDtAGY.jpg
2940,27004.0,https://image.tmdb.org/t/p/w500/e5B7nG6xREL6lNnS34ZoAvXbB9l.jpg,https://image.tmdb.org/t/p/w500/td9f8E6W8Z2HnmmU69tT7ZHwK5F.jpg
2941,27022.0,https://image.tmdb.org/t/p/w500/b5pIUsGll0418NyfNA5eYCI9aoK.jpg,https://image.tmdb.org/t/p/w500/mtrfLUfUoQunolDhmQy0GfbRclC.jpg
2942,27023.0,https://image.tmdb.org/t/p/w500/fFW0KMESYWfI74UAZ5gc3Ct8MBI.jpg,https://image.tmdb.org/t/p/w500/x78O0A1rrLswKWU2ulRw070aft3.jpg
2943,27029.0,https://image.tmdb.org/t/p/w500/4vNWFhPyjTehPpZsvTnTywwXSiF.jpg,https://image.tmdb.org/t/p/w500/nHcXQKWnnk7VEAg9WbGjL3OpZXG.jpg
2944,27191.0,https://image.tmdb.org/t/p/w500/cKI0yGPRh1IlvRKKJRoMZruior8.jpg,https://image.tmdb.org/t/p/w500/y22C1YyK8YXjU8LHoyA06MclOs6.jpg
2945,27205.0,https://image.tmdb.org/t/p/w500/xlaY2zyzMfkhk0HSC5VUwzoZPU1.jpg,https://image.tmdb.org/t/p/w500/ii8QGacT3MXESqBckQlyrATY0lT.jpg
2946,27322.0,https://image.tmdb.org/t/p/w500/iuwimPkDm7kfptKm5zlK0pIzqXM.jpg,https://image.tmdb.org/t/p/w500/jWiFvzwhZButMGSUICOXUQppAmE.jpg
2948,27342.0,https://image.tmdb.org/t/p/w500/uA32G48OnKutmWdifMSi9hp2jed.jpg,https://image.tmdb.org/t/p/w500/uPeLGj9psrkOvvfsgn3isLnZHuJ.jpg
2949,27360.0,https://image.tmdb.org/t/p/w500/lH8Nugl7DnMaMHfOChEFNXXQ3zX.jpg,https://image.tmdb.org/t/p/w500/kCeNbVy6Y8lhvgr6o71M8Iabw3W.jpg
2950,27374.0,https://image.tmdb.org/t/p/w500/g0zCELYfBfSv8TOGC13buABVN53.jpg,https://image.tmdb.org/t/p/w500/5eaS62YjA5Z7WPcf4quyZa5VpeO.jpg
2951,27380.0,https://image.tmdb.org/t/p/w500/hX5p2thHjpARwAs6MvBlrrvwutL.jpg,https://image.tmdb.org/t/p/w500/b3Yne4Ir8WSx4yQUgs2WU6NZ8j9.jpg
2952,27404.0,https://image.tmdb.org/t/p/w500/xPmQ4BCANMoiS7bvQU5wdFFqsUR.jpg,https://image.tmdb.org/t/p/w500/2NzPJJ3rEUv1gOEJmb12RaRHYB3.jpg
2953,27420.0,https://image.tmdb.org/t/p/w500/bbNtkM0oFTCnFfblOzeEuaDUaZB.jpg,https://image.tmdb.org/t/p/w500/uljOSSLD1HomW4pmMNYDhp66gxS.jpg
2954,27451.0,https://image.tmdb.org/t/p/w500/vxZG1UXh8gA3nYmrPNUWCHGGBFn.jpg,https://image.tmdb.org/t/p/w500/yap1xGljc2mED8Upk4NYy3f1r7F.jpg
2955,27455.0,https://image.tmdb.org/t/p/w500/bCBsJyLnZbnlfwooB5733LLXF24.jpg,
2957,27551.0,https://image.tmdb.org/t/p/w500/dYr9p8YOOw5gERVpg8cJHA5PsnY.jpg,https://image.tmdb.org/t/p/w500/z2aPUvFw6Ge8huY9YYC60icToGV.jpg
2958,27569.0,https://image.tmdb.org/t/p/w500/bmBCMoCc6OdINBOC7P6pOIs1MuO.jpg,https://image.tmdb.org/t/p/w500/o2AFwD4v62296mxkF74EMYL6P7j.jpg
2959,27573.0,https://image.tmdb.org/t/p/w500/fJPKar0jnAsS09l3xfP6LL8sUkX.jpg,https://image.tmdb.org/t/p/w500/zoBpc8yHzZMpOyFiiMP1iKSZzwH.jpg
2961,27578.0,https://image.tmdb.org/t/p/w500/j09ZkH6R4JWVylBcDai1laCmGw7.jpg,https://image.tmdb.org/t/p/w500/yBv9RxlWPXRCvjMFsrmB1pxwWo6.jpg
2962,27579.0,https://image.tmdb.org/t/p/w500/5OEOsRaBsSxD0qBtAhus0iKDzr.jpg,https://image.tmdb.org/t/p/w500/tjdjDn10yDK5R7b6HdwtTASqwmE.jpg
2963,27581.0,https://image.tmdb.org/t/p/w500/wNEHNqo3MgHmj3BUiPSqqq5czcm.jpg,https://image.tmdb.org/t/p/w500/nHyri67CN6juBR6hmOefCn9oGf8.jpg
2964,27582.0,https://image.tmdb.org/t/p/w500/k37axEHszFP9WOVvbozxF0r7X7g.jpg,https://image.tmdb.org/t/p/w500/dYb6kgvoGjUH59n2uB4eV9xqmKR.jpg
2966,27586.0,https://image.tmdb.org/t/p/w500/byeTXKg9paqiFQbtfI28FOIhebg.jpg,https://image.tmdb.org/t/p/w500/jW0qxSKoyeyPnEov9nZZeiybwt.jpg
2967,27588.0,https://image.tmdb.org/t/p/w500/jDux50AIllCTIeAwg8wJ32oN1EE.jpg,https://image.tmdb.org/t/p/w500/jcFXDAJ2LkgNPQHD873U0YDIPBK.jpg
2968,27686.0,https://image.tmdb.org/t/p/w500/cmy55K7Qs1WQeGPksHBphjyjh3b.jpg,https://image.tmdb.org/t/p/w500/kjsFrj41Egk1kf5Z9lPoTS4GGnL.jpg
2969,27723.0,https://image.tmdb.org/t/p/w500/28mzKFDyVzMVx9nhDrJQ3G2H7It.jpg,https://image.tmdb.org/t/p/w500/gz0OkZ2f6h0yXG2tZgD8kamv9Se.jpg
2970,27759.0,https://image.tmdb.org/t/p/w500/uR0xaqmqlbhatf9014mHuwV1Uly.jpg,https://image.tmdb.org/t/p/w500/vqO2z6pr7R6dIsGbqmtTvaSi4qS.jpg
2971,27845.0,https://image.tmdb.org/t/p/w500/2DtoVhI9RkArGbzkvctGxY578QN.jpg,https://image.tmdb.org/t/p/w500/4aXe78YsL7TWtoVZXO5DTnn9AAR.jpg
2972,27936.0,https://image.tmdb.org/t/p/w500/yiqooJWNDEVsp8lbdTrTBvLAk0m.jpg,https://image.tmdb.org/t/p/w500/awhWLCEmA4Suxf3po9xXAGDwzZY.jpg
2973,27983.0,https://image.tmdb.org/t/p/w500/ejbrAFkAHP5W5mzI8wA0zUTcDdg.jpg,https://image.tmdb.org/t/p/w500/6EEbNkExTwbYnxVw1xY3ammTGxm.jpg
2974,27995.0,https://image.tmdb.org/t/p/w500/qiJuXvPONqTSSnzhbCBqE7EotV.jpg,https://image.tmdb.org/t/p/w500/aqUYYwKMNRzmqvkBvNM1gqRerb1.jpg
2975,28005.0,https://image.tmdb.org/t/p/w500/kUaWgLrI7HqpPqPxgR54wSGokCV.jpg,https://image.tmdb.org/t/p/w500/gftDU03xnFig2yrNYrNFPCBMQZC.jpg
2976,28029.0,https://image.tmdb.org/t/p/w500/6aNMyAP82sDoVFmopFzGDWeVVne.jpg,https://image.tmdb.org/t/p/w500/x7vXdeO3S3pTfwlkhyAOKNQLij5.jpg
2977,28053.0,https://image.tmdb.org/t/p/w500/t7LJY2LCcGRLP9E4QbwBkLpZ2W7.jpg,https://image.tmdb.org/t/p/w500/vy0vzHqPF4PsEip4IF4zwhKNy4P.jpg
2978,28089.0,https://image.tmdb.org/t/p/w500/p4fJyH7mMbasiFYwiw2nE7D6pMY.jpg,https://image.tmdb.org/t/p/w500/1AoLBTknFVs7n9ieTLAqZe1LwWg.jpg
2982,28211.0,https://image.tmdb.org/t/p/w500/5baJdmw62obFQX9j5vnwbrFtBdr.jpg,https://image.tmdb.org/t/p/w500/yo7rPvwjHHYDM1bw4OgTZJY6QYP.jpg
2983,28260.0,https://image.tmdb.org/t/p/w500/lu4Eit7pR5I8hGHJmy3K9Re8FPo.jpg,https://image.tmdb.org/t/p/w500/gB6TPrzf8PwKFdkFuEQuKgG8Xyr.jpg
2984,28353.0,https://image.tmdb.org/t/p/w500/1BFKMh1ogtWzGOjKTzxCD2tG0K3.jpg,https://image.tmdb.org/t/p/w500/xWtXjQn6YfqI4Oaz30UajrO1t2X.jpg
2986,28580.0,https://image.tmdb.org/t/p/w500/yL6EJxPeYIcB9TChm56lHqXKzHC.jpg,https://image.tmdb.org/t/p/w500/vyINER8nv4kAJyCIq2Sr1xjOOjC.jpg
2987,3537.0,https://image.tmdb.org/t/p/w500/ewuGn4kxsqbYfgSO8Y5kzYlBcKE.jpg,https://image.tmdb.org/t/p/w500/jekdv0OUnppLnpbPdBIkwCoeENo.jpg
2988,28666.0,https://image.tmdb.org/t/p/w500/n7YRKEz7wsT11DX9UhLuoyN8NYw.jpg,https://image.tmdb.org/t/p/w500/aum5OMDC44OqdzOLgKHxphIhCMW.jpg
2989,28902.0,https://image.tmdb.org/t/p/w500/q3Q00fCgeZGjAYaiwbfTMuIrUb0.jpg,https://image.tmdb.org/t/p/w500/opESjJxA10pGES8hod8YK2Gi4ug.jpg
2992,29064.0,https://image.tmdb.org/t/p/w500/vU73cxp7kxi5142nYZVzRibF5QP.jpg,https://image.tmdb.org/t/p/w500/wxA5jOKYwJWWFCXkOF5JNfXy3u1.jpg
2993,29076.0,https://image.tmdb.org/t/p/w500/iMCuGjQu5LsS6hyr5KmRDNqcomy.jpg,https://image.tmdb.org/t/p/w500/4bAq4bkYgLrg2b36uDucxbFf8cl.jpg
2995,29122.0,https://image.tmdb.org/t/p/w500/b4DApzfh4GxpDCWuS5JIyFMhXeD.jpg,https://image.tmdb.org/t/p/w500/A1ogoYrA3erbkO6AIBiynQQwyaC.jpg
2996,29146.0,https://image.tmdb.org/t/p/w500/uxGt80D4hxEEwGwdOJ5tdVvjXEC.jpg,https://image.tmdb.org/t/p/w500/sURKVV4auOpRWaS6lRIdcTPtlee.jpg
2997,29193.0,https://image.tmdb.org/t/p/w500/cwkWlWfFrvH6WW6ovX5gfGHo7ks.jpg,https://image.tmdb.org/t/p/w500/cFTzUosDnHsG0QUDP2OuiAxFoTL.jpg
2998,29262.0,https://image.tmdb.org/t/p/w500/x6XEC7B7bJ9igsxkQb9ZMFEAv9f.jpg,https://image.tmdb.org/t/p/w500/otswcE6OAPKMlZzBKCpuFNeEdS4.jpg
2999,29339.0,https://image.tmdb.org/t/p/w500/uLilCY2We3Ore9Ke7CdafntHvmT.jpg,https://image.tmdb.org/t/p/w500/bvhAbUMsDfFTseAAoPE49JJ0ebA.jpg
3000,29371.0,https://image.tmdb.org/t/p/w500/dPbYJaH1j7sgj1NuA4VRyb7O4Mt.jpg,https://image.tmdb.org/t/p/w500/1QKNlJsClzzPkiuh3XwN0N9Iwm0.jpg
3001,29406.0,https://image.tmdb.org/t/p/w500/kiOEBjIsTiGtYBDfaoaCwwXGIFP.jpg,https://image.tmdb.org/t/p/w500/yiDfBGXBrd1O2yF9gCf8lyKFb0d.jpg
3002,29426.0,https://image.tmdb.org/t/p/w500/2BmqSRt10J2mpJmCgZbo5YYkQLj.jpg,https://image.tmdb.org/t/p/w500/my7iRgEZyvw7GO09vUJ06fe5oO3.jpg
3004,29461.0,https://image.tmdb.org/t/p/w500/97t6YjxjTpwQ439MJcPiPDrMAg0.jpg,https://image.tmdb.org/t/p/w500/d8JdOTvPHrT5pi4oGcwZ3YAqjP.jpg
3006,29514.0,https://image.tmdb.org/t/p/w500/zVWaQfaSZ7AWE0XqbMT57szVmXo.jpg,https://image.tmdb.org/t/p/w500/wWucXwUmJiA5iUNqegJHbcy2Mzy.jpg
3008,29697.0,https://image.tmdb.org/t/p/w500/aDbCnYtGf850s9EfU3LOh1gejm4.jpg,https://image.tmdb.org/t/p/w500/AmFI0bO30mOxdqmPrD0swnSxldI.jpg
3009,29715.0,https://image.tmdb.org/t/p/w500/afdhdupMyfn3tDoL3XosgQF82gX.jpg,https://image.tmdb.org/t/p/w500/mNeBPfgPguvooS46noMeOrB1q4z.jpg
3010,29731.0,https://image.tmdb.org/t/p/w500/bGQWkjifQDEKJf6CBU2gxErRzDw.jpg,https://image.tmdb.org/t/p/w500/g28qU0vlAGjvLnn26sKH3DKLB9K.jpg
3011,29912.0,https://image.tmdb.org/t/p/w500/qFYZNGzftIM8dqGMJBToGraAFJp.jpg,https://image.tmdb.org/t/p/w500/nWCcl7iY718qikjbYfERstvcBrn.jpg
3012,29917.0,https://image.tmdb.org/t/p/w500/i1J2zBCyOQJKsQipqJ0qXERC1Ma.jpg,https://image.tmdb.org/t/p/w500/rwQx6uQAt3ImucZQL0Ymr9NVxTL.jpg
3013,29920.0,https://image.tmdb.org/t/p/w500/ezx8LhhpZd6U4sd0lXyCEUhIBUc.jpg,https://image.tmdb.org/t/p/w500/vjdKZJ5F9lZmSRrgXERcnDuCAgx.jpg
3014,29963.0,https://image.tmdb.org/t/p/w500/csN6y4nq2kaBiegHaGw0DGp4plf.jpg,https://image.tmdb.org/t/p/w500/nnyaQslEbd2ST1FAhuDyF4228mb.jpg
3015,29996.0,https://image.tmdb.org/t/p/w500/sQPLRT014vOADFyvh54TpXFyBPZ.jpg,https://image.tmdb.org/t/p/w500/mB0p1RSFkF1Cr6iIRo5PwhYsoQZ.jpg
3016,30082.0,https://image.tmdb.org/t/p/w500/tWhkFzXkqS9afk2KKTTwd6IBmZ6.jpg,https://image.tmdb.org/t/p/w500/uwhdNBtZqyHotOtxPZaubKtpKFg.jpg
3018,30139.0,https://image.tmdb.org/t/p/w500/zzylksiJ8hmzvsHIDBTuqYZJYTe.jpg,https://image.tmdb.org/t/p/w500/gObRW97OyPQy34PDEkfdPOPF1Kc.jpg
3019,30141.0,https://image.tmdb.org/t/p/w500/bjkLSHpV294HIllRpHKWkNICs3N.jpg,https://image.tmdb.org/t/p/w500/hU74yMO9p7UzVvpfCl7rEqA4XPw.jpg
3021,30309.0,https://image.tmdb.org/t/p/w500/ziemD3ATULYKt399FkO1ZhAwrOH.jpg,https://image.tmdb.org/t/p/w500/qTuvOJ2UwyGsl9OrsYfVdoCxG6P.jpg
3022,30315.0,https://image.tmdb.org/t/p/w500/7NMnHnb721MwczHJ486Ltfo68F4.jpg,https://image.tmdb.org/t/p/w500/xtTEHLW0hfifWQeELlfyepTaOgF.jpg
3023,30379.0,https://image.tmdb.org/t/p/w500/gBFh6xxEManI9YJ5acKBfhqT9Nu.jpg,https://image.tmdb.org/t/p/w500/toJBej1MkyvAVwV0V1mHEpkWcGJ.jpg
3024,30497.0,https://image.tmdb.org/t/p/w500/mpgkRPH1GNkMCgdPk2OMyHzAks7.jpg,https://image.tmdb.org/t/p/w500/wvBx1Q1FcQE1BPLfBbgA3y9aaS1.jpg
3025,30596.0,https://image.tmdb.org/t/p/w500/hEqqA5pSm62IcJ4YJAuMByme3zr.jpg,https://image.tmdb.org/t/p/w500/sclEvlduoGf5io1oLj5UsQLOdKQ.jpg
3026,30867.0,https://image.tmdb.org/t/p/w500/foDbZTQKsbJmdOuu2QfIJ8dbaen.jpg,https://image.tmdb.org/t/p/w500/sO4a6w1zLdPAJquqxT1cicDJKam.jpg
3027,30890.0,https://image.tmdb.org/t/p/w500/ljZ3yyYznAiq1vF6nHITdJn6qXB.jpg,https://image.tmdb.org/t/p/w500/rn3E4Kd7EUOGOF95Hsd0aOhQqZg.jpg
3028,30943.0,https://image.tmdb.org/t/p/w500/4Q8g9CfW7EiwxRCpLSDpOmcaEZb.jpg,https://image.tmdb.org/t/p/w500/idDE0lXV9ZuadIu3dQaqJoiZMFs.jpg
3029,30973.0,https://image.tmdb.org/t/p/w500/rKbmbnYfFhgTjGoDU9F4pIhVvKh.jpg,https://image.tmdb.org/t/p/w500/380aihjywM92ad2hieYAFgXXMoF.jpg
3031,31005.0,https://image.tmdb.org/t/p/w500/jKDnCPUkL4QsgeqKCtyNMPL2XUU.jpg,https://image.tmdb.org/t/p/w500/53f29bdN46K7UT17OCYQ0sBZBdm.jpg
3033,31064.0,https://image.tmdb.org/t/p/w500/5iVwXnV2fraxy6NYzxZ07jMWW0u.jpg,https://image.tmdb.org/t/p/w500/jGweQLLgnn2Kj4I2S6XZzvNa14O.jpg
3035,31163.0,https://image.tmdb.org/t/p/w500/sz7TBagHKYx6NI1XmRWIwoDDLri.jpg,https://image.tmdb.org/t/p/w500/mOb0jhbDSlEI2jg8VgVldm9XkcD.jpg
3036,31166.0,https://image.tmdb.org/t/p/w500/wOJZ3XvHjcGfLBh0GLJU3HhsJKE.jpg,https://image.tmdb.org/t/p/w500/y3NQjQOWoxhBLCbviEKecwxkKGz.jpg
3037,31174.0,https://image.tmdb.org/t/p/w500/cBg1AMH1ucPsDlNMfcHlrreQXQX.jpg,https://image.tmdb.org/t/p/w500/l8gbqIvow8rXFblM5IzYI5AKN8Z.jpg
3038,31175.0,https://image.tmdb.org/t/p/w500/9Y2OQ7MFouzmVCMqqvZPLrzHF0F.jpg,https://image.tmdb.org/t/p/w500/tzCBj6duyr0h3Y2SACNprdL5WsB.jpg
3040,31246.0,https://image.tmdb.org/t/p/w500/bLLlgQ6nZPGxvAjp0qjTX1wD2hl.jpg,https://image.tmdb.org/t/p/w500/tMC3NsISgID3PtQ5zomhCF93eSg.jpg
3041,31306.0,https://image.tmdb.org/t/p/w500/bAlevqRg9KG9y725tt4YkNajLrk.jpg,https://image.tmdb.org/t/p/w500/n5kP33efxqphJhhBbxuGhGFb0Vc.jpg
3042,31535.0,https://image.tmdb.org/t/p/w500/1eGB1EjaUjGbiuPBAqndlO3khyn.jpg,https://image.tmdb.org/t/p/w500/czvKQcMyzFYBJUIPcwiPx6a2yIV.jpg
3043,31582.0,https://image.tmdb.org/t/p/w500/fkwkkUnaTmhaWt2OGBRepYr7yB5.jpg,https://image.tmdb.org/t/p/w500/xyr80oscg6z6C1eVyNSYrsZXxBg.jpg
3044,31640.0,https://image.tmdb.org/t/p/w500/diFSUAvHZE6rkKqfP3J3qf19Z2X.jpg,https://image.tmdb.org/t/p/w500/6ofPPtaNiNaZ34LhofdMNyvwM6P.jpg
3045,31668.0,https://image.tmdb.org/t/p/w500/oU5qvvUCj1DTCk2kKKTPQDIx7nd.jpg,https://image.tmdb.org/t/p/w500/swvQ5EItkvwQPRFG9uXWGpDx8jR.jpg
3046,31867.0,https://image.tmdb.org/t/p/w500/1ZA5kEKuA6HgbyzZXXlyU4piNI.jpg,https://image.tmdb.org/t/p/w500/wQLcXBc0b4yNT542qxcZfb0KM40.jpg
3047,31908.0,https://image.tmdb.org/t/p/w500/gu81MbuLTPbw95xWuDuM7ddcCir.jpg,https://image.tmdb.org/t/p/w500/wpcClVxsbVGTmCvDOU0tvuPTvOg.jpg
3049,31915.0,https://image.tmdb.org/t/p/w500/8jCyz5IRWmu8R5FhRO2BqtQXnCj.jpg,https://image.tmdb.org/t/p/w500/i76LnMcUE38uBWM3K1Rol53sk2A.jpg
3050,31932.0,https://image.tmdb.org/t/p/w500/1nZbFdgEjJELfbZeXWLjXx5evHa.jpg,https://image.tmdb.org/t/p/w500/kS7B1EXg9HT4dzD71MDMfNBhEIH.jpg
3051,32222.0,https://image.tmdb.org/t/p/w500/hklG9Ehe1Rt2dlgBplTIyov62qi.jpg,
3052,32235.0,https://image.tmdb.org/t/p/w500/jb3qheP75UgVibpnfubotrBDY5v.jpg,https://image.tmdb.org/t/p/w500/2u8uQchpm5zUIwax4XdWqZF6DNY.jpg
3053,32274.0,https://image.tmdb.org/t/p/w500/d8LJWY8kaAIlfMiQLOGglL8VqVT.jpg,https://image.tmdb.org/t/p/w500/9cKpfklF4CgMiNMOk53yDzfzF3q.jpg
3054,32275.0,https://image.tmdb.org/t/p/w500/dW479xuDWrcuFuxr7yfoReztlzF.jpg,https://image.tmdb.org/t/p/w500/ba8DZrIURluSsTPuabrBkux4Mcs.jpg
3058,32579.0,https://image.tmdb.org/t/p/w500/wx9DwdcgvLhoQJP3AOXpvMISgtM.jpg,https://image.tmdb.org/t/p/w500/zonIwzSHU4i8Mh1XG6w0JrPpLJb.jpg
3059,32657.0,https://image.tmdb.org/t/p/w500/brzpTyZ5bnM7s53C1KSk1TmrMO6.jpg,https://image.tmdb.org/t/p/w500/ugiV9SpJburMOPeIyjBJyAnO1So.jpg
3062,32856.0,https://image.tmdb.org/t/p/w500/qOTcfD2DdnOTmhH0r1TOE09VvNh.jpg,https://image.tmdb.org/t/p/w500/ceVkF5gRQSBhuceWnraTHBmH2TY.jpg
3063,33106.0,https://image.tmdb.org/t/p/w500/ggTqQBLLiDx2MRBp4q3hOPsXDcV.jpg,https://image.tmdb.org/t/p/w500/1UJdkLLBDZBCXrgfv2bnU9hhfMJ.jpg
3064,33155.0,https://image.tmdb.org/t/p/w500/A66Uw4QFyESPwnDnlvudKKR2Qsv.jpg,https://image.tmdb.org/t/p/w500/33uKXAkqrBTO2qsvq2cqMst5AS2.jpg
3065,33157.0,https://image.tmdb.org/t/p/w500/zd4SV3qs5Xg7Yl8kqshU2fxTT0D.jpg,https://image.tmdb.org/t/p/w500/yvUkDp3uWj8SpeHQVpmLpnMW3Vc.jpg
3066,33196.0,https://image.tmdb.org/t/p/w500/1mE5jde5SJqUnZ58MAweW9GuhzK.jpg,https://image.tmdb.org/t/p/w500/uAfPjNvfHjFuvdtSa8J3iuD1CkI.jpg
3068,33430.0,https://image.tmdb.org/t/p/w500/boBbVY67YhGC4PWuqyQFysP3mN4.jpg,https://image.tmdb.org/t/p/w500/hSMl003cRUPyZLttYe1PxyNHxcZ.jpg
3069,33468.0,https://image.tmdb.org/t/p/w500/npg6NH4maZ4NTTWzA71KNCTvQNG.jpg,https://image.tmdb.org/t/p/w500/rlGq9CU2O5ii0nxWJUi6fMVZlhQ.jpg
3070,33511.0,https://image.tmdb.org/t/p/w500/hNSxa74x44QN3sohb44dtUYGjw6.jpg,https://image.tmdb.org/t/p/w500/ouMbyjN1WJKyRqgvwovGl58e4eR.jpg
3071,33542.0,https://image.tmdb.org/t/p/w500/1nAfchiXHQB3iyhK8fCJJEnNs5A.jpg,https://image.tmdb.org/t/p/w500/5ftRls3IbR1kXnasqJEJL63LVsc.jpg
3072,33644.0,https://image.tmdb.org/t/p/w500/ygmuaJDLYxWJo8eNhq0A63hagrQ.jpg,https://image.tmdb.org/t/p/w500/sW9lF5r5riUk6X1Dgy6xsnVaMSP.jpg
3074,33676.0,https://image.tmdb.org/t/p/w500/7BQP8GzBW4ZZxqcc5tDH68yNeAI.jpg,https://image.tmdb.org/t/p/w500/rBVattNnNKvml4ecK9nLn5UcjnI.jpg
3075,33693.0,https://image.tmdb.org/t/p/w500/4UsciNkAvuOZiM7ZfgLbfNR0WNJ.jpg,https://image.tmdb.org/t/p/w500/xdA871I2bdUKyKM4OOiHSLJjpjC.jpg
3077,33909.0,https://image.tmdb.org/t/p/w500/gtonVdZZMWES6GyhasAX0xhUdrF.jpg,https://image.tmdb.org/t/p/w500/1JsfP7WQw8Mwi6s0u3wUetm7L2o.jpg
3079,34043.0,https://image.tmdb.org/t/p/w500/xJWpaR7btIdbv8KJEwb7nlBLbyB.jpg,https://image.tmdb.org/t/p/w500/wTbCNPMvdszt7TWrO0J41NY0h3E.jpg
3080,34069.0,https://image.tmdb.org/t/p/w500/5CFTLlGbRMtNI0ZyfRL4YC1qD4f.jpg,https://image.tmdb.org/t/p/w500/lLt7UMEHeMNnwLQJow8crCcmVU6.jpg
3082,34099.0,https://image.tmdb.org/t/p/w500/zM2CFpnSwM8zvC22FFDWjTdJiPQ.jpg,https://image.tmdb.org/t/p/w500/RF9CsC4kp0jtviat7d3uj3mGOF.jpg
3083,34101.0,https://image.tmdb.org/t/p/w500/xidkzvrJfBeZ6wVcVOxobZruiR7.jpg,https://image.tmdb.org/t/p/w500/nF4OKHPBAbVzqP4RQ5SknzD93T7.jpg
3084,34106.0,https://image.tmdb.org/t/p/w500/9JltqbDyWstYW6gnvqDO6L5bOrx.jpg,https://image.tmdb.org/t/p/w500/As4GJO5V3SxbSDW8ZEWPnYtSZIg.jpg
3085,34152.0,https://image.tmdb.org/t/p/w500/iFqe07F78SO0SIBzWcK4I5MwNvP.jpg,https://image.tmdb.org/t/p/w500/mIKuvEhBvDf9LGxE9x6m0hDR9Au.jpg
3086,34314.0,https://image.tmdb.org/t/p/w500/8N63NGWIErS7jUvR5NeVWDZEeZJ.jpg,https://image.tmdb.org/t/p/w500/pkL5Irj4WYU27jziUSgwl1d7d0D.jpg
3088,34341.0,https://image.tmdb.org/t/p/w500/qWWvljKlmYwf1XtlJ0vu0u66xpi.jpg,https://image.tmdb.org/t/p/w500/x85lqt2t3nqc9hnT23LWGdUudSz.jpg
3089,34417.0,https://image.tmdb.org/t/p/w500/xBv29yp2y7jYnRJTyNio9MYKCZs.jpg,https://image.tmdb.org/t/p/w500/aL6xPXcqFrriCGinSvFcrZQGjn4.jpg
3090,34549.0,https://image.tmdb.org/t/p/w500/eJ4olY0dZMC1MfMhRkLOWisWYtu.jpg,https://image.tmdb.org/t/p/w500/ziINAUKAi1W74PffqDdBPk9E62l.jpg
3091,34563.0,https://image.tmdb.org/t/p/w500/zvRn8aM9lmuBbbJVJgxZl41zarB.jpg,https://image.tmdb.org/t/p/w500/qu5NgAV3VWCptStuoXP3ggoP4s1.jpg
3092,34584.0,https://image.tmdb.org/t/p/w500/ddYCa91iDXfJCxaqSYzwi2fjfnl.jpg,https://image.tmdb.org/t/p/w500/rKmOe5pb5a6P1HmQAzpRw20gORp.jpg
3093,34592.0,https://image.tmdb.org/t/p/w500/3K80OoyUb93qhx5jMUsNuKlV3IT.jpg,https://image.tmdb.org/t/p/w500/AuZzTAbFpPQE2rsQluoCW2HqzwD.jpg
3094,34647.0,https://image.tmdb.org/t/p/w500/krKnsfvSJM1PL40tLicRhVQ6kuG.jpg,https://image.tmdb.org/t/p/w500/2Mlw0JRNZHXLYxbeJ0LmiCCTiok.jpg
3095,34653.0,https://image.tmdb.org/t/p/w500/oN20MLvoLv14whAss05V3ETBu0p.jpg,https://image.tmdb.org/t/p/w500/4rHZyoFxGxvkMNiLFEqwm19HCtc.jpg
3100,34813.0,https://image.tmdb.org/t/p/w500/e5oD3fuQpjZ8Po6WNW0VkUJmW52.jpg,https://image.tmdb.org/t/p/w500/hACMcim5NtMH3S62sQAWkdLVpIK.jpg
3101,34851.0,https://image.tmdb.org/t/p/w500/wdniP8NDaJIydi1hMxhpbJMUfr6.jpg,https://image.tmdb.org/t/p/w500/yVSgw4UyXWg0Edl7KMehdhhgIwL.jpg
3102,34941.0,https://image.tmdb.org/t/p/w500/5AM1oDIlsWBBLYecetUAHOWv9dW.jpg,https://image.tmdb.org/t/p/w500/Hx5VuyfXN9AVHnzeKmhMFaPINq.jpg
3103,35019.0,https://image.tmdb.org/t/p/w500/9cgHfgBXVZmVR63AhwJ82R1kAFS.jpg,https://image.tmdb.org/t/p/w500/cQW6UoDxwwfqIMTVfxdxHk4JLGP.jpg
3104,35032.0,https://image.tmdb.org/t/p/w500/ltoy9asHYuLcEq78jjvZPjH6LCG.jpg,https://image.tmdb.org/t/p/w500/sqDk8JjOPO4eJSdKqHCBYlQuDsp.jpg
3105,35056.0,https://image.tmdb.org/t/p/w500/9ftaHHJW2IrtnGbazdn5SP8V7Cf.jpg,https://image.tmdb.org/t/p/w500/hZm2bAT9fB4EL93flj1fnrYXHdp.jpg
3106,35073.0,https://image.tmdb.org/t/p/w500/a45mCN6BUPg0JHVnprDOPc2VIST.jpg,https://image.tmdb.org/t/p/w500/7WSOCpCWcTJR8sTEYfh02ct7ylB.jpg
3107,35169.0,https://image.tmdb.org/t/p/w500/604qqquWBgFy34jLhHLtebFPQy6.jpg,https://image.tmdb.org/t/p/w500/AwWMcB5lFPLe8nZVXrBqPdHQ26.jpg
3109,35219.0,https://image.tmdb.org/t/p/w500/fwjX5pXrylMXtPCmYq7MzoTVJ5H.jpg,https://image.tmdb.org/t/p/w500/qRXBl8UONBwhjj2T8qQk5h80ZXW.jpg
3110,35688.0,https://image.tmdb.org/t/p/w500/ctWuunKnm8bcG8cz40wndtdvV0W.jpg,https://image.tmdb.org/t/p/w500/m6yveMsilptiQgFlpnprybTmo25.jpg
3111,35689.0,https://image.tmdb.org/t/p/w500/pkziSZ6vmwFnhybgBAM96Q6xKMr.jpg,https://image.tmdb.org/t/p/w500/1paN9XayTNig1lVkVEcPL7luKhy.jpg
3112,35690.0,https://image.tmdb.org/t/p/w500/76twEOHXAM2oKnvZYBI5bP6GeDu.jpg,https://image.tmdb.org/t/p/w500/7TUNSWElqh6bG2OZ9aEkTKeORtC.jpg
3113,35691.0,https://image.tmdb.org/t/p/w500/vkOXEUy9J0GNtrqXY9Z9rl9pDHf.jpg,https://image.tmdb.org/t/p/w500/afmdDeou88W4OOJXr1Tepu2tLjX.jpg
3114,35696.0,https://image.tmdb.org/t/p/w500/1m5sbTbifesBhCrkE0gJncwMGXw.jpg,https://image.tmdb.org/t/p/w500/chmTWdvet7wi2fqHZX58zLredPt.jpg
3115,35791.0,https://image.tmdb.org/t/p/w500/qZHDnt8bnsD2cSJfIbjWbCkIq3G.jpg,https://image.tmdb.org/t/p/w500/8AvzydMm6vKICPOUuUG2KIW2on.jpg
3116,35944.0,https://image.tmdb.org/t/p/w500/63JHVXD2bkPBdIFgprqXKu3k8bw.jpg,https://image.tmdb.org/t/p/w500/adVdIlj3YMGZIgOYRvqnplDgNa1.jpg
3117,36046.0,https://image.tmdb.org/t/p/w500/b5Y3hNp7jY2rVea9EP0iCToNMlO.jpg,
3118,36047.0,https://image.tmdb.org/t/p/w500/j77l405846qiLb8RGb1egu7ON3r.jpg,https://image.tmdb.org/t/p/w500/jBeGCBNfkVsKrFajGETIoscJRvK.jpg
3119,36095.0,https://image.tmdb.org/t/p/w500/xNVJr9q6AtSbjosS6Ed9YirOkSo.jpg,https://image.tmdb.org/t/p/w500/xxIRKSd9LmHojUD5grvMuGypwVC.jpg
3120,36334.0,https://image.tmdb.org/t/p/w500/xioYj4tRukm2BETibaJwXlQar2V.jpg,https://image.tmdb.org/t/p/w500/pbBNQ6i0TURuznGSwBphiWWadzi.jpg
3122,36355.0,https://image.tmdb.org/t/p/w500/c3KEzecZ5oE6CpSrWX6wCLrBJbf.jpg,https://image.tmdb.org/t/p/w500/750Uayj0Bww4QfqMUJCymW3EJkC.jpg
3123,36419.0,https://image.tmdb.org/t/p/w500/ty43RTdSBpL3VjBJWeRoKhFg7hF.jpg,https://image.tmdb.org/t/p/w500/2Ircr5htx54lRNaCgahf7KyIgNU.jpg
3124,36549.0,https://image.tmdb.org/t/p/w500/dJtY4pXjfnyKaYO1pP4C0u2XsQp.jpg,https://image.tmdb.org/t/p/w500/cn8r6zueU2mIdf3x09ueAFpA7e6.jpg
3125,36557.0,https://image.tmdb.org/t/p/w500/lMrxYKKhd4lqRzwUHAy5gcx9PSO.jpg,https://image.tmdb.org/t/p/w500/klJMCIblHLFwCuGjKz7tyOpekIC.jpg
3126,36584.0,https://image.tmdb.org/t/p/w500/yCEP43DIYqx8NM9ttcmgSnxScRI.jpg,https://image.tmdb.org/t/p/w500/4OI84heveHnK3BSUN3AtXsIXTWh.jpg
3127,36586.0,https://image.tmdb.org/t/p/w500/wAn6VYamKbnOtfyTZ6arVtkMzDv.jpg,https://image.tmdb.org/t/p/w500/86b0NGY1i0bt3ckhkcHxiCSMxk1.jpg
3128,36593.0,https://image.tmdb.org/t/p/w500/p0AYsdgkudR9P5fNV5AjzbwQt8W.jpg,https://image.tmdb.org/t/p/w500/rZBc0S32bVNYOGJ5sKYsHhOwIT5.jpg
3129,244596.0,https://image.tmdb.org/t/p/w500/ovirlrVffw8A70fiuMSf1Xv7AoK.jpg,https://image.tmdb.org/t/p/w500/sXsVNPnf46aMkpDmG13rg9IQHpH.jpg
3130,36643.0,https://image.tmdb.org/t/p/w500/wCb2msgoZPK01WIqry24M4xsM73.jpg,https://image.tmdb.org/t/p/w500/n2jVDMcBEWsLFooO7W1ZkcMUtWS.jpg
3131,36647.0,https://image.tmdb.org/t/p/w500/oWT70TvbsmQaqyphCZpsnQR7R32.jpg,https://image.tmdb.org/t/p/w500/7NKfxJrQn053UJeLftlx4m4NTzo.jpg
3133,447399.0,https://image.tmdb.org/t/p/w500/vF02RqXLgtmpJM5CRLSuvN3fVHi.jpg,
3134,447133.0,https://image.tmdb.org/t/p/w500/fbKrtVCaTBBdgwvrLiyYFsCewlK.jpg,
3135,36668.0,https://image.tmdb.org/t/p/w500/a2xicU8DpKtRizOHjQLC1JyCSRS.jpg,https://image.tmdb.org/t/p/w500/nLMXULCGLnzRxz11txPzPqbOHSz.jpg
3137,36670.0,https://image.tmdb.org/t/p/w500/zhoAL4o1STGgLbLxJ9r1ijfyHC9.jpg,https://image.tmdb.org/t/p/w500/45uCcAUB8Ljz3uKb1y1JHtT5aCT.jpg
3138,36691.0,https://image.tmdb.org/t/p/w500/5Dpm8QDoL3w3ZOwVl6rgvjRWxrj.jpg,https://image.tmdb.org/t/p/w500/nksADlpxKNoZVENbtNJiCovAsRD.jpg
3139,36696.0,https://image.tmdb.org/t/p/w500/zufutvJv0KjMmuw8ldWpPLzkomT.jpg,https://image.tmdb.org/t/p/w500/6B9sNhy0z61BFljLqmzF4zFkGSI.jpg
3140,36739.0,https://image.tmdb.org/t/p/w500/vnfjKHcmah7ReMxLNF18JMXFgSZ.jpg,https://image.tmdb.org/t/p/w500/kNjnEqsEHNy58m9FgPevxm4wnkk.jpg
3141,36811.0,https://image.tmdb.org/t/p/w500/nf9cYwKcvxTbSsCz4o6eRJ8P0IH.jpg,https://image.tmdb.org/t/p/w500/6ab5nkZ14mAVTxC0EszMXF3psEm.jpg
3142,36819.0,https://image.tmdb.org/t/p/w500/4VZtpwdhHQSa4LUkvujyGAHb1hG.jpg,https://image.tmdb.org/t/p/w500/qKERrt3UU1ml8Q9zdsLPpoQ5r3.jpg
3143,36825.0,https://image.tmdb.org/t/p/w500/OQ3X7k13koP833iZx1PRIPngZ8.jpg,https://image.tmdb.org/t/p/w500/kkVXbhYMpTIGfdcK2TGhlxQwaVZ.jpg
3145,36970.0,https://image.tmdb.org/t/p/w500/kIT3G7QoV1vatMCL8TAA3xnkO2V.jpg,https://image.tmdb.org/t/p/w500/8Jys5rX9IQkKxVfNeq8OKdSSx9g.jpg
3146,37003.0,https://image.tmdb.org/t/p/w500/5OT1s7NOpnJ5IVlpe5hGC7dYGoK.jpg,https://image.tmdb.org/t/p/w500/62fRvoQhnp7ufDxX0XyI5iYFCS1.jpg
3147,37028.0,https://image.tmdb.org/t/p/w500/qjUjatQEMIHtCngnyTib943x7TU.jpg,https://image.tmdb.org/t/p/w500/1HpAhiFAfXHS1EloEbBq9GGGCL2.jpg
3148,37056.0,https://image.tmdb.org/t/p/w500/y9DdvY1IRNS2hWLq161hmP2gXn.jpg,https://image.tmdb.org/t/p/w500/2dCkaxVGvXnPfQC07cweMAT2n3F.jpg
3149,37080.0,https://image.tmdb.org/t/p/w500/k5CjH4scjbBlGWLdZyUS7NEZf16.jpg,https://image.tmdb.org/t/p/w500/f8CoZJ57F0KAZbcZEEzB1e8ZCp8.jpg
3150,37137.0,https://image.tmdb.org/t/p/w500/v9niLQWVzVPB1cP1ThNdEaLZG1Q.jpg,https://image.tmdb.org/t/p/w500/kCW0C3Bv5IsasICx3StdNEejfB5.jpg
3152,37206.0,https://image.tmdb.org/t/p/w500/9FWxI20tzm9LuP3KT9cbmp5YN6Q.jpg,https://image.tmdb.org/t/p/w500/sVBJsi0xuQ79qm9IUPzAKmbPnP3.jpg
3153,37232.0,https://image.tmdb.org/t/p/w500/rVXiPoXzeoyExzepxdv4eQQMERa.jpg,https://image.tmdb.org/t/p/w500/xhcitF19HBlc0Fv3TFMtnlPw0aS.jpg
3154,37233.0,https://image.tmdb.org/t/p/w500/kFexXCzidkm4LwlgZqxsJsDQB5v.jpg,https://image.tmdb.org/t/p/w500/jlUTfePS1XRyMpgZvjFvDk7yEi0.jpg
3155,37414.0,https://image.tmdb.org/t/p/w500/fhmdzywgGF9cvoLPuW8qqDn0Gtx.jpg,https://image.tmdb.org/t/p/w500/rxDrw42OvCSa0JCj6FHlvY8cMcT.jpg
3156,37495.0,https://image.tmdb.org/t/p/w500/x4JzaRPXBs9wiHCe3e3ymXWuwfd.jpg,https://image.tmdb.org/t/p/w500/bVmDpF2VzVivzH8GVFXfVJeRPd7.jpg
3157,37498.0,https://image.tmdb.org/t/p/w500/hK7hKDA51FCbtFCuXZNiQ6gPq3S.jpg,https://image.tmdb.org/t/p/w500/cQrq7h8Giz6pDg1jH6kCAjLqI7m.jpg
3159,37686.0,https://image.tmdb.org/t/p/w500/pUWIjaMMYJjeBm5bJyE3mIXdQ62.jpg,https://image.tmdb.org/t/p/w500/x6Dr9i6vhWICxs7hnX2BakcMtPd.jpg
3160,37694.0,https://image.tmdb.org/t/p/w500/2DvxkWSNjAWot5RdcM2K2TpKe1Y.jpg,
3161,37707.0,https://image.tmdb.org/t/p/w500/4oqaWnO3dKYAt3vZWAD4oLfOXOC.jpg,https://image.tmdb.org/t/p/w500/pjocJEjenTiJOi6o1vG8JArgt1h.jpg
3162,37710.0,https://image.tmdb.org/t/p/w500/vVmek9VTnsfpQTIFWtL9h4HhOIP.jpg,https://image.tmdb.org/t/p/w500/kxslqKKfx89vxU7Mq296f8bBOmo.jpg
3163,37718.0,https://image.tmdb.org/t/p/w500/hmtvDW52V3EuFmbhTOLjaGMYCDx.jpg,https://image.tmdb.org/t/p/w500/vJd0ZCeGeuG5lzolUNlhoaoPaCK.jpg
3164,37724.0,https://image.tmdb.org/t/p/w500/d0IVecFQvsGdSbnMAHqiYsNYaJT.jpg,https://image.tmdb.org/t/p/w500/wkA622CCN2X0uwpgqYEOnUYEDf5.jpg
3165,37735.0,https://image.tmdb.org/t/p/w500/v5f1qO6NJnxWgONgkYg21TW39DT.jpg,https://image.tmdb.org/t/p/w500/30rvmoEBqovm723agDJ3QddWXcY.jpg
3168,37799.0,https://image.tmdb.org/t/p/w500/n0ybibhJtQ5icDqTp8eRytcIHJx.jpg,https://image.tmdb.org/t/p/w500/1PXwh3nJzgRkkYnqfWInJNypeL4.jpg
3169,37821.0,https://image.tmdb.org/t/p/w500/9VB8vGV4Aznf6GUc9C7a1EzGHLz.jpg,https://image.tmdb.org/t/p/w500/rTxTqBJ3tawnkFrqfmCS8gZxE2D.jpg
3171,37842.0,https://image.tmdb.org/t/p/w500/wLy9Tp03uaQLV5IRHtjAYGiURdW.jpg,https://image.tmdb.org/t/p/w500/sqY6S4lrGk7u3YdNwqx3M7HWSmK.jpg
3172,37903.0,https://image.tmdb.org/t/p/w500/54dlnGDexrwAFlDb8HWKfmmX4LB.jpg,https://image.tmdb.org/t/p/w500/9Cxi5RQzYAlkNI5FROWkoKgiNkJ.jpg
3173,37931.0,https://image.tmdb.org/t/p/w500/9cO8JD7aaQzI4q8lBS8MYXH8LrJ.jpg,https://image.tmdb.org/t/p/w500/q3ySVO0N9tHw00heI0Wd1B9Qwih.jpg
3174,37950.0,https://image.tmdb.org/t/p/w500/r4XSrs6N086EU8CNm339dHRPhZg.jpg,https://image.tmdb.org/t/p/w500/dzx5vStQX4bHA1JBq8n5yLUqQx4.jpg
3175,37958.0,https://image.tmdb.org/t/p/w500/4SPPX5KIyaQ9O8n5rLvvUIiIhpF.jpg,https://image.tmdb.org/t/p/w500/vbcUqIQZl7q7O2op2NT0ZqTLXxH.jpg
3176,37964.0,https://image.tmdb.org/t/p/w500/n9SnhQk29094VoLfyiYM4viyCrU.jpg,https://image.tmdb.org/t/p/w500/bRZQqYtGK8y2wypgvVRY338fIxj.jpg
3177,37985.0,https://image.tmdb.org/t/p/w500/7NHcKecimvicA4JLpN9CFaoaRjK.jpg,https://image.tmdb.org/t/p/w500/zOHMCFwyvFCGaKK0HWPls6TvuWt.jpg
3178,38007.0,https://image.tmdb.org/t/p/w500/gK2XUjqWoqqYw6auny29W8tFwUG.jpg,https://image.tmdb.org/t/p/w500/tpIb9rQMJZG4qhHN8UXjaqaetaJ.jpg
3179,38031.0,https://image.tmdb.org/t/p/w500/oBhnI8UZQzTkAH1LMEtrBUmfpjS.jpg,https://image.tmdb.org/t/p/w500/etTUz6C0jTC6uRwTJCYM7NOGidw.jpg
3181,38050.0,https://image.tmdb.org/t/p/w500/5ZzeR8iz1nEFLp94OBnbakLZawo.jpg,https://image.tmdb.org/t/p/w500/jE3deh9kkOKgl3MISqmpWpqLUjl.jpg
3183,38073.0,https://image.tmdb.org/t/p/w500/tTllmSew3nsizpzWNWKUkOuANhm.jpg,https://image.tmdb.org/t/p/w500/yIG329hXOMJq1O1O2ubd9xoweHm.jpg
3184,38093.0,https://image.tmdb.org/t/p/w500/qx1SumoTQYtB9VyxQ7irlfE2e7L.jpg,https://image.tmdb.org/t/p/w500/gvNBgLoVxEGZrzjyudnTY0tdDlz.jpg
3185,38117.0,https://image.tmdb.org/t/p/w500/uSAXWZsSD0pE4HYVUiDgusnEyyl.jpg,https://image.tmdb.org/t/p/w500/hU4OdICqRXj3JFnSJsrR0SJejZy.jpg
3187,38167.0,https://image.tmdb.org/t/p/w500/gjR5zUeMGV6UNqtI0OuzqrLQcjU.jpg,https://image.tmdb.org/t/p/w500/elzrIY3nfzWz4AXh0lxxBsXLCGI.jpg
3188,38223.0,https://image.tmdb.org/t/p/w500/spTUUMgIVm4gOdWL35IoYWEuZQl.jpg,https://image.tmdb.org/t/p/w500/cTDoeA4zEJMP0it4VYe0ACFaJ4N.jpg
3189,38303.0,https://image.tmdb.org/t/p/w500/9qI5JE6yjmtakTankuDOMZ1vgEx.jpg,https://image.tmdb.org/t/p/w500/iiNSeAjAbglRJNsobusROn6y0pf.jpg
3190,38317.0,https://image.tmdb.org/t/p/w500/y3b4AYw8dr4hIKTfEAjxUxx0z8G.jpg,https://image.tmdb.org/t/p/w500/rzTw6K1TbmF8qCUHWFrGhgXkBp5.jpg
3191,38319.0,https://image.tmdb.org/t/p/w500/zw1tEKhR1ncGGtuYkkf30GYlvYQ.jpg,https://image.tmdb.org/t/p/w500/7P7aZ9ozRWlsruPVaTB2dLXI7aF.jpg
3192,38321.0,https://image.tmdb.org/t/p/w500/fYHiA7LPGl9DG7m3DUs0Td1VMcO.jpg,https://image.tmdb.org/t/p/w500/srrzHjAzhYzUulBbllQCNekgnQb.jpg
3193,38322.0,https://image.tmdb.org/t/p/w500/n1GSxFcDaZ6lMVf21M0KloPfuhu.jpg,https://image.tmdb.org/t/p/w500/9pamTKugDIa1YQD8k280au3NVKd.jpg
3194,38356.0,https://image.tmdb.org/t/p/w500/28YlCLrFhONteYSs9hKjD1Km0Cj.jpg,https://image.tmdb.org/t/p/w500/h3js4rulxzKMOokM2oO5Kr0mBZU.jpg
3195,38357.0,https://image.tmdb.org/t/p/w500/aFRXEoB3QkeHNHYmVGC3uzFSol8.jpg,https://image.tmdb.org/t/p/w500/a0Q5G7FFWWI451B5gZncoB34sLB.jpg
3196,38358.0,https://image.tmdb.org/t/p/w500/eOo9tgGjxdsQEgqc6g7E1NL8460.jpg,https://image.tmdb.org/t/p/w500/fyNEA2BZ5Yixu6Wub9OtIqlmJBQ.jpg
3197,38363.0,https://image.tmdb.org/t/p/w500/tX2cafjaDnEOi50xnUIloAc2fp2.jpg,https://image.tmdb.org/t/p/w500/2PmX0FeigeZa2UBK7UYeQYS5ZL4.jpg
3198,38365.0,https://image.tmdb.org/t/p/w500/cQGM5k1NtU85n4TUlrOrwijSCcm.jpg,https://image.tmdb.org/t/p/w500/kARonxQpuSZdFraTKlCThWOBCtu.jpg
3201,38448.0,https://image.tmdb.org/t/p/w500/rQSQisWjIjXnGGenrpjG1GlQcRf.jpg,https://image.tmdb.org/t/p/w500/myYFabjrPz1Gbt3bB3GnEo6OlSN.jpg
3204,38570.0,https://image.tmdb.org/t/p/w500/rqShY7xY6sUEXsr9cglmclryfjp.jpg,https://image.tmdb.org/t/p/w500/7zeCBNXQRDgetNLhHfHEWQ8xOcD.jpg
3205,38579.0,https://image.tmdb.org/t/p/w500/wNNqAqvOn717AWBhBQskH2Lnzmz.jpg,https://image.tmdb.org/t/p/w500/cWsoE3pcNDDq7o6nEwBUMEFf8HL.jpg
3207,38717.0,https://image.tmdb.org/t/p/w500/hlZUHqnwcOv5yPXW7BmguKedNP.jpg,https://image.tmdb.org/t/p/w500/3QtYFBpjTWySlw2U3EEfoCi93qI.jpg
3208,38745.0,https://image.tmdb.org/t/p/w500/6NoEtuTwZ04luk5H2DpT5ivW7Mg.jpg,https://image.tmdb.org/t/p/w500/1EnX8qIJUYv6mG0Asub6Om8158z.jpg
3210,38778.0,https://image.tmdb.org/t/p/w500/eqCyt9ILsInMYPa2iveiINeVOJD.jpg,https://image.tmdb.org/t/p/w500/bvlZkXeaR3qhB4fmbUHuYGdooRj.jpg
3211,38780.0,https://image.tmdb.org/t/p/w500/xZZlA5obgTrQMyAF16yqCiVxHlO.jpg,https://image.tmdb.org/t/p/w500/vRf517K6cVc9XbN0qlt2owTVMmb.jpg
3213,38810.0,https://image.tmdb.org/t/p/w500/7nLuUGlH12cegPfR84QX4xIIH9k.jpg,https://image.tmdb.org/t/p/w500/b9g6LwxptKxoMqBtxrQqBml4vMb.jpg
3215,38940.0,https://image.tmdb.org/t/p/w500/rrwG9foUMulWBI2Nk7s6Bcgwfim.jpg,https://image.tmdb.org/t/p/w500/xjgPzyORwBwHnkiLZHNCUQfA64S.jpg
3216,38970.0,https://image.tmdb.org/t/p/w500/3GcAGqAtaSfD8V2ULGV1v6CROPj.jpg,https://image.tmdb.org/t/p/w500/qRpoH1NgnsskEwKM8yR7Dkxzd76.jpg
3217,38985.0,https://image.tmdb.org/t/p/w500/2b7oexm173SF1FSEq0DdgxZZNRH.jpg,https://image.tmdb.org/t/p/w500/g7prwSflNODkHZI6792MYoU4qoh.jpg
3218,39013.0,https://image.tmdb.org/t/p/w500/a0qhPkNlxLfsf5B2jFyI1Pp04XV.jpg,https://image.tmdb.org/t/p/w500/wW4dZWEfUIXWVKhKsPFBokndJbI.jpg
3219,39037.0,https://image.tmdb.org/t/p/w500/xwSQ62M3B1LTpHhau4MaREIwfSy.jpg,https://image.tmdb.org/t/p/w500/byp4HzUPBJgLp96BVcxwd5PicXz.jpg
3221,39055.0,https://image.tmdb.org/t/p/w500/h74c8DziH9VAcVbr4aKGlrIawvw.jpg,
3224,39183.0,https://image.tmdb.org/t/p/w500/ubgZkHS1KoVILTH051zr47vMfDv.jpg,https://image.tmdb.org/t/p/w500/aF8mUccuwKzo020gF8rhoqSEOCg.jpg
3225,39209.0,https://image.tmdb.org/t/p/w500/ywxINymAsSGAJmPvDqMkdFY3PNH.jpg,https://image.tmdb.org/t/p/w500/4005Fur9C9mvAsfbigo92B369a4.jpg
3226,39210.0,https://image.tmdb.org/t/p/w500/zOf1sdfF4eH3CVRCpmRO5ugVGdo.jpg,https://image.tmdb.org/t/p/w500/bzCuOfoZ9ZC9AGLs8ZVZ5yo1X16.jpg
3227,39254.0,https://image.tmdb.org/t/p/w500/4GIeI5K5YdDUkR3mNQBoScpSFEf.jpg,https://image.tmdb.org/t/p/w500/pjlxrd646cBYznHoPBWTzz6FujX.jpg
3228,39269.0,https://image.tmdb.org/t/p/w500/rEWfWQDbx2upk9CAPRDDjCjc9a8.jpg,https://image.tmdb.org/t/p/w500/4YebE5t0ZATyJL7o3K7MhGsEKW2.jpg
3229,39349.0,https://image.tmdb.org/t/p/w500/6bnYhhJS7vuDMRPVSplWaXdK49g.jpg,https://image.tmdb.org/t/p/w500/ueL2dupQ5Clyyd4Hsq5HSBDzNxz.jpg
3230,39437.0,https://image.tmdb.org/t/p/w500/jIoT0J2fNXXCYZst6OkKStQIPw9.jpg,https://image.tmdb.org/t/p/w500/5v7vW8fRA70Y02FMB0W8ubCQebc.jpg
3232,39486.0,https://image.tmdb.org/t/p/w500/6YJ39NqRJ0ljUQohizHmE2hB6Wh.jpg,https://image.tmdb.org/t/p/w500/y2QZ8qCE4YWHo5hGYos26Jy5Req.jpg
3233,39513.0,https://image.tmdb.org/t/p/w500/dKhexH8nS08lVlSmwSs00cHFxbY.jpg,https://image.tmdb.org/t/p/w500/kl3rMfydlxyLDsZidSUCEWm8K0M.jpg
3234,39514.0,https://image.tmdb.org/t/p/w500/8eeK3OB5PeSRQD7BpZcGZKkehG.jpg,https://image.tmdb.org/t/p/w500/5tqBeCUaNHptScH3rBixjE5z2NV.jpg
3235,39538.0,https://image.tmdb.org/t/p/w500/qL0IooP0bjXy0KXl9KEyPo22ll0.jpg,https://image.tmdb.org/t/p/w500/bdmyvEdrmnj7J3RWaKXEOwYggRv.jpg
3236,39541.0,https://image.tmdb.org/t/p/w500/marKnaLfvEnQ1DK3U2SLKYRGVdh.jpg,https://image.tmdb.org/t/p/w500/o5UhpR5ZM7TgvJxpLBaBZjMOmYJ.jpg
3237,39563.0,https://image.tmdb.org/t/p/w500/96ma6Hn8aW3FbHoaDzHiRflCHls.jpg,https://image.tmdb.org/t/p/w500/keMfCmqrkSfnjyqCEvhc7mGzWX6.jpg
3238,39691.0,https://image.tmdb.org/t/p/w500/syV2naEnz7wbakOOk7XanPX8MjL.jpg,https://image.tmdb.org/t/p/w500/uR8JBSxkctCr4LofMGoeri4oljj.jpg
3239,39780.0,https://image.tmdb.org/t/p/w500/9naDX3u4hsRM8jZ0Y7k5e2HAKmY.jpg,https://image.tmdb.org/t/p/w500/fhvByI4cAMm2gSKgNm2GcTG2c01.jpg
3240,39781.0,https://image.tmdb.org/t/p/w500/xQ5XqZc82dDCcGjxY7voRKjhaKQ.jpg,https://image.tmdb.org/t/p/w500/kokPRmOdEmWZi3SR1dcdvsiq9lF.jpg
3242,39806.0,https://image.tmdb.org/t/p/w500/6dsQxILe0AHmQoxhK8O9dXpLTYd.jpg,https://image.tmdb.org/t/p/w500/dppFQVBFjqJXTdBAqrlkfPOrAZf.jpg
3244,39845.0,https://image.tmdb.org/t/p/w500/INezZQ0bkYMRHUl0AHX699NJak.jpg,https://image.tmdb.org/t/p/w500/6HT2Ep7riT2gOf9atuxW6gOY13G.jpg
3245,39851.0,https://image.tmdb.org/t/p/w500/srenglG0ITLow4pR35IvJiAYuiX.jpg,https://image.tmdb.org/t/p/w500/dwSdmuui68qmSCalGWsDZEgkgOg.jpg
3246,39895.0,https://image.tmdb.org/t/p/w500/h2UzUndAmuqJsluhCK7vZuVjyhu.jpg,https://image.tmdb.org/t/p/w500/3b2clZrmDvLquqrWp2CXjUJYRFX.jpg
3247,39939.0,https://image.tmdb.org/t/p/w500/yJyxPItcLNVfYr7idOphQTmQ9hK.jpg,https://image.tmdb.org/t/p/w500/syJIWYB1L14wdIiiH9Q7pft4ga5.jpg
3248,40001.0,https://image.tmdb.org/t/p/w500/ppHqVo9uAFZYMvRm9x0XUtnyQPR.jpg,https://image.tmdb.org/t/p/w500/2peKSpj2WqR5QxHqS1xzrwkRfNd.jpg
3249,40160.0,https://image.tmdb.org/t/p/w500/xMUuS1KFHRTFSf3PAY2tsbBdqkL.jpg,https://image.tmdb.org/t/p/w500/fqWjR25Vo0VZbYDGC2OLfA69GH1.jpg
3250,40185.0,https://image.tmdb.org/t/p/w500/nEnRGNk8DUSCZ3mnbURCLSYNzXt.jpg,https://image.tmdb.org/t/p/w500/1AQrQEQiPrhqIDuebNpe5KQr0N0.jpg
3251,40247.0,https://image.tmdb.org/t/p/w500/kft7oy2SoImjDUXgeFbUxhICdc2.jpg,https://image.tmdb.org/t/p/w500/fUvwgWXOejXIwVbYPg9qPeAGKZQ.jpg
3252,40264.0,https://image.tmdb.org/t/p/w500/ksPKfoXovAiFnBktkCBefsRQ8a1.jpg,https://image.tmdb.org/t/p/w500/uACr2UntrZNqlFpQYFlqbVAb1eW.jpg
3253,40428.0,https://image.tmdb.org/t/p/w500/glTnodgy1tZa794mnETfHjCPekC.jpg,
3254,40494.0,https://image.tmdb.org/t/p/w500/3EZKz21OMvvyYg3UqZ3BBzHjWiq.jpg,https://image.tmdb.org/t/p/w500/lSFjxHcbFnZb9gh6VJvsZ9t4d70.jpg
3256,40652.0,https://image.tmdb.org/t/p/w500/3NUhCU2LsffAZNe2Ej0ZjKIpRsi.jpg,https://image.tmdb.org/t/p/w500/sghiIicSkXstVJwzXhaFi2G0A9O.jpg
3257,40658.0,https://image.tmdb.org/t/p/w500/1z05uhHmSdXV8LGM8DPnBkf86DU.jpg,https://image.tmdb.org/t/p/w500/x88BYk8UbKBe5G2akki3AxMo7Ey.jpg
3259,40769.0,https://image.tmdb.org/t/p/w500/yjKHIcFue6Et3qsBbxcVUrGjGRM.jpg,https://image.tmdb.org/t/p/w500/nbWnSvZNuxYQyebD7OHJAuyJuBe.jpg
3261,40805.0,https://image.tmdb.org/t/p/w500/pecyADOvb3Ksey7KYU6V1enEOEc.jpg,https://image.tmdb.org/t/p/w500/aBCn1z1tJGivVhY1nHSrXOQqQwG.jpg
3263,40862.0,https://image.tmdb.org/t/p/w500/nIAgVj3KtdJiyFRUmUFdGAMxcRE.jpg,
3264,40880.0,https://image.tmdb.org/t/p/w500/dO7wct6RAdDKEaQrA9IYD4BsKJL.jpg,https://image.tmdb.org/t/p/w500/yUAL0nfgQWfMBehrigDnLIRHhB2.jpg
3265,40914.0,https://image.tmdb.org/t/p/w500/bfvSyXcyyBoXKsquUSXrMYtvDX5.jpg,https://image.tmdb.org/t/p/w500/yfrANNHKpiZEWo8e1QfByZXSjbH.jpg
3266,40920.0,https://image.tmdb.org/t/p/w500/9QjlmxgwN9kVsEjbNNm2NkzLvuz.jpg,
3268,40963.0,https://image.tmdb.org/t/p/w500/kLyiTbf0lRSZrISYMN67VuapRyP.jpg,https://image.tmdb.org/t/p/w500/fvUsgT7b6Sf6XesQmU7NDjvP1Ck.jpg
3269,41009.0,https://image.tmdb.org/t/p/w500/rZnWNxcIFNaTdshmkaFkmFkpQsB.jpg,https://image.tmdb.org/t/p/w500/hvIwXxtPjR3BuibN3BiY7GX7XYy.jpg
3270,41110.0,https://image.tmdb.org/t/p/w500/ss57QaZX5OE3YxoTZeKW5Y6U83S.jpg,https://image.tmdb.org/t/p/w500/z2HOdnH2LIrNOpF42eNw8bpOkkN.jpg
3271,41144.0,https://image.tmdb.org/t/p/w500/xtJrFdGB5QyatbNgLGXy1BogYtP.jpg,https://image.tmdb.org/t/p/w500/kdnuPzXT8h27S1rDu5TTpA7mKdf.jpg
3272,41154.0,https://image.tmdb.org/t/p/w500/90DdoEStzeObs96fsYf4GG544iN.jpg,https://image.tmdb.org/t/p/w500/5AhpUb8CAP0jZ4Wrn7AsRUYjZxB.jpg
3273,41210.0,https://image.tmdb.org/t/p/w500/oJdMT6RGtbvQ26Tk7EHGfG8xZ6.jpg,https://image.tmdb.org/t/p/w500/gh3uqEZQp4nhkyJqkGUJSgGr6AJ.jpg
3275,41233.0,https://image.tmdb.org/t/p/w500/rPcqa5TZ7S63RNmCuY45ZizFBen.jpg,https://image.tmdb.org/t/p/w500/iHUp2Ojhi6qhx4wIYtRR6ux7YbG.jpg
3276,41248.0,https://image.tmdb.org/t/p/w500/nche2N7Iu9hGJJcAKLpmeW4bEcM.jpg,https://image.tmdb.org/t/p/w500/nEXgu556SPLT6lTv2qAiRaTxlko.jpg
3277,41283.0,https://image.tmdb.org/t/p/w500/AsUeaXrhw4oscCSjUZ6heh1pVvd.jpg,https://image.tmdb.org/t/p/w500/jItFLAs2urRwwQ5rmc61LTd1les.jpg
3278,41317.0,https://image.tmdb.org/t/p/w500/bKX4NG5QMuyqDQTAcnpn83Tmokc.jpg,https://image.tmdb.org/t/p/w500/nJuLiTB7xdhXux827Smxmg2cRGU.jpg
3279,41382.0,https://image.tmdb.org/t/p/w500/6Eg93S0cMHLMFkeunqpmMkzs10A.jpg,https://image.tmdb.org/t/p/w500/uDXY0rVk8J1zLoem43udEfGBTqT.jpg
3280,41402.0,https://image.tmdb.org/t/p/w500/rgNb9nwPKwV45c5PTvFqFmpzGt0.jpg,https://image.tmdb.org/t/p/w500/4olBDCPKiKhyECMK7fNVp8iG1uF.jpg
3281,41436.0,https://image.tmdb.org/t/p/w500/gfdrkBZAyUUXJJ2iLQe03SAYRD3.jpg,https://image.tmdb.org/t/p/w500/lcw9r76AzazaUxRWVgC7YSPA4ua.jpg
3282,41439.0,https://image.tmdb.org/t/p/w500/qHCZ6LjtmqWDfXXN28TlIC9OppK.jpg,https://image.tmdb.org/t/p/w500/qXTSZkk8mQHnZjuRjW9fc2Ax5vj.jpg
3285,41479.0,https://image.tmdb.org/t/p/w500/5YINGouZK9pmPdMPAHv158eQf3o.jpg,https://image.tmdb.org/t/p/w500/sUx0SuDAVYhx2cJr0qqYRsnBNNH.jpg
3286,41488.0,https://image.tmdb.org/t/p/w500/a7IvoBJ70dp6U1fjRlvB04ZtxvF.jpg,https://image.tmdb.org/t/p/w500/uHFZdbtLAaAaVFKBowN1RTDD0oC.jpg
3287,41508.0,https://image.tmdb.org/t/p/w500/eLR8T7uNFNYYwne7Z1fAjQi8Nzy.jpg,https://image.tmdb.org/t/p/w500/mgpxgM0Cimklw3tqOfTgZfFJB2c.jpg
3288,41513.0,https://image.tmdb.org/t/p/w500/vRhnslP2gW0QDym7BsMeSuioUfK.jpg,https://image.tmdb.org/t/p/w500/iYLimHUF0C0R61v1ofg79SUIja9.jpg
3289,41515.0,https://image.tmdb.org/t/p/w500/5u6kGhqKVorNwcvz6zETWUPRmus.jpg,https://image.tmdb.org/t/p/w500/olt6xjI8QvrTmm1GTH6VtX6ROCl.jpg
3290,41630.0,https://image.tmdb.org/t/p/w500/9C09L1U9S13J4Ut029Qhu0oLcTQ.jpg,https://image.tmdb.org/t/p/w500/rSEfKLHDZKiMQWsyJIfKr9D0CaC.jpg
3291,41730.0,https://image.tmdb.org/t/p/w500/m81tA5hmjJ4Xzp3Yxs0dcnl8B1q.jpg,https://image.tmdb.org/t/p/w500/p647Ybydodyr4Qli20LV8olPX2z.jpg
3292,41733.0,https://image.tmdb.org/t/p/w500/sBxWS09pOOyXZ0dcnqfqqCAQGan.jpg,https://image.tmdb.org/t/p/w500/naV4PO7ftzNThYKGX44F8vRY2z3.jpg
3293,41823.0,https://image.tmdb.org/t/p/w500/sEa6m5RjfrqfTzY1eHkC85shiUF.jpg,https://image.tmdb.org/t/p/w500/5T01b2OxE85HC3nSKeULBDf98cP.jpg
3294,41830.0,https://image.tmdb.org/t/p/w500/lpAlr22qHyXKcNNFDLasXBlGFuJ.jpg,https://image.tmdb.org/t/p/w500/7Y8uwIMrHrkvCyK4PJdx6Pufy2Z.jpg
3295,41894.0,https://image.tmdb.org/t/p/w500/lI71wTBxaqChXMIW8TyUWnqw1ED.jpg,https://image.tmdb.org/t/p/w500/nYnVbZ36UTNBDeRM09WJ646RL3l.jpg
3296,42033.0,https://image.tmdb.org/t/p/w500/qPQ8gUy228PrCkIFQlUVMppaD5.jpg,https://image.tmdb.org/t/p/w500/mV8DiIihfq4MobBIIzaWPqfOcHG.jpg
3297,42057.0,https://image.tmdb.org/t/p/w500/uHXO6Fu4rWKmD2LLudXOeURWKDe.jpg,https://image.tmdb.org/t/p/w500/mkpOFz93P5kxwSYoIl5jxgOrres.jpg
3298,42109.0,https://image.tmdb.org/t/p/w500/ho99cPnYeKj1RepZxB4XWYzTyfY.jpg,https://image.tmdb.org/t/p/w500/uMKrWvrgwH3lnx6z4Fb8GoM7Hmp.jpg
3299,42151.0,https://image.tmdb.org/t/p/w500/2WMwkZ4Qmsi3X6WvfjvBsC1er6F.jpg,https://image.tmdb.org/t/p/w500/2JaMmGBZ9Q66N3brsLcLwDUeT0x.jpg
3300,42188.0,https://image.tmdb.org/t/p/w500/8F0r5ng9Fp60OhzQfR5v33fppq.jpg,https://image.tmdb.org/t/p/w500/ppf18IfACeWmkObqyjrhmNiL6G4.jpg
3302,42297.0,https://image.tmdb.org/t/p/w500/3U9zBIibERQZqYKM3N1a4MYgBsN.jpg,https://image.tmdb.org/t/p/w500/t5S0EaBud0lT4lbn4HvIFZ4EBU.jpg
3303,42345.0,https://image.tmdb.org/t/p/w500/3ywN7tPWiOkbalS2gAEPzNk4Nq9.jpg,https://image.tmdb.org/t/p/w500/hRVF7brFtRqpcjqqRSa6yXl4rqm.jpg
3305,42586.0,https://image.tmdb.org/t/p/w500/ugypriAtGu3LdUrp5bLkeIcg5Jf.jpg,https://image.tmdb.org/t/p/w500/5hCGMVTgs24FSsiLjZqGXoQ352j.jpg
3307,42684.0,https://image.tmdb.org/t/p/w500/7pdUFPw76zGwDKbNpXxJknh0YWB.jpg,https://image.tmdb.org/t/p/w500/22RHzAdZDXukBBFewCOT099jZWL.jpg
3308,42807.0,https://image.tmdb.org/t/p/w500/v3VuDClmFZNjfI6YLTkeinae9HK.jpg,https://image.tmdb.org/t/p/w500/nw0xlXxry89BlsErsuOMSIuxloq.jpg
3309,42819.0,https://image.tmdb.org/t/p/w500/cZnLXkvocKkB2FVBNycouH5AopG.jpg,https://image.tmdb.org/t/p/w500/wAysW57aZpCBlZ6n9KSvhEERdOl.jpg
3311,42889.0,https://image.tmdb.org/t/p/w500/krUYZAjEZ5n5GL7tuLoQGfxja0S.jpg,https://image.tmdb.org/t/p/w500/1Ub6KssTM5gOCtxtikoeNLsibDX.jpg
3313,43090.0,https://image.tmdb.org/t/p/w500/8Y4pBlpDZzzDYCJlsrhgwmFNYM8.jpg,https://image.tmdb.org/t/p/w500/od2WMBk2DftLXa9AtLWEOF2DhQo.jpg
3315,43266.0,https://image.tmdb.org/t/p/w500/8N7OmxBqjRVUrqergUduGgr6exy.jpg,https://image.tmdb.org/t/p/w500/ucQESsrG63LsA5HD70aaPxEyORk.jpg
3316,43306.0,https://image.tmdb.org/t/p/w500/rrdaUol9hZEde4HloyVuG860OH7.jpg,https://image.tmdb.org/t/p/w500/cez9he2zb0Jv2AdLhdxcpVph5FS.jpg
3317,43347.0,https://image.tmdb.org/t/p/w500/wZLM2uKJRYNchLmiCIjosX0rXy8.jpg,https://image.tmdb.org/t/p/w500/fGBJEfGjHmhg7nLAT0Jkcv9qV5e.jpg
3318,43418.0,https://image.tmdb.org/t/p/w500/5eHtQC77fmILNRd7FG70SOdChs8.jpg,https://image.tmdb.org/t/p/w500/fwNICuPTTExPBWTH8osYeEjTCbo.jpg
3319,43434.0,https://image.tmdb.org/t/p/w500/ee6EiUOXdvr7DvnBBEG691TNSKh.jpg,https://image.tmdb.org/t/p/w500/bYCj7U89sVREvaxFKpnk2kbnxnF.jpg
3320,43539.0,https://image.tmdb.org/t/p/w500/wBaRZ3aHa7qoYTSY0ONbXrXYk4B.jpg,https://image.tmdb.org/t/p/w500/kkuykQHWWTcmJ9yerrLF9elCtkc.jpg
3321,43546.0,https://image.tmdb.org/t/p/w500/9vqXU1hFpyLkJK4Wvt3bfUVMbqI.jpg,https://image.tmdb.org/t/p/w500/wPDRXiz4dUweMT37amhUbmSoNOf.jpg
3322,43593.0,https://image.tmdb.org/t/p/w500/o45mRbIDykJld6WktTuVtWm7s6E.jpg,https://image.tmdb.org/t/p/w500/AF0PiDItegyUtlBGDMGlSQbtro.jpg
3323,43595.0,https://image.tmdb.org/t/p/w500/kwxAUj8tf9kO2ESAriD8foYN28q.jpg,https://image.tmdb.org/t/p/w500/mzSpJ0ne8YiGLYd3UIssneTV9mJ.jpg
3324,43610.0,https://image.tmdb.org/t/p/w500/kiHMWi0OWMIovdCnd4AbMEyQh3c.jpg,https://image.tmdb.org/t/p/w500/yfd5hQMky9HttGy56BV3ZVKiV3D.jpg
3325,43630.0,https://image.tmdb.org/t/p/w500/yG81A3umqQ5Z4la0uA642A506s5.jpg,https://image.tmdb.org/t/p/w500/lD18BoqSGfdvIGNq4jlPZYQnEDj.jpg
3327,43743.0,https://image.tmdb.org/t/p/w500/1klhTzYcWdTmnL8sPIMwCqV9SGP.jpg,
3328,43839.0,https://image.tmdb.org/t/p/w500/tbmvwfs9C1eTIyCcuhdbnFeuQSA.jpg,https://image.tmdb.org/t/p/w500/zEHZBRf97910p4bL8HL398ZUs5p.jpg
3329,43867.0,https://image.tmdb.org/t/p/w500/tvMF7iljOgOXLvkVsWGr5GrPE4j.jpg,https://image.tmdb.org/t/p/w500/v6CJ1JMWGZf4wbCZotjClHl3Bhl.jpg
3330,43884.0,https://image.tmdb.org/t/p/w500/v7PFjyhEAWKGQ8g6cTGw4GzYKsa.jpg,https://image.tmdb.org/t/p/w500/dsrHhe5Ljve2WKwDUHJPIfyG3f1.jpg
3331,43923.0,https://image.tmdb.org/t/p/w500/hQE4q8Szeaae4davgB7o8MTLmwr.jpg,https://image.tmdb.org/t/p/w500/l7gkk5K0NnVSqZ0Qr4zkNskH9AC.jpg
3334,43935.0,https://image.tmdb.org/t/p/w500/nZdYn5IktnGVg7pRA2JHD1rdZDH.jpg,https://image.tmdb.org/t/p/w500/mbxu6J4qZ69JWNKITrHiR60IXx8.jpg
3335,43942.0,https://image.tmdb.org/t/p/w500/cPXdZeUKmIylEG8ml0tQOPt9SJ9.jpg,https://image.tmdb.org/t/p/w500/vLaaHMLYMZe5AdD4hf8oBRPagik.jpg
3336,43947.0,https://image.tmdb.org/t/p/w500/sD5mBllYcBR5sQTyR2VGYhpHf6B.jpg,https://image.tmdb.org/t/p/w500/f4QIQvecRkKD5t7aPclyIr3SEP.jpg
3337,43949.0,https://image.tmdb.org/t/p/w500/6zDYFigohwncqFL00MKbFV01dWb.jpg,https://image.tmdb.org/t/p/w500/xBSwwkAYl9h8QVG2OxNpSaSgJwr.jpg
3338,43959.0,https://image.tmdb.org/t/p/w500/cvgRxrEupUFeJ0xzUExJo4dMXbL.jpg,https://image.tmdb.org/t/p/w500/9eW3peWBtvM8ZOlFvjfKkHohSyX.jpg
3339,44009.0,https://image.tmdb.org/t/p/w500/zrkQcAatfBox5x9KZjaYGnKoqu6.jpg,https://image.tmdb.org/t/p/w500/8VPwE9Owon0lOUi1FdTfakEPVZM.jpg
3340,44040.0,https://image.tmdb.org/t/p/w500/aivXPSi53H95BoUa5njEYso389s.jpg,https://image.tmdb.org/t/p/w500/ixdki635IBcNserCl7GHbqiQOJf.jpg
3341,44048.0,https://image.tmdb.org/t/p/w500/zKvHwL0GqLOear8rTnUPSTRYY0r.jpg,https://image.tmdb.org/t/p/w500/5JdyKWEzY6MQmJcIEdhbP4HozzZ.jpg
3342,44092.0,https://image.tmdb.org/t/p/w500/jIQAm7YlBoZqllu4gbnagRlO9NY.jpg,https://image.tmdb.org/t/p/w500/dJXQ840kmEGefoJ0EQGlpZfsoic.jpg
3343,44113.0,https://image.tmdb.org/t/p/w500/mcdN6DntOAOtKNQKcRKnfFayFis.jpg,https://image.tmdb.org/t/p/w500/vJFZLY3v9Ol8BGzVLNTZy2z3jvK.jpg
3344,44115.0,https://image.tmdb.org/t/p/w500/h0RMdn0rfl9l5hWXz3tUh6QVkhi.jpg,https://image.tmdb.org/t/p/w500/viBWzktrBmhzRw4ehmUIrrN4C0z.jpg
3345,44147.0,https://image.tmdb.org/t/p/w500/ejKD5DQ7jouzEkz1fx5Fr8li2ZA.jpg,https://image.tmdb.org/t/p/w500/pcRb4kQ8AtmCyskyOZkOT6k0Bul.jpg
3346,44214.0,https://image.tmdb.org/t/p/w500/viWheBd44bouiLCHgNMvahLThqx.jpg,https://image.tmdb.org/t/p/w500/eDLp4uFdqP1gpy9oMrutwH6Q64I.jpg
3347,44260.0,https://image.tmdb.org/t/p/w500/uFdUv0neGCpaYLRJN45mnpc0pdR.jpg,
3348,44264.0,https://image.tmdb.org/t/p/w500/tCrB8pcjadZjsDk7rleGJaIv78k.jpg,https://image.tmdb.org/t/p/w500/5dwlH8Krm2bsuc2Pubw2cBb03g5.jpg
3349,44413.0,https://image.tmdb.org/t/p/w500/srA4HPJe0YpDTZ4L4Nj5psD7v48.jpg,https://image.tmdb.org/t/p/w500/s1K8dZkKIhhsrdUPE27AWaiK4fQ.jpg
3350,44490.0,https://image.tmdb.org/t/p/w500/k0GY9haWiwZtBOf2T7winwNcsep.jpg,https://image.tmdb.org/t/p/w500/njRm7HrrVnLenW16SGpcVznQE0f.jpg
3351,44555.0,https://image.tmdb.org/t/p/w500/zqIjReP7BAx3OqKayy7vwIQ1Kqv.jpg,https://image.tmdb.org/t/p/w500/6ZaQLu3cXlGREXLooynWH9aMm9O.jpg
3354,44594.0,https://image.tmdb.org/t/p/w500/ctHpUBRpnuGtwF4mYkKQVdjG8NI.jpg,https://image.tmdb.org/t/p/w500/foVE3jz33hNdNWEGqY6k0oBxnv6.jpg
3355,44603.0,https://image.tmdb.org/t/p/w500/nOy0X8XSmSDOuwV8pqT70WoWHwT.jpg,https://image.tmdb.org/t/p/w500/f2z00VIPyrrfFabw0RnoY5M8uYt.jpg
3356,44634.0,https://image.tmdb.org/t/p/w500/oiSE4CMsoipS6l1KLEAPIgN9VVY.jpg,https://image.tmdb.org/t/p/w500/lwLFyLObg1NuYAmkjHfDbMMILtP.jpg
3357,44638.0,https://image.tmdb.org/t/p/w500/9xnDtCsEoaooYYwmqrB2PBFVPag.jpg,https://image.tmdb.org/t/p/w500/9iyMoO8wLaML2adLqsKLisYAVD3.jpg
3358,44639.0,https://image.tmdb.org/t/p/w500/7yXXIWec24htucjsZS1sDuPLqw8.jpg,https://image.tmdb.org/t/p/w500/1yFmxvVYgVrFKL2ksFzgX0MrWOM.jpg
3359,44718.0,https://image.tmdb.org/t/p/w500/6uUaQ5zn9neK1VLqO2sGClbJrb9.jpg,https://image.tmdb.org/t/p/w500/zvMMye9YBD7sfcGyBEYSW6Lw4Ts.jpg
3360,44754.0,https://image.tmdb.org/t/p/w500/zqBao8uRH6TQAJd13tqC22vPB76.jpg,https://image.tmdb.org/t/p/w500/ugDpO1cu2RxL1URucxPLkT31KG3.jpg
3361,44770.0,https://image.tmdb.org/t/p/w500/xRJ4wgDtxwoDzKjVRjZ457kf85f.jpg,
3362,44826.0,https://image.tmdb.org/t/p/w500/1dxRq3o3l3bVWNRvvSb7rRf68qp.jpg,https://image.tmdb.org/t/p/w500/Aj81Gu3u1a64qXFOLDuF5gdxyy0.jpg
3363,44833.0,https://image.tmdb.org/t/p/w500/9b0Im7SfedHiajTwzSL9zGyBI7M.jpg,https://image.tmdb.org/t/p/w500/85PMh0cKywekAJYDnRXfezYAmEc.jpg
3364,44835.0,https://image.tmdb.org/t/p/w500/dD03azf3h1hUHVzVkkqJs96Kkay.jpg,https://image.tmdb.org/t/p/w500/1naAvovOZDe21QOvdJ4e6GnFqcs.jpg
3365,44853.0,https://image.tmdb.org/t/p/w500/drpLBTmnMOzDUVAd3jqeLjdolcf.jpg,https://image.tmdb.org/t/p/w500/aWvmJrHlKL34bue1OJzC2lm9arW.jpg
3367,44865.0,https://image.tmdb.org/t/p/w500/ydBVVIscL6TsX5hYztA5YpBCwJ3.jpg,https://image.tmdb.org/t/p/w500/hhT61DEebn8IicJbImFXw29GvRl.jpg
3369,44912.0,https://image.tmdb.org/t/p/w500/fj21HwUprqjjwTdkKC1XZurRSpV.jpg,https://image.tmdb.org/t/p/w500/tS3ByIQR6V61DaWhEIFbLSuLK5Q.jpg
3370,44943.0,https://image.tmdb.org/t/p/w500/jloyGeVYZSxM9zsLFvVOWuj2ey4.jpg,https://image.tmdb.org/t/p/w500/buspsNeIGOAznaYQsnGDmQLZakW.jpg
3371,44944.0,https://image.tmdb.org/t/p/w500/iEGTE4dRhckbfX8KVGZFxystznL.jpg,https://image.tmdb.org/t/p/w500/y2TaBwQAdNmEd9aIecpbKayyMj1.jpg
3372,44945.0,https://image.tmdb.org/t/p/w500/rXoZYWd2G7pBh8N8Cp5ZO5Sjzbl.jpg,https://image.tmdb.org/t/p/w500/iqrjewqeGYVrjxkVmmlL6DcgBT9.jpg
3373,44990.0,https://image.tmdb.org/t/p/w500/mEA5Vs7LoVS4dtotal9dc0kdgHz.jpg,https://image.tmdb.org/t/p/w500/hYL1LVJNRTNuJmUsoj96tA2NGOg.jpg
3374,45054.0,https://image.tmdb.org/t/p/w500/7y6ehxTLB1ZJl3xFVFbhcnoJx1m.jpg,https://image.tmdb.org/t/p/w500/lCjCPWK1gPouYo92WL21fHBOtCC.jpg
3375,45132.0,https://image.tmdb.org/t/p/w500/jZrRMGSajZQehg8mz74A5A00L3.jpg,https://image.tmdb.org/t/p/w500/5OGrBmi0fWAE6b1R6uv5EnuWOaL.jpg
3376,45138.0,https://image.tmdb.org/t/p/w500/nlCoQTTfVVuzpEbNe2H0ovjnsA.jpg,https://image.tmdb.org/t/p/w500/iNAMRPUEEsNIAiZL0RmVmIGjiv1.jpg
3377,45145.0,https://image.tmdb.org/t/p/w500/x1ZvgHwDUFsgqWhYUEcJcyHmZQW.jpg,https://image.tmdb.org/t/p/w500/fK0NyLXUxDbQyhUuK11qsBwquMH.jpg
3378,45153.0,https://image.tmdb.org/t/p/w500/33yTPcGSv7eo3FVlb7XKACHl1M8.jpg,https://image.tmdb.org/t/p/w500/dzoLlCiMhraAfCjQuudyVLcl8Le.jpg
3379,45226.0,https://image.tmdb.org/t/p/w500/4uDT9RF7JlZf1T0bn0p68DRVmNv.jpg,https://image.tmdb.org/t/p/w500/vHvfO2YuiznAbdOXNcCzVMLqV8Z.jpg
3380,45243.0,https://image.tmdb.org/t/p/w500/cKZu0Fdkj7dmwbfMpgDqVVCkLJQ.jpg,https://image.tmdb.org/t/p/w500/aGmsekNU5cMOkJMpbdRutkvmVMl.jpg
3382,45272.0,https://image.tmdb.org/t/p/w500/6C95tD92E9xm5poyyzs37bYemM0.jpg,https://image.tmdb.org/t/p/w500/hJgamYy7QSELC3UZSW9a3f0mjfe.jpg
3383,45317.0,https://image.tmdb.org/t/p/w500/xfsFerGhO1h6rLk8vwLgMyQ8WVJ.jpg,https://image.tmdb.org/t/p/w500/2kqmEQZqime0G3ULgrKtAq3WVdH.jpg
3384,45324.0,https://image.tmdb.org/t/p/w500/3Dpicp6VEtCSj39XBG5mnbe5TQ9.jpg,https://image.tmdb.org/t/p/w500/oRRUH6ckp2nQBexR4k6XQvKKcSE.jpg
3385,45380.0,https://image.tmdb.org/t/p/w500/4NVNv2sQKZKb1HtGExUqp3Ukd7f.jpg,https://image.tmdb.org/t/p/w500/yeQZTan6q2W9Lo69QjHULCJAwbJ.jpg
3386,45610.0,https://image.tmdb.org/t/p/w500/534yDalJ8rybnSn8VZ9XPWU3egc.jpg,https://image.tmdb.org/t/p/w500/tyO7uhV4803mnSwSAhjKhKV1bMN.jpg
3387,45612.0,https://image.tmdb.org/t/p/w500/nTr0lvAzeQmUjgSgDEHTJpnrxTz.jpg,https://image.tmdb.org/t/p/w500/mDb4uku4zEElsITXDpbir4fR0HW.jpg
3388,45649.0,https://image.tmdb.org/t/p/w500/mWgCORI5IC5vOvB2cDVQe0YNtXZ.jpg,https://image.tmdb.org/t/p/w500/cqfaq9uczoHBBug74eORBH4Jcpe.jpg
3389,45650.0,https://image.tmdb.org/t/p/w500/tQMxsrsVtpB2D2n01nUqgOMmSWD.jpg,https://image.tmdb.org/t/p/w500/zK4ST48F7pmhBmMILhv6vvQO4n4.jpg
3390,45658.0,https://image.tmdb.org/t/p/w500/n4wMD3LHyo3nYZNWEOGLzgdyWjX.jpg,https://image.tmdb.org/t/p/w500/j5qlN86CVojseTMpFVJe92rwlKL.jpg
3393,45881.0,https://image.tmdb.org/t/p/w500/jp26f92Z28eFVmwZ90Q09bnrBEB.jpg,https://image.tmdb.org/t/p/w500/lS3bFdov7fPGn6wlVwVnMAcLDZO.jpg
3394,45958.0,https://image.tmdb.org/t/p/w500/4BLshBMp8INRDhvfuKwxMlHDIIt.jpg,https://image.tmdb.org/t/p/w500/s1r2aBDzkvlFkNnAgxWFTCQjKPe.jpg
3395,46138.0,https://image.tmdb.org/t/p/w500/lcQGPxuk0fclp9UrFevI2lhDi1l.jpg,https://image.tmdb.org/t/p/w500/tEZ7LpbILQAbabjqJXvRzB9mF2L.jpg
3397,46195.0,https://image.tmdb.org/t/p/w500/4nJxhUknKV8Gqdhov8pU1YWDYfb.jpg,https://image.tmdb.org/t/p/w500/3vxlXdwBKztOJdgiZ2Qwasl9FY4.jpg
3398,46252.0,https://image.tmdb.org/t/p/w500/4f08y1AJ7LD3qpOVOShtMPOiWCe.jpg,https://image.tmdb.org/t/p/w500/9XgpiZrWboJgkywtfChexB8QME.jpg
3399,46256.0,https://image.tmdb.org/t/p/w500/dOF8yD82vboFuC0gbJdZtz2JeI8.jpg,https://image.tmdb.org/t/p/w500/4wfEboIK9fbPMP0zbAuxPwxSiTJ.jpg
3400,46261.0,https://image.tmdb.org/t/p/w500/jMBMm1jwqvILV8p1K44brBnmwLK.jpg,https://image.tmdb.org/t/p/w500/wJgVvjUOo8NCPoH6oDQ17mL1RhN.jpg
3402,46415.0,https://image.tmdb.org/t/p/w500/aCjfuhKLvnH4K1QaxB2GJkGicWY.jpg,https://image.tmdb.org/t/p/w500/iPmC9CfBKmfVnxxHJmykoyrQWhZ.jpg
3403,46420.0,https://image.tmdb.org/t/p/w500/ydsLYdSiPSIL1LOWWYu7VCvDTT8.jpg,https://image.tmdb.org/t/p/w500/wu2oDlbB8I2UMZIumWfbDi6oiYa.jpg
3405,46503.0,https://image.tmdb.org/t/p/w500/3RM8SyB0yHanJbYeHdgi5eLv21C.jpg,https://image.tmdb.org/t/p/w500/mP6YfpOBBub03BMKzQssw9GnNgb.jpg
3406,46528.0,https://image.tmdb.org/t/p/w500/otjBqNDpZ3C9mzfDOI4kaiib3Qd.jpg,https://image.tmdb.org/t/p/w500/6FhmSHAmSjm5FGpLe2xqAl7ekFP.jpg
3407,46529.0,https://image.tmdb.org/t/p/w500/tPxc7Bb5ZTSFMlCjYxzVWOVy8gD.jpg,https://image.tmdb.org/t/p/w500/lR8eHumEoL8FkszpDvbEUZRXVt5.jpg
3408,46705.0,https://image.tmdb.org/t/p/w500/dc8BdKnDY5Iy28KzUGtHIXuqqFK.jpg,https://image.tmdb.org/t/p/w500/fAqpfILTPsaKpAzoAvkXf5glgSo.jpg
3409,46727.0,https://image.tmdb.org/t/p/w500/tk5Y7CIC9B4a2mXx8pOB1wJJwHN.jpg,https://image.tmdb.org/t/p/w500/uycElQXtwMo5dRpiy8Ji9wIbZuJ.jpg
3410,46729.0,https://image.tmdb.org/t/p/w500/p7vuoA0vIldc9t48CRwougpidoj.jpg,https://image.tmdb.org/t/p/w500/wCOriuQU0QtMlN4jG9I1C1qYkSI.jpg
3411,46738.0,https://image.tmdb.org/t/p/w500/yH6DAQVgbyj72S66gN4WWVoTjuf.jpg,https://image.tmdb.org/t/p/w500/f3ATwil5vmUeTsogBaMEKbBYBth.jpg
3412,46829.0,https://image.tmdb.org/t/p/w500/vdsSaFbBWl8N6RV2XJuPBFyKeV8.jpg,https://image.tmdb.org/t/p/w500/p6LMRDs7yG2meMDW2WFwc7YKhuy.jpg
3414,46849.0,https://image.tmdb.org/t/p/w500/8oaWtuz9pfRtCOtHQ5KIWB3vnYP.jpg,https://image.tmdb.org/t/p/w500/pZLNp1YU68ylUo9I21AAEOFop0B.jpg
3415,46889.0,https://image.tmdb.org/t/p/w500/uegG68vP7leUDQbG8fP4ihgTo0i.jpg,https://image.tmdb.org/t/p/w500/V75E91kcObuMD83BcQXUE5IKei.jpg
3416,46989.0,https://image.tmdb.org/t/p/w500/6xld6dA6rlctR9mUtcVRigZTfu5.jpg,https://image.tmdb.org/t/p/w500/hpfL1vsEiCsMLd5s9oKxYQtxvuX.jpg
3417,47088.0,https://image.tmdb.org/t/p/w500/tkQkXXedFIe9HrVgl6wOfKMJQet.jpg,https://image.tmdb.org/t/p/w500/alfENUplhcpJriEjARJ3EocSjgw.jpg
3418,47327.0,https://image.tmdb.org/t/p/w500/nx2pChi41Xv4dsXsfSG3gnKcWaY.jpg,https://image.tmdb.org/t/p/w500/63QcB4IQpvoyROk9dLgcbHo9LYT.jpg
3419,47452.0,https://image.tmdb.org/t/p/w500/2jCmP9j43QXy48oQFpzM4oaYRc7.jpg,https://image.tmdb.org/t/p/w500/h0hl22aEoTduH5dpC8BtSR40Ex.jpg
3423,47607.0,https://image.tmdb.org/t/p/w500/5T81WvUlc1Our3UwmluXBBc3L0k.jpg,https://image.tmdb.org/t/p/w500/pyXuLJm0IfkvqQS8F2mJpqEGX0R.jpg
3424,47686.0,https://image.tmdb.org/t/p/w500/wEYVS0WSCC7ZtT9D1ZnpGA3RvDK.jpg,https://image.tmdb.org/t/p/w500/1wrY3Leo7hOEoqJzs6LcmdEUlaU.jpg
3425,47692.0,https://image.tmdb.org/t/p/w500/itqEwiINuYvaqvFKw5YWitnqAUc.jpg,https://image.tmdb.org/t/p/w500/vUfm9rRJdLRFCJnJd7TDeOU3Ihz.jpg
3426,47816.0,https://image.tmdb.org/t/p/w500/ca7xVIgh7UYsFOCBLP8ERmBktC5.jpg,https://image.tmdb.org/t/p/w500/h7paUmJnLHYeSMRhT1JYlviI8IS.jpg
3427,47889.0,https://image.tmdb.org/t/p/w500/gk0vbIVYwpXxSf1wQbS2r9IsBoV.jpg,https://image.tmdb.org/t/p/w500/zcPBI0vCuYkG9ml8E3loZPtI7Ye.jpg
3428,47890.0,https://image.tmdb.org/t/p/w500/kqAEPlF6TzBHZJK5RKusam0Y79Y.jpg,https://image.tmdb.org/t/p/w500/rYzvq0CwDQo3dLyLySegcy73NC9.jpg
3430,47941.0,https://image.tmdb.org/t/p/w500/mCdXzpghn4tPz6hbQcvS2UwOh1C.jpg,https://image.tmdb.org/t/p/w500/xHSOLh7E8YF8otfk3QokhHMfugk.jpg
3431,47964.0,https://image.tmdb.org/t/p/w500/qJ0csDXAVFMsNn0cRcjy6W6PxAK.jpg,https://image.tmdb.org/t/p/w500/wFUkS5cnMf3I8ysIPWzIXpTsuR7.jpg
3432,48034.0,https://image.tmdb.org/t/p/w500/djypJtQfUxeEMh6kc0aRzIoN9UR.jpg,https://image.tmdb.org/t/p/w500/aDKuDfEAYa2VENKd155D4ZoAl7c.jpg
3433,48035.0,https://image.tmdb.org/t/p/w500/c9Oef9uQEuadZlnvv8hphRmTIgx.jpg,https://image.tmdb.org/t/p/w500/62pTb3zkfE2860lIqQFlxQ5tUEL.jpg
3434,48138.0,https://image.tmdb.org/t/p/w500/aXBQD515okXQZmYA89ntXMvSJSd.jpg,https://image.tmdb.org/t/p/w500/f2d419xzKDbtVpToJorTxlKMvgQ.jpg
3435,48171.0,https://image.tmdb.org/t/p/w500/gRTxM95huMwIDfZBJWjuifMTfpx.jpg,https://image.tmdb.org/t/p/w500/qJxSCLGqkSdlvDBIbPqCnCnvV70.jpg
3436,48217.0,https://image.tmdb.org/t/p/w500/dFQ2kQA9JlAIO0uL2KkrsmI4o2O.jpg,https://image.tmdb.org/t/p/w500/32SGFXLRJLaPzz2Sec0M7CXMGd8.jpg
3437,48231.0,https://image.tmdb.org/t/p/w500/7TPYtzq9ABkfED1JB0tRASamL4z.jpg,https://image.tmdb.org/t/p/w500/iGMz1vJEVZNdBafpE7vrHIj1Quo.jpg
3438,48289.0,https://image.tmdb.org/t/p/w500/zlavkPAIzIIQppcU9vcQrKZjfmb.jpg,https://image.tmdb.org/t/p/w500/zKK43d0ilNFmhmLUARWow5WlHVr.jpg
3439,48309.0,https://image.tmdb.org/t/p/w500/bB6iCnYO1dlVA1kZp04acFyXTpg.jpg,https://image.tmdb.org/t/p/w500/vzL6klPoUMgRC2wEkG25EiP7GcU.jpg
3440,48340.0,https://image.tmdb.org/t/p/w500/zRUNv1CbeVtmTCNr6RLHnxV2QYm.jpg,https://image.tmdb.org/t/p/w500/AfJdtxxhbA0E6vlzRRcXDUNdBEB.jpg
3442,48463.0,https://image.tmdb.org/t/p/w500/hsBmbcL4KiZerEwFJO4BHlvnbA8.jpg,https://image.tmdb.org/t/p/w500/2yOQlNiVanHwBEbTaIzf5oOI60L.jpg
3443,48572.0,https://image.tmdb.org/t/p/w500/mbukOgivZWGNAxEQVt4hLUVME2P.jpg,https://image.tmdb.org/t/p/w500/kEr29qsdYt5FQ2sBORL9DBgGrJw.jpg
3444,48620.0,https://image.tmdb.org/t/p/w500/frNp8Rmkr8wBDyKrZ89gYvrtxBa.jpg,https://image.tmdb.org/t/p/w500/lGWT72QzlEkICmYXw3nNjoLtNcZ.jpg
3445,48988.0,https://image.tmdb.org/t/p/w500/eol3uD6whQKOKCmmhF7z39fq2Pe.jpg,https://image.tmdb.org/t/p/w500/zqoWOXXLUNr0MUl5cih0m8lNm4I.jpg
3446,49010.0,https://image.tmdb.org/t/p/w500/xxMaO7VoN2BnZit79PedVHnTjcO.jpg,https://image.tmdb.org/t/p/w500/7ugJdVksDA4oYCxZY6tHhsG2NyV.jpg
3447,49013.0,https://image.tmdb.org/t/p/w500/okIz1HyxeVOMzYwwHUjH2pHi74I.jpg,https://image.tmdb.org/t/p/w500/robYRZk9LxJTwD7GlZCginji5k.jpg
3448,49017.0,https://image.tmdb.org/t/p/w500/m5h3NtZ2ZfryIHl1MvatmANvIqQ.jpg,https://image.tmdb.org/t/p/w500/oa0bHsnrD96miW3Yx10HWb211Sj.jpg
3449,49018.0,https://image.tmdb.org/t/p/w500/8su4HXNbbOHBDT3dIc9aWlL5aZ6.jpg,https://image.tmdb.org/t/p/w500/tJvRdhlkonjBLBUpTqp0RPPujxJ.jpg
3450,49020.0,https://image.tmdb.org/t/p/w500/nbzXX3CYtKUBrPeMcG7PVoLQHXB.jpg,https://image.tmdb.org/t/p/w500/k0Xr1jjwYO5p1un1S615g8FJ46Z.jpg
3451,49021.0,https://image.tmdb.org/t/p/w500/7O2U0WPFPSvNSUYZlhbnV081lBF.jpg,https://image.tmdb.org/t/p/w500/RzIuQRoXiO8WeFdjtnjUCzSymV.jpg
3452,49022.0,https://image.tmdb.org/t/p/w500/66VZu75VeLGc6tcAypqyGzWcPeN.jpg,https://image.tmdb.org/t/p/w500/pKh2qMYoC5vXaRiU0qBK3IPXk76.jpg
3453,49026.0,https://image.tmdb.org/t/p/w500/hr0L2aueqlP2BYUblTTjmtn0hw4.jpg,https://image.tmdb.org/t/p/w500/y2DB71C4nyIdMrANijz8mzvQtk6.jpg
3455,49047.0,https://image.tmdb.org/t/p/w500/kZ2nZw8D681aphje8NJi8EfbL1U.jpg,https://image.tmdb.org/t/p/w500/a2n6bKD7qhCPCAEALgsAhWOAQcc.jpg
3456,49049.0,https://image.tmdb.org/t/p/w500/wLx65gtGVnUFCxceHWGszcruCZj.jpg,https://image.tmdb.org/t/p/w500/jUqDBi02CDjqrroC3Zl8hroBbSr.jpg
3457,49051.0,https://image.tmdb.org/t/p/w500/yHA9Fc37VmpUA5UncTxxo3rTGVA.jpg,https://image.tmdb.org/t/p/w500/xyXmtuvsoM5J3yNad0nvcetpBdY.jpg
3458,49081.0,https://image.tmdb.org/t/p/w500/uH55rXL4ad8TEm0vtlsFtXhZwKv.jpg,https://image.tmdb.org/t/p/w500/hV08RBcFOVsgTrHQAaPQrFH90vp.jpg
3459,49365.0,https://image.tmdb.org/t/p/w500/AevfLQ5c0ZGtO3clHawg9L2XAQ2.jpg,https://image.tmdb.org/t/p/w500/tMNCR3JQ7AsjmQ9ovUU0Ohg3RPB.jpg
3460,49444.0,https://image.tmdb.org/t/p/w500/mtqqD00vB4PGRt20gWtGqFhrkd0.jpg,https://image.tmdb.org/t/p/w500/reHkSQwiYKK4SabnGDY1FWKie82.jpg
3461,49471.0,https://image.tmdb.org/t/p/w500/7p8FvHMSr11LQw9Xv6dPJdrBeU2.jpg,https://image.tmdb.org/t/p/w500/nITF6wXK8Icm3FitDNw54bGNaHv.jpg
3462,49478.0,https://image.tmdb.org/t/p/w500/8fT8cttGyXx36P24W0tum2QxsLf.jpg,https://image.tmdb.org/t/p/w500/fmlKLVNNL62XJ28fhU2SjlozJl.jpg
3463,49517.0,https://image.tmdb.org/t/p/w500/e0dZ7TapGY9HtJ9xk1TUHPEOccl.jpg,https://image.tmdb.org/t/p/w500/6ZwscHN0bSIueTVTo6mlTGUUP90.jpg
3464,49519.0,https://image.tmdb.org/t/p/w500/27zvjVOtOi5ped1HSlJKNsKXkFH.jpg,https://image.tmdb.org/t/p/w500/wFN8llYh215M8i2fqWAcPV8CSyL.jpg
3465,49520.0,https://image.tmdb.org/t/p/w500/iV6ARQZyGpjygtzFMdWH9U1Lj9x.jpg,https://image.tmdb.org/t/p/w500/mMxbSeNEkiddadwyuHrU21621U.jpg
3466,49521.0,https://image.tmdb.org/t/p/w500/8GFtkImmK0K1VaUChR0n9O61CFU.jpg,https://image.tmdb.org/t/p/w500/69EFgWWPFWbRNHmQgYdSnyJ94Ge.jpg
3467,49524.0,https://image.tmdb.org/t/p/w500/rS0kByPD4YF8pQ85KjzMdGiu7Xf.jpg,https://image.tmdb.org/t/p/w500/6KJcFFE1iBPC0Xj0iPCcmMvS5WK.jpg
3468,49526.0,https://image.tmdb.org/t/p/w500/gHnGhJmE0LByOd4RS2mOASmUqQu.jpg,https://image.tmdb.org/t/p/w500/5I1VkAjzeo0arQQ7pFVymQsNrqN.jpg
3470,49529.0,https://image.tmdb.org/t/p/w500/lCxz1Yus07QCQQCb6I0Dr3Lmqpx.jpg,https://image.tmdb.org/t/p/w500/689yJyzzy6yGj359HrsT9KWyeWA.jpg
3471,49530.0,https://image.tmdb.org/t/p/w500/3Mwj2sIONQckOZP3YwsUXF7U5I4.jpg,https://image.tmdb.org/t/p/w500/pxL08w7Eq0vKrQ3mJzYp0VHGaKG.jpg
3472,49538.0,https://image.tmdb.org/t/p/w500/hNEokmUke0dazoBhttFN0o3L7Xv.jpg,https://image.tmdb.org/t/p/w500/yhp5Pt4GugkCs5mz63qWz5khHXe.jpg
3473,49730.0,https://image.tmdb.org/t/p/w500/ixQYkLeLlTTnAoT32dukndyObB6.jpg,https://image.tmdb.org/t/p/w500/r4A5SQSGTfleodMm45w7MJgE2WF.jpg
3475,49852.0,https://image.tmdb.org/t/p/w500/8qpovUSOZiqFOpsHoByfKojI8iC.jpg,https://image.tmdb.org/t/p/w500/y6ttkVRr6S3FCLxlohx9tyNdeIJ.jpg
3476,49948.0,https://image.tmdb.org/t/p/w500/5rwAtUaKEK48CPUijVfVU0IPKPZ.jpg,https://image.tmdb.org/t/p/w500/wBQ2tSdXgAOAdH14VgXtN9qD0Ol.jpg
3477,49950.0,https://image.tmdb.org/t/p/w500/kQZcOn5rDuwpbQTluC4Wm0amYmR.jpg,https://image.tmdb.org/t/p/w500/501U1FiY8ylubAlDbz6UcTHxvfA.jpg
3478,49951.0,https://image.tmdb.org/t/p/w500/9iZuJ4I5Fxr8EeRMvoDIJRxOL3e.jpg,https://image.tmdb.org/t/p/w500/39QtxGChiU424U4TqAkIwMDmxoA.jpg
3479,49953.0,https://image.tmdb.org/t/p/w500/jYz1FQjspxQCUCMXuB4ihnH9Y03.jpg,https://image.tmdb.org/t/p/w500/rhJJ1ws02oRcwQzxoM8c6pP6U3M.jpg
3480,49963.0,https://image.tmdb.org/t/p/w500/m8JMJQUfGwGt7gse8aoduAcTYE.jpg,https://image.tmdb.org/t/p/w500/qyUcA9yqly33P0shcexLmVwhBPS.jpg
3481,50014.0,https://image.tmdb.org/t/p/w500/3kmfoWWEc9Vtyuaf9v5VipRgdjx.jpg,https://image.tmdb.org/t/p/w500/wyvUmyzqGOBDyqLHRSukGDjI7bH.jpg
3482,50035.0,https://image.tmdb.org/t/p/w500/4HZ7Y7N4KHapO5ylOY8BePQYC5X.jpg,https://image.tmdb.org/t/p/w500/k61yNqKbQjokBZh2bvmXjieuSnH.jpg
3483,50037.0,https://image.tmdb.org/t/p/w500/uhomcCTQ3lO8L6mLhkCMypsnroO.jpg,https://image.tmdb.org/t/p/w500/ax9TM12FIYiEPOto4vDw5gLdGCU.jpg
3485,50321.0,https://image.tmdb.org/t/p/w500/yZBrpe4bxwDIDKBxPeJYrlyDK5R.jpg,https://image.tmdb.org/t/p/w500/sU9wVEAgWPXPULYQMctd0T5MCdI.jpg
3486,50348.0,https://image.tmdb.org/t/p/w500/gOn8Ve9Yi8fxjRkmLr5BZoOc7KV.jpg,https://image.tmdb.org/t/p/w500/j9QaQVuyQIEwckUbjHpAgA7E4jJ.jpg
3487,50357.0,https://image.tmdb.org/t/p/w500/4bLqU6YncqvKETzvPZPPoVrLUYM.jpg,https://image.tmdb.org/t/p/w500/4HAF3vOCHnCwLD2jLS6MN57HQ2n.jpg
3488,50359.0,https://image.tmdb.org/t/p/w500/2FrDmwXWjRE1zpNP288YncRt5RF.jpg,https://image.tmdb.org/t/p/w500/h217Zex0muVgQDfXoeQ7cQXwHzS.jpg
3489,50456.0,https://image.tmdb.org/t/p/w500/6QDeHwBXDHbCbuzStgUpuUAqnap.jpg,https://image.tmdb.org/t/p/w500/qq39KWLKBBJmOtj54grO58XyoXG.jpg
3490,50497.0,https://image.tmdb.org/t/p/w500/bdsUVOLDADbfIWSJflJSgE8J3Ai.jpg,https://image.tmdb.org/t/p/w500/vSJnG5qO64ERig9aSWcBiy8ybqG.jpg
3491,50538.0,https://image.tmdb.org/t/p/w500/93xPP1fTVVMcI7oqfGWxSOjLhk0.jpg,https://image.tmdb.org/t/p/w500/AcB5zkVUYGnFFYqCPcfzTTsILGj.jpg
3493,50546.0,https://image.tmdb.org/t/p/w500/3rz7bfGsPGcI6cfY002n9VrUgao.jpg,https://image.tmdb.org/t/p/w500/xoYEe7RvAHWC59Jbo1tdktB4v2a.jpg
3494,50601.0,https://image.tmdb.org/t/p/w500/iRH1VspiF7lyHj7P4mRP5tqmqxv.jpg,https://image.tmdb.org/t/p/w500/2dnkRdmv7nQxb18X7eXv9uNBA3R.jpg
3495,50619.0,https://image.tmdb.org/t/p/w500/qs8LsHKYlVRmJbFUiSUhhRAygwj.jpg,https://image.tmdb.org/t/p/w500/iPqoeXEfByDN399PQQ42IJHV2kN.jpg
3497,50647.0,https://image.tmdb.org/t/p/w500/hH1Bla0W4YIn9sdd9NwODzDCcE4.jpg,https://image.tmdb.org/t/p/w500/t4ykoxb5Ofmvbnnbv2u2r7HkjCS.jpg
3498,50698.0,https://image.tmdb.org/t/p/w500/8vnsB3Rg9Gb91UOaecXRb7dYB37.jpg,https://image.tmdb.org/t/p/w500/mZdvVaC59aYRKKcl96hiia2nQp2.jpg
3499,50725.0,https://image.tmdb.org/t/p/w500/nInduPOusI1alDIC0UttFjDIKsO.jpg,https://image.tmdb.org/t/p/w500/enxf96h8wGxqnByfVg3ZlsPTu7Z.jpg
3500,50780.0,https://image.tmdb.org/t/p/w500/nlaWgS7iIb6MG3t0FitV1xdPqIV.jpg,https://image.tmdb.org/t/p/w500/sCjTJ3R8UKmyd9dvMPLQ61nZIfY.jpg
3501,50837.0,https://image.tmdb.org/t/p/w500/bgB4sa9UfCyGdamfKAZXyEWuAwR.jpg,https://image.tmdb.org/t/p/w500/eN60BXsEWxFfgatPpYbGMVO5qdM.jpg
3502,50839.0,https://image.tmdb.org/t/p/w500/xNXYXJ3XNC9o5wxDF2ImZ9b2es.jpg,https://image.tmdb.org/t/p/w500/fIriCG54pJZoMGvoHHLCPn5y7Cx.jpg
3503,50848.0,https://image.tmdb.org/t/p/w500/qnUyni6Cc5bQbgyvvof6yNwoIUd.jpg,https://image.tmdb.org/t/p/w500/xZdIykZigrLEwD7ILa4mvII4VcD.jpg
3504,50875.0,https://image.tmdb.org/t/p/w500/xFvN6OVYGwPokUnkZlKxd1coxbS.jpg,https://image.tmdb.org/t/p/w500/evC47eVO3jBNb1iaXyc5TdnDMgl.jpg
3505,54825.0,https://image.tmdb.org/t/p/w500/Ap8XavPP8AyvW9TDQDAZzEGT200.jpg,https://image.tmdb.org/t/p/w500/xs2SV4uzFDug2PU7GD2JKFAA0Zg.jpg
3506,51052.0,https://image.tmdb.org/t/p/w500/brELZkSbkLrcCXJ0xt5hQUMXhut.jpg,https://image.tmdb.org/t/p/w500/hwtYE4Gs0IsBnrJ0nTZItOXlz19.jpg
3507,51130.0,https://image.tmdb.org/t/p/w500/hPxKrniv4RmgdK2qldLWtgUoeHO.jpg,https://image.tmdb.org/t/p/w500/pkEsDmkKiZMRGMPLuxQofmh6OZM.jpg
3508,51162.0,https://image.tmdb.org/t/p/w500/xlFs85nq62jeR4a9iHNGB113m6x.jpg,https://image.tmdb.org/t/p/w500/e0SlSnLQzIhdcr86akVJinA1Jau.jpg
3510,51497.0,https://image.tmdb.org/t/p/w500/gEfQjjQwY7fh5bI4GlG0RrBu7Pz.jpg,https://image.tmdb.org/t/p/w500/c1Q8jLoaruQ9m5lCrVlXOaJJtu7.jpg
3511,51540.0,https://image.tmdb.org/t/p/w500/uQkUwgyFHAm0jGQERPG6Z9o9Zbj.jpg,https://image.tmdb.org/t/p/w500/9fkYHcOtaz4cKmlDWw7tqUr5TUt.jpg
3512,51588.0,https://image.tmdb.org/t/p/w500/pOYSCjYylOsEPkql3m9gcV1jycR.jpg,https://image.tmdb.org/t/p/w500/mN0rbiE6kEyVefPTLOBmICfvxJJ.jpg
3513,51820.0,https://image.tmdb.org/t/p/w500/uI38GTzFL00G2VJSzRUEuOnSE3s.jpg,https://image.tmdb.org/t/p/w500/zahmZicCiCSadRaGr3rxct5xT5X.jpg
3514,51828.0,https://image.tmdb.org/t/p/w500/n9jMwSg4IavdD8wqdYnyW5w3Mvp.jpg,https://image.tmdb.org/t/p/w500/1PJtX1UUieACKg3eKxuNBb3QEo7.jpg
3516,51955.0,https://image.tmdb.org/t/p/w500/vJutTuVdm5XxL3ixMFqw2o0AS8C.jpg,https://image.tmdb.org/t/p/w500/wgCUuIFoR1EFgt7DmkoYuHXSzXZ.jpg
3517,51995.0,https://image.tmdb.org/t/p/w500/q8kPPcpPUGhdAOP5LYHDMKZBXYP.jpg,https://image.tmdb.org/t/p/w500/apMLieYY9z6tgBHLbCA7wsuar02.jpg
3520,52032.0,https://image.tmdb.org/t/p/w500/8Q71A1mENLzE8jUlNe1HGybMJKW.jpg,https://image.tmdb.org/t/p/w500/qCPe2T20o8Z04SFtU1c3hv9C3b5.jpg
3521,52067.0,https://image.tmdb.org/t/p/w500/udHprtPPfDHdcR1ijoY24mt9OB1.jpg,https://image.tmdb.org/t/p/w500/uWcDpcbIlIwHkdtklsAoyrBkdTZ.jpg
3522,52449.0,https://image.tmdb.org/t/p/w500/zpIY4qUSX91J9XpPgr0hFrk1eKr.jpg,https://image.tmdb.org/t/p/w500/tSir1KH6WgQNAEDzf50tcrPiPzC.jpg
3523,52451.0,https://image.tmdb.org/t/p/w500/woCADkkDIIKrOMEokbFOEsAYtUa.jpg,https://image.tmdb.org/t/p/w500/9AsvvkDQiYFBszOJ8VYDUFTdiVi.jpg
3524,52462.0,https://image.tmdb.org/t/p/w500/k6UZzTszSpIysEt3mk47U93iS0v.jpg,https://image.tmdb.org/t/p/w500/cKZTdEyaU74CbuhdlnkV681DGHk.jpg
3525,52520.0,https://image.tmdb.org/t/p/w500/jN0uuc8U6M3sTg9zEaliJV60Stf.jpg,https://image.tmdb.org/t/p/w500/wJJJS5ey53DqJ3cTuu7GFJsRsWu.jpg
3526,52790.0,https://image.tmdb.org/t/p/w500/4i98DTRSDGk6JiKBc1LDBvxelw.jpg,
3527,53113.0,https://image.tmdb.org/t/p/w500/hOYQIMtrqVeHUBe999V1KIqO7Gf.jpg,https://image.tmdb.org/t/p/w500/4IrOhjmbvDcl4czUTB15CLfKtL0.jpg
3529,10193.0,https://image.tmdb.org/t/p/w500/AbbXspMOwdvwWZgVN0nabZq03Ec.jpg,https://image.tmdb.org/t/p/w500/uAfhsySkr1UzQg1zdg3dZQRz9Fd.jpg
3530,53457.0,https://image.tmdb.org/t/p/w500/peGUaf6HrX7jSi1HifX64QJb7pm.jpg,https://image.tmdb.org/t/p/w500/5T81akDLRbEBpqNSr61EuxSCfMK.jpg
3531,53502.0,https://image.tmdb.org/t/p/w500/hnRcpyyhjhjBrS5KVGXM2SA1Dz3.jpg,https://image.tmdb.org/t/p/w500/A0khLB59DRdO8omFG3Lo7lJJ8H7.jpg
3532,53862.0,https://image.tmdb.org/t/p/w500/gKdbdPg6Ye8TOpGGDFQ0NeVVSSI.jpg,https://image.tmdb.org/t/p/w500/imDJN3JFrjbrgSweymA9nHVz5tt.jpg
3533,53953.0,https://image.tmdb.org/t/p/w500/i0dms1hH1ObbysPscPDKjgqNns0.jpg,https://image.tmdb.org/t/p/w500/gEJcuqzvjFDzOvN20K9l2UGjb7l.jpg
3534,54054.0,https://image.tmdb.org/t/p/w500/eeltLl5jLUl9d96tpKkCAWu4JWu.jpg,https://image.tmdb.org/t/p/w500/5AOV7ga7jvkIhmJalE4rmEf833X.jpg
3535,54138.0,https://image.tmdb.org/t/p/w500/Aim3kVNh1MPIxPEFeJrl9e9Uf1a.jpg,https://image.tmdb.org/t/p/w500/npDrIM6ZbuD7nUxI7ZzNBxs4IRF.jpg
3537,54580.0,https://image.tmdb.org/t/p/w500/4BlI5weSiYUU1YnjqdaPLnOzc3Z.jpg,https://image.tmdb.org/t/p/w500/epTYWHgVYkDCMJnEMthaASNk1Hl.jpg
3538,54702.0,https://image.tmdb.org/t/p/w500/l7JVY5uGMeOkEDNYIFLmZcEEQze.jpg,https://image.tmdb.org/t/p/w500/9r6p7ztTGacAmr5guMtR9h9WEUI.jpg
3539,54897.0,https://image.tmdb.org/t/p/w500/bbWsYKtWTNtECusWJs3tvpTGlwO.jpg,https://image.tmdb.org/t/p/w500/7oJePkds4pouWdkpQn5hYyfAcHk.jpg
3540,55123.0,https://image.tmdb.org/t/p/w500/2SdW45O7bPDTe0zLzNHhEcacNAk.jpg,https://image.tmdb.org/t/p/w500/lhISHLDjuxaA5nWyXXOi7dNlCH1.jpg
3541,55180.0,https://image.tmdb.org/t/p/w500/cWacMZJuVBXxjlH5MoogNGd4B1C.jpg,https://image.tmdb.org/t/p/w500/sZt8n9JDbVhjW6ooKdY74DeaJyw.jpg
3542,55301.0,https://image.tmdb.org/t/p/w500/npOXWVoZyl8UrF2wtByHtfmsWSX.jpg,https://image.tmdb.org/t/p/w500/j8M9FjI1seC6OmUluDGkOZIwZt.jpg
3543,55306.0,https://image.tmdb.org/t/p/w500/wMpZ7U7A0QHJptR9L573V3Y7SI0.jpg,https://image.tmdb.org/t/p/w500/ps3Jl9zQSw8UJlgwlGmLvO3tl2N.jpg
3544,55347.0,https://image.tmdb.org/t/p/w500/mAquHAmoBgZ1omUNdNsnGVNX74c.jpg,https://image.tmdb.org/t/p/w500/7zEbI6E4dfpDBAEivZYR1tPID5w.jpg
3546,55465.0,https://image.tmdb.org/t/p/w500/cncxLilRHKayn8VKhzjAMHkbN4f.jpg,https://image.tmdb.org/t/p/w500/A5VmqOiOXHUqX8QMnXuYJdIOXeD.jpg
3547,55561.0,https://image.tmdb.org/t/p/w500/s6Gm06rGhopHumkAiYkJ4DsdaK8.jpg,https://image.tmdb.org/t/p/w500/rwfbbTIZakqQxtEGTQdmDNXuPxj.jpg
3548,55567.0,https://image.tmdb.org/t/p/w500/tPd7dnvIgzkvM8XLyC4mQCq21T1.jpg,https://image.tmdb.org/t/p/w500/gKC9e9AaS6ay0Xf82Db8WSRhJ8v.jpg
3549,55604.0,https://image.tmdb.org/t/p/w500/upPOcyAhnL0tDPL8MsTRrOJquiJ.jpg,https://image.tmdb.org/t/p/w500/bPeWQCyLtAWGyjtJ9mdfPcvhRTe.jpg
3550,55616.0,https://image.tmdb.org/t/p/w500/qioaICsGsr8Bu8yr6UGPLmV9crX.jpg,https://image.tmdb.org/t/p/w500/wXRwP81ZRSpRFCnrvbhV6zLGAGB.jpg
3551,55720.0,https://image.tmdb.org/t/p/w500/eY9wOw5PjrRXUTLgNmqWb60it10.jpg,https://image.tmdb.org/t/p/w500/lYkxECrpZuaDUixxze5cXpvEomf.jpg
3552,55721.0,https://image.tmdb.org/t/p/w500/gJtA7hYsBMQ7EM3sPBMUdBfU7a0.jpg,https://image.tmdb.org/t/p/w500/1pkpV7a02phSfAPeGVmpHaQd99J.jpg
3554,55787.0,https://image.tmdb.org/t/p/w500/8T7Hvb9trKvCAmbSI8cEIU0Sl2T.jpg,https://image.tmdb.org/t/p/w500/12xU204ABgr31iCTM57JT6wGFMg.jpg
3555,55831.0,https://image.tmdb.org/t/p/w500/fUcoCzSGBTm2xHnGqH0D5kQV9lH.jpg,https://image.tmdb.org/t/p/w500/yRDLX79lgo2DiiQuNYfNTYVyVBm.jpg
3556,55903.0,https://image.tmdb.org/t/p/w500/ebo9Tgo8IYMmV7evHKEPXeKa7PQ.jpg,https://image.tmdb.org/t/p/w500/ejjKvXg1j9TKALpdidqhh7LzyPv.jpg
3557,56288.0,https://image.tmdb.org/t/p/w500/9pUVarhiXfCu8amjmyadzJJJITi.jpg,https://image.tmdb.org/t/p/w500/3COCz2DMRNefY4a3lfUHrNj4tl0.jpg
3558,56292.0,https://image.tmdb.org/t/p/w500/eRZTGx7GsiKqPch96k27LK005ZL.jpg,https://image.tmdb.org/t/p/w500/hqyjzDRCs1N5gEsh2gklzPdsEFD.jpg
3559,56491.0,https://image.tmdb.org/t/p/w500/oAIWeBpaJUXCdv1UDlYvFoawk7c.jpg,https://image.tmdb.org/t/p/w500/dRA90Cnr3l5T6aJh8rZMfgR5LRU.jpg
3560,56601.0,https://image.tmdb.org/t/p/w500/kwn02B0AyQYXzftAo9StX8JD2JY.jpg,https://image.tmdb.org/t/p/w500/7bfV7f4G6s1oVj06m6ztXPK4YzP.jpg
3561,56666.0,https://image.tmdb.org/t/p/w500/qS043WN2PK3tKljRyQKh8SXRHk5.jpg,https://image.tmdb.org/t/p/w500/cTJwZ4ZP5eI6D8FJEa821Z3NZxQ.jpg
3562,56715.0,https://image.tmdb.org/t/p/w500/7KqzbefXjADSUE8j2ZsrudvAArY.jpg,https://image.tmdb.org/t/p/w500/iRYEGEbpjbPQrxAXcIg9wlaO2xm.jpg
3564,57022.0,https://image.tmdb.org/t/p/w500/8OsgdG53vzF5uC8pCE61SA1tiNF.jpg,https://image.tmdb.org/t/p/w500/kAyMSlYrrvvMg2v9TaDvF9nVVS8.jpg
3565,57089.0,https://image.tmdb.org/t/p/w500/3ofAJDO8A7ulJwgMGKcwEOPNWV3.jpg,https://image.tmdb.org/t/p/w500/75P2ocwRhLuxNDJ5HrNFjtiqEqq.jpg
3566,57119.0,https://image.tmdb.org/t/p/w500/60OXQUsWfAdSimqwAAJ5EvBxTre.jpg,https://image.tmdb.org/t/p/w500/zOgzt8tLL2qhvIztiNP92S7YD0S.jpg
3567,57120.0,https://image.tmdb.org/t/p/w500/oc28NmVqLx0x8epu3Ih3LvX4zE9.jpg,https://image.tmdb.org/t/p/w500/hhD6lRCScoPd0k9VWTq4kYP8ToX.jpg
3568,57157.0,https://image.tmdb.org/t/p/w500/4tGMz5xUs9sk8X9B28G6UalHK1d.jpg,https://image.tmdb.org/t/p/w500/wwcsaGDLBoYbPk5mBCaTIljLiCs.jpg
3569,57158.0,https://image.tmdb.org/t/p/w500/xQYiXsheRCDBA39DOrmaw1aSpbk.jpg,https://image.tmdb.org/t/p/w500/5ZYxL6k4ZHrEmrFvmY4HZVzerxG.jpg
3571,57201.0,https://image.tmdb.org/t/p/w500/yDuJGq8biNMW7zM3w95UaDJv0KG.jpg,https://image.tmdb.org/t/p/w500/vHd8RTXTGFwexUC2Mj1HOgSy9J3.jpg
3572,57212.0,https://image.tmdb.org/t/p/w500/3aRHhvvngFPJFy5uAjo7GVr3PhL.jpg,https://image.tmdb.org/t/p/w500/tcx15vswrQJCGET5lGxESQ4J5LG.jpg
3573,57214.0,https://image.tmdb.org/t/p/w500/lUPDGT3lyRrq8SvWuNWG2DP64bR.jpg,https://image.tmdb.org/t/p/w500/cUqXHZtnptgvyAE1hN47Wsf3ami.jpg
3575,57431.0,https://image.tmdb.org/t/p/w500/jlGzZ8McDp73PAaWMeYCHWeHiM4.jpg,https://image.tmdb.org/t/p/w500/7m96GBrH0vjSLN7RPALi2Y3Qpxd.jpg
3577,57800.0,https://image.tmdb.org/t/p/w500/dfp1BZF7FxbBUyzHvMOI9t8NWDD.jpg,https://image.tmdb.org/t/p/w500/liiPM38H376CDqxJ7VeQjan5YUy.jpg
3578,57825.0,https://image.tmdb.org/t/p/w500/yqqo00GZqyG0dijKCqBbdQLUvht.jpg,https://image.tmdb.org/t/p/w500/dxAeLMQC7M4Xp0dxrkL3rPq4vpf.jpg
3579,57876.0,https://image.tmdb.org/t/p/w500/ochcUJTPQSfU5fDMA21y4xoDzeX.jpg,https://image.tmdb.org/t/p/w500/3SzAsdYAleY3HM3qyAHftcAlYOs.jpg
3580,57943.0,https://image.tmdb.org/t/p/w500/q7DKV2pIP6u5WvXIdUl2VA5hz3l.jpg,https://image.tmdb.org/t/p/w500/moCVgDhJdE57JBlOep4IWVO0KLK.jpg
3581,58048.0,https://image.tmdb.org/t/p/w500/8zsU3Vq9FG9Q0kTEYrl0CWDlvX2.jpg,https://image.tmdb.org/t/p/w500/bKFHdrSfQCHmJwajs647gmfRmSK.jpg
3582,58051.0,https://image.tmdb.org/t/p/w500/koPiIQ7evC5rer6modUDxoZjYV.jpg,https://image.tmdb.org/t/p/w500/8ODibBEc0ETUGfJFkqEg7BXCM8o.jpg
3583,58151.0,https://image.tmdb.org/t/p/w500/ySQ3v4Fzpy3fePs86eoLiDzwLYM.jpg,https://image.tmdb.org/t/p/w500/hTfAhmwSqr79bQAAf5n68q2lw0v.jpg
3585,58233.0,https://image.tmdb.org/t/p/w500/zDbrU0eSnRGh5gHc1iqTACTNNyT.jpg,https://image.tmdb.org/t/p/w500/croOmkPszzl9p8ASq4NTYunFJ5E.jpg
3586,58428.0,https://image.tmdb.org/t/p/w500/aC9XHtf0Opw2IJDVjSkL8eO71An.jpg,https://image.tmdb.org/t/p/w500/hgP1lEgyxFFhU607nqn0FHmG859.jpg
3587,58431.0,https://image.tmdb.org/t/p/w500/jsJlOhVHiz1xXr36616EI8tJ4b2.jpg,https://image.tmdb.org/t/p/w500/ld9gXxcJoc1JF0SriRiHvIdK6yh.jpg
3588,58492.0,https://image.tmdb.org/t/p/w500/qyPsCqMbTJznLu8KBWg0CLNRbIH.jpg,https://image.tmdb.org/t/p/w500/qOwP3HBnUtwG1HiiCx61efWln9a.jpg
3589,58574.0,https://image.tmdb.org/t/p/w500/2HsHurlnTOyU6yUS14gY6BQCyRs.jpg,https://image.tmdb.org/t/p/w500/lWNASscWXn32Asr9vkB1wq6cKvD.jpg
3591,58626.0,https://image.tmdb.org/t/p/w500/tR88diuLaMMdxl9rBVdAKERzIjo.jpg,https://image.tmdb.org/t/p/w500/dv4uPIXzgQM5LJ8MFyy1TG877nY.jpg
3593,58882.0,https://image.tmdb.org/t/p/w500/lhhlq19I9BjcfmGLZc7SzHQULo0.jpg,https://image.tmdb.org/t/p/w500/cwfMFC2PpQPCSRa5nRDFEqeLbUY.jpg
3594,59108.0,https://image.tmdb.org/t/p/w500/jQrroNwP8hbFiUlNMs20emauwPE.jpg,https://image.tmdb.org/t/p/w500/7BtEvieL4QRNW3j7OAw6Zv2CDap.jpg
3595,59436.0,https://image.tmdb.org/t/p/w500/4wBG5kbfagTQclETblPRRGihk0I.jpg,https://image.tmdb.org/t/p/w500/b5bcKhvN6VP82U5ztNdPfOLiolD.jpg
3596,59440.0,https://image.tmdb.org/t/p/w500/iM8n4nZJPR2abpnyZ36FUgHiRjr.jpg,https://image.tmdb.org/t/p/w500/zb7b40ieuRGiIc9ebIEapneaCsl.jpg
3597,59457.0,https://image.tmdb.org/t/p/w500/raTEzBZBflPyVhOls4PmrryvPos.jpg,https://image.tmdb.org/t/p/w500/dFBua0bSUCQgsrUgqRuiJHp3ZjS.jpg
3598,59678.0,https://image.tmdb.org/t/p/w500/wzCMnA6NDruLzgWeqMcLPDrGAdF.jpg,https://image.tmdb.org/t/p/w500/ncYrkutA6Yd1Gmh8fLyGieWlqLv.jpg
3600,59859.0,https://image.tmdb.org/t/p/w500/1go2A3gdQjaMuHWquybgoJlQRcX.jpg,https://image.tmdb.org/t/p/w500/dHBYguQvCDa00GMoidNYa7IOD8y.jpg
3601,59860.0,https://image.tmdb.org/t/p/w500/dcbqyycrWA56HXq5lm41HYuED8Y.jpg,https://image.tmdb.org/t/p/w500/aD7XtR408aKDiBo4wJcO0sksvBw.jpg
3602,59861.0,https://image.tmdb.org/t/p/w500/8GDM7RqM6J1vNUdlU94rmtlNa3e.jpg,https://image.tmdb.org/t/p/w500/1kgIEwNkT5XxFgHy5glFHmNL7Dc.jpg
3603,59917.0,https://image.tmdb.org/t/p/w500/tW30OfbGhe2uFBw4cr6tKsZwCcl.jpg,https://image.tmdb.org/t/p/w500/4GQZWqYLnh7PVrnz0jiVdtczIlQ.jpg
3604,59930.0,https://image.tmdb.org/t/p/w500/b5qUq9l6ci9KzzAqYhpdxzjY7qi.jpg,https://image.tmdb.org/t/p/w500/3neYS5s3FcF8efaaycRSVkjJ4af.jpg
3605,59961.0,https://image.tmdb.org/t/p/w500/7SYBPjv5ywF6cI4BSFFtlDyChT2.jpg,https://image.tmdb.org/t/p/w500/kXRskNzFiTxi5xwsM6hDmOTGae7.jpg
3606,59962.0,https://image.tmdb.org/t/p/w500/7d1hwECRc1NZlGfAeYE42ki7Fem.jpg,https://image.tmdb.org/t/p/w500/mBbWS0RCF0vmR1p0NI8dpThICjl.jpg
3607,59965.0,https://image.tmdb.org/t/p/w500/d0TIDrwnMFVjg2EO4LsXQn1mbbc.jpg,https://image.tmdb.org/t/p/w500/6wWIirFFZPQx7Lamh1iKMgbVezr.jpg
3608,59967.0,https://image.tmdb.org/t/p/w500/sNjL6SqErDBE8OUZlrDLkexfsCj.jpg,https://image.tmdb.org/t/p/w500/4GPCnwvTbsDleH5QIOyDLMsK8a2.jpg
3609,59968.0,https://image.tmdb.org/t/p/w500/2HahJCcUEduvMUTQhsqRwutpFw1.jpg,https://image.tmdb.org/t/p/w500/dBaQ9zPkh4yi5Oe1Qm3apXs1WgV.jpg
3611,60243.0,https://image.tmdb.org/t/p/w500/xQadpnoLokxzN3hRpCPbBGpxsiz.jpg,https://image.tmdb.org/t/p/w500/vSQ2FK4LzevXeHeXvEHb7t4I0SW.jpg
3613,60307.0,https://image.tmdb.org/t/p/w500/w77ZoDmHNf6lnk8NWsXqWYOQqnp.jpg,https://image.tmdb.org/t/p/w500/9BwGL0nsjCdvhe6V9q42NG11Pyq.jpg
3614,60308.0,https://image.tmdb.org/t/p/w500/4yIQq1e6iOcaZ5rLDG3lZBP3j7a.jpg,https://image.tmdb.org/t/p/w500/kYlBNDkB5qFdpTDpnlQdH0CdK3T.jpg
3615,60309.0,https://image.tmdb.org/t/p/w500/a2ubkGUjGYeKRN1C2Tib0rmjuWf.jpg,https://image.tmdb.org/t/p/w500/i4YjA78Tf60YW5tfBJmW8Q8X1QU.jpg
3616,60400.0,https://image.tmdb.org/t/p/w500/4MLru2banKCbCC5iGOmqon3h569.jpg,https://image.tmdb.org/t/p/w500/4BQpKhhJ8rXpvkfLFCEmhxxMX5b.jpg
3617,60420.0,https://image.tmdb.org/t/p/w500/8eIhNKnRfayRwWChx0atZh4vGua.jpg,https://image.tmdb.org/t/p/w500/z5tS7FxZ44pH30nm0bDahkndmBU.jpg
3618,60421.0,https://image.tmdb.org/t/p/w500/fs4Qi07K9htZzI73YaukSQFqmHk.jpg,https://image.tmdb.org/t/p/w500/t3Jsn2XPjEz0yknWmNSJwEjIwdt.jpg
3620,60463.0,https://image.tmdb.org/t/p/w500/vs7wexp8wnSpjQjpO3dM50E8ZJO.jpg,https://image.tmdb.org/t/p/w500/cfBCWL8ZGac5WfHVjahWJRxkg9a.jpg
3621,60599.0,https://image.tmdb.org/t/p/w500/oVJF2KTmNB8ZFkp0aUSay7d0Opf.jpg,https://image.tmdb.org/t/p/w500/1LyjrU4vhre18GbjW52hshAiumJ.jpg
3622,61012.0,https://image.tmdb.org/t/p/w500/rkAh9cPkb5PoTzEGWfBkhdFNIsf.jpg,https://image.tmdb.org/t/p/w500/zhLcgqoIDvxNZPtvQ1PYloGalXs.jpg
3623,61038.0,https://image.tmdb.org/t/p/w500/otMNSW5NH26XGVR7Y4Ok6YlsReR.jpg,https://image.tmdb.org/t/p/w500/nQmIxKN6OoCqRMPXrqoiKvd8GfO.jpg
3624,61337.0,https://image.tmdb.org/t/p/w500/p4UPT3vvdKHsv6PbhvvtFm8w5Zx.jpg,https://image.tmdb.org/t/p/w500/jPuyVi5SdFAQdzhIBiObWvNWxFP.jpg
3625,61752.0,https://image.tmdb.org/t/p/w500/1SSYCOTrHucd9aBCyTfbLWcJ2zD.jpg,https://image.tmdb.org/t/p/w500/wZIFAgcy7Hihvo8d0svFKCDlBQR.jpg
3626,61791.0,https://image.tmdb.org/t/p/w500/oqA45qMyyo1TtrnVEBKxqmTPhbN.jpg,https://image.tmdb.org/t/p/w500/6cCF0KMUO2QmrVsQFujkQduREXX.jpg
3628,61984.0,https://image.tmdb.org/t/p/w500/qlRJcIFiVwA6X58LOGNuMP1io2H.jpg,https://image.tmdb.org/t/p/w500/xaQhFVDeWf78FzZw214yU42w0YZ.jpg
3630,62116.0,https://image.tmdb.org/t/p/w500/7x9fUNPUbT726OkR23lG7tzEG5b.jpg,https://image.tmdb.org/t/p/w500/hsuevoO8gSBTdG3cNSo7oRIt5xt.jpg
3632,62204.0,https://image.tmdb.org/t/p/w500/tyzW1M00xfHKNtmTlT6wJ3F4pNr.jpg,https://image.tmdb.org/t/p/w500/5l3Xb2WQR0nXiVhbj5rAv0z4xsZ.jpg
3634,62211.0,https://image.tmdb.org/t/p/w500/y7thwJ7z5Bplv6vwl6RI0yteaDD.jpg,https://image.tmdb.org/t/p/w500/mIpCxBWNz6SHCQBe2K2PFr5MB7f.jpg
3635,62213.0,https://image.tmdb.org/t/p/w500/fd9Ck4cxVlmtXsbeGtQW7WFuUFI.jpg,https://image.tmdb.org/t/p/w500/cJYerfZVf2rNwfGMK3MQ8lTbMnY.jpg
3637,62215.0,https://image.tmdb.org/t/p/w500/fMneszMiQuTKY8JUXrGGB5vwqJf.jpg,https://image.tmdb.org/t/p/w500/qzrS5ShZZPsPdhM5ZbcQKG7fwFo.jpg
3638,62255.0,https://image.tmdb.org/t/p/w500/lPPLs4SFP4Pk3SCJbQfhp9vtbL8.jpg,https://image.tmdb.org/t/p/w500/2ldITdRfMmwklWFQioB1R8NhI1z.jpg
3639,62402.0,https://image.tmdb.org/t/p/w500/d6YNDQZQRM1io2Etq5I1T8YObsc.jpg,
3641,62676.0,https://image.tmdb.org/t/p/w500/1ytI3G3dT6j888ySOwYhpJHz8ED.jpg,https://image.tmdb.org/t/p/w500/vKzYoegE3Zr4a3PVx8GVyPKavPb.jpg
3642,62677.0,https://image.tmdb.org/t/p/w500/qpUSLY5BPi42rqO097tNF8e53Qm.jpg,https://image.tmdb.org/t/p/w500/1ExirZYN7X0Vowg57XW71JQHtxo.jpg
3643,62728.0,https://image.tmdb.org/t/p/w500/7uq3onOHexPe4Xcj5bdRL7NKkIi.jpg,https://image.tmdb.org/t/p/w500/mSnLi8vmQ4gGqlg1BLapFNeAGx7.jpg
3645,62835.0,https://image.tmdb.org/t/p/w500/rEdGDgRB3gducezNSIyx2lbKQy4.jpg,https://image.tmdb.org/t/p/w500/2PlRuZUjqC58bqm6MOjOAraEdFA.jpg
3647,62838.0,https://image.tmdb.org/t/p/w500/TroWD1BdcLEL7Ycqv4kkCRw7KJ.jpg,https://image.tmdb.org/t/p/w500/ryci9wQygdRfeElrSEbYxkHHget.jpg
3648,63006.0,https://image.tmdb.org/t/p/w500/uzqKhhSA6ypWwqsnZSwCs7C42sb.jpg,https://image.tmdb.org/t/p/w500/ltvtqAXm6Zzuu3T3J7gyoPpLsl5.jpg
3649,63020.0,https://image.tmdb.org/t/p/w500/jxi3UDHf86kDk5hqJxnpEMzVch2.jpg,https://image.tmdb.org/t/p/w500/34O2EvrVTUup7a0JllQWtXURQw1.jpg
3650,63287.0,https://image.tmdb.org/t/p/w500/yTaqEbszsqhunQIjIMkkfwNMiiv.jpg,https://image.tmdb.org/t/p/w500/cZMToH66ApCtzuZ58O9S7j5bZfv.jpg
3651,63492.0,https://image.tmdb.org/t/p/w500/eqn3UeXMY9W1Ow3jIZ6COqbjUWX.jpg,https://image.tmdb.org/t/p/w500/dN4L6qx63sly7SJki2YBXjGcnEy.jpg
3652,63574.0,https://image.tmdb.org/t/p/w500/pIgrIGFMZ7CslGPCWI7JHV3R96H.jpg,https://image.tmdb.org/t/p/w500/xNf9R2tw75AzU5DGaQR37wGppJ8.jpg
3653,64328.0,https://image.tmdb.org/t/p/w500/h5N6x5gS45wAALt5fsWVn0oCYQR.jpg,https://image.tmdb.org/t/p/w500/60PR4UC3D20dycVAoWadUzFio5R.jpg
3654,64499.0,https://image.tmdb.org/t/p/w500/kJv276uU9K0Z9MRhz6F3BEEetEO.jpg,https://image.tmdb.org/t/p/w500/iuZN4EzpPl9D21cteLyKRPQRoCT.jpg
3655,64559.0,https://image.tmdb.org/t/p/w500/ySOZSH5gIr6G1Aphe27jqJrhPnk.jpg,https://image.tmdb.org/t/p/w500/yTDtWwtIo1ivBRjcf6uVmCaOaHE.jpg
3656,64639.0,https://image.tmdb.org/t/p/w500/hSW5Msz5Cr6vUQxChPSPdxufnss.jpg,https://image.tmdb.org/t/p/w500/prrK4EH1WmCwwIMo2SpAOZDHV96.jpg
3657,64678.0,https://image.tmdb.org/t/p/w500/3ahdKyzHbYhvqJdtpsEWipEai98.jpg,https://image.tmdb.org/t/p/w500/aOBIon675l54MET558A3m6xj6yY.jpg
3658,64682.0,https://image.tmdb.org/t/p/w500/nimh1rrDDLhgpG8XAYoUZXHYwb6.jpg,https://image.tmdb.org/t/p/w500/cf4YmtSnNhdG7s9ERmXyaDEznEw.jpg
3659,64685.0,https://image.tmdb.org/t/p/w500/6pszViNvKr1r31pP7gJNYDHEx5P.jpg,https://image.tmdb.org/t/p/w500/hTc55dlCPMP4oqrUU66GjKjSblp.jpg
3660,64686.0,https://image.tmdb.org/t/p/w500/xDHnmcroujCRG0ysYQaiswjbyHd.jpg,https://image.tmdb.org/t/p/w500/nyt0jlofZyjhRqiQkEp0cdoKaS3.jpg
3661,64688.0,https://image.tmdb.org/t/p/w500/8v3Sqv9UcIUC4ebmpKWROqPBINZ.jpg,https://image.tmdb.org/t/p/w500/rXrpYOveFl76ivMmyb2612T7Q8w.jpg
3662,64689.0,https://image.tmdb.org/t/p/w500/heaz45kpFa4Oa7iLis0OBas68ls.jpg,https://image.tmdb.org/t/p/w500/4xGuNyCX46pwEpdQISRYiaBXEN7.jpg
3663,64690.0,https://image.tmdb.org/t/p/w500/602vevIURmpDfzbnv5Ubi6wIkQm.jpg,https://image.tmdb.org/t/p/w500/hoyAALgfmjMEK7O1wZ4r8wT91RP.jpg
3667,65055.0,https://image.tmdb.org/t/p/w500/cjfRqUXtNc2iJHfP60HTq9nFs0.jpg,https://image.tmdb.org/t/p/w500/z4GYTErSyFAZvGJjTLS4LRODY66.jpg
3669,65086.0,https://image.tmdb.org/t/p/w500/peKkO5lYyyZ7flxeFuXoZPXArXo.jpg,https://image.tmdb.org/t/p/w500/jJ3yFKs6xeVGxtmm7GXZYQ3XAvz.jpg
3670,65203.0,https://image.tmdb.org/t/p/w500/giq8GJs8YGMzHxeKxNSuwzAdd1c.jpg,https://image.tmdb.org/t/p/w500/tEAEturRMtH4uY3wq2xvlINgiVj.jpg
3671,65448.0,https://image.tmdb.org/t/p/w500/1XQOTbjwaFSSEdoJlhTcwRsJxG.jpg,https://image.tmdb.org/t/p/w500/uNbdOhz3oKYG3aVCMA1Z3JeB6RG.jpg
3672,9618.0,https://image.tmdb.org/t/p/w500/jxxxjTu87OSmQYkMFF7MgOEDXRn.jpg,https://image.tmdb.org/t/p/w500/vzvHhP8ZrDvOOx5fa9YC0OzDNIU.jpg
3673,65754.0,https://image.tmdb.org/t/p/w500/8bokS83zGdhaXgN9tjidUKmAftW.jpg,https://image.tmdb.org/t/p/w500/dNFbrnF0mIBm0rClbfEFWTtsgMP.jpg
3674,65759.0,https://image.tmdb.org/t/p/w500/2gWiQ4mn85jcXtREVePlVViupeV.jpg,https://image.tmdb.org/t/p/w500/icAAqHhVXuSQlKNvUfL257AFTwN.jpg
3675,66025.0,https://image.tmdb.org/t/p/w500/adSb3QS8wW234v7HVhbFWABhgy7.jpg,https://image.tmdb.org/t/p/w500/6XoHWyEZ4u0Sakut1e25JRPLJkV.jpg
3676,66125.0,https://image.tmdb.org/t/p/w500/cbLh0tVqjqcDnob7w79XkIQ7gGI.jpg,https://image.tmdb.org/t/p/w500/jNGxNW6POZvxecTcfWhSmP1uU2m.jpg
3677,66195.0,https://image.tmdb.org/t/p/w500/tYqk1u5d3eARg5gV8cF4RZFZKKQ.jpg,https://image.tmdb.org/t/p/w500/3ubIRrPOmLg74gjgSUwXEXdHhSR.jpg
3678,66468.0,https://image.tmdb.org/t/p/w500/eYbnGcx48fnujZkR7Wo0x4RzL12.jpg,https://image.tmdb.org/t/p/w500/7K4A3cczehLt47ihCa4qP2JMkLl.jpg
3679,66607.0,https://image.tmdb.org/t/p/w500/ylXmX9vcP1W9La9FtOpV9OtXtMe.jpg,https://image.tmdb.org/t/p/w500/aaGgm28mMBrX3iXviUIJv35Ysnj.jpg
3680,66767.0,https://image.tmdb.org/t/p/w500/nZCPl2Du2PRkky4Mzb4YiXk9C1Q.jpg,https://image.tmdb.org/t/p/w500/vavw5MAIDtOpugBp4ei0FKbozyI.jpg
3681,66942.0,https://image.tmdb.org/t/p/w500/12DpWfDhBacOE09wJgR75rwCVUH.jpg,https://image.tmdb.org/t/p/w500/qKiARMqwgLw8SU14oC1qOmyWUWP.jpg
3682,67238.0,https://image.tmdb.org/t/p/w500/s3pDLyGpJ4ZGvY7fL6ie5bV7Ge7.jpg,
3683,67373.0,https://image.tmdb.org/t/p/w500/rS7neBxeRMBeN8095SZnUZTrtQN.jpg,
3684,67660.0,https://image.tmdb.org/t/p/w500/kfIrKVPDzXJDBzPnFEuoatlaZPW.jpg,https://image.tmdb.org/t/p/w500/c8kjrMDDKrlpikQTgvNGLBZh5V8.jpg
3685,67675.0,https://image.tmdb.org/t/p/w500/y5NCu183zREb4XmHSB6QP3K7TH2.jpg,https://image.tmdb.org/t/p/w500/bCmzUxV0YxRv22l2CXBZCjP2H5E.jpg
3686,67911.0,https://image.tmdb.org/t/p/w500/avCsg52549PHT5nVXIW7c3BEZ7b.jpg,https://image.tmdb.org/t/p/w500/gzl5xA5rpaNgWSes2NdGu37MtBk.jpg
3687,67913.0,https://image.tmdb.org/t/p/w500/dtQiStID0le2EMTmJXupPRybARB.jpg,https://image.tmdb.org/t/p/w500/aCSsQrr6QoSFFNlBElLWzR3Z51c.jpg
3688,68179.0,https://image.tmdb.org/t/p/w500/9la0CSCJqwh6io3yk4Xv3aEZxEA.jpg,https://image.tmdb.org/t/p/w500/dlReM2zDrOfkvrJj9R96XmhNdS4.jpg
3689,68202.0,https://image.tmdb.org/t/p/w500/1EzXn6ZkhGBBlNizXQiGOeDvwwp.jpg,https://image.tmdb.org/t/p/w500/aMmjSIWIycKbwgQ3zSrk6w13zH0.jpg
3691,68684.0,https://image.tmdb.org/t/p/w500/wLuMoe16Z27DH96B2vg4FQNiAjj.jpg,https://image.tmdb.org/t/p/w500/eFpVNLCgQ00QcELm881gYVGe4tY.jpg
3693,68721.0,https://image.tmdb.org/t/p/w500/qhPtAc1TKbMPqNvcdXSOn9Bn7hZ.jpg,https://image.tmdb.org/t/p/w500/iVped1djsF0tvGkvnHbzsE3ZPTF.jpg
3694,68722.0,https://image.tmdb.org/t/p/w500/rUSjbyvYWN9H4az8xt0tDtU7I6v.jpg,https://image.tmdb.org/t/p/w500/6vvt0ghvrrzEB8Z1BLvmHOWUdxw.jpg
3695,68724.0,https://image.tmdb.org/t/p/w500/aRjuJuPXHtVs6YegfeeQWXGRs1E.jpg,https://image.tmdb.org/t/p/w500/oo9GyiNKvR4CU1etuYl081UJ1LE.jpg
3696,68726.0,https://image.tmdb.org/t/p/w500/8wo4eN8dWKaKlxhSvBz19uvj8gA.jpg,https://image.tmdb.org/t/p/w500/9X7Im1YuBhyHYVD8r7CAONPJR5k.jpg
3697,68727.0,https://image.tmdb.org/t/p/w500/rR3F4fIn0JUJa1hlq2focd2W3zH.jpg,https://image.tmdb.org/t/p/w500/qqqnNDiQx62xZsVRZnxhP8GguJf.jpg
3698,68728.0,https://image.tmdb.org/t/p/w500/tkzfAUEKoUp4YFNbZV9hfpZOz0z.jpg,https://image.tmdb.org/t/p/w500/o6TYNmB1CT85j7lmyvSedoybyc9.jpg
3699,68734.0,https://image.tmdb.org/t/p/w500/m5gPWFZFIp4UJFABgWyLkbXv8GX.jpg,https://image.tmdb.org/t/p/w500/iVk4mVKwNE66JbBcoDwcYFvuUXM.jpg
3700,68735.0,https://image.tmdb.org/t/p/w500/eGi5aoxaZveqNLtE7BZJCuWwR3G.jpg,https://image.tmdb.org/t/p/w500/aTGvZ3F8QnAD8cPpJRaaqRRxFK6.jpg
3701,68737.0,https://image.tmdb.org/t/p/w500/7Q8DfXSjcFSSQDOxz1Sk865wNqI.jpg,https://image.tmdb.org/t/p/w500/2EyK8wpLdYFaS35o0worjqsiuZn.jpg
3702,68812.0,https://image.tmdb.org/t/p/w500/3edygPSm9XdISHza8zqHUVAQHAD.jpg,https://image.tmdb.org/t/p/w500/kqsMRKkwJssTcp9chZzY161KNRO.jpg
3703,68818.0,https://image.tmdb.org/t/p/w500/3QtOCerjSPkS9fo8IBwDr7qAwoj.jpg,https://image.tmdb.org/t/p/w500/xmdmLndfx6eibdyp7kDWyFCrhmo.jpg
3704,68924.0,https://image.tmdb.org/t/p/w500/3a6uLta7K8Dzojps4RoJAPHD0km.jpg,https://image.tmdb.org/t/p/w500/r700X6U2hVX0haLRItATSVn5Rj4.jpg
3705,69270.0,https://image.tmdb.org/t/p/w500/iK3RR1bNWN99jt3EwEAqYanw6Br.jpg,https://image.tmdb.org/t/p/w500/18tOywxDCzLgUimj378jnisQyS4.jpg
3706,69382.0,https://image.tmdb.org/t/p/w500/7cw3jSGvm3XoHwnRRA9dCrkAFXi.jpg,
3707,69640.0,https://image.tmdb.org/t/p/w500/4VzDK2Ki8kKoEMwFQglhywiy1no.jpg,https://image.tmdb.org/t/p/w500/dURyHf8o9ftbRJHII06TK0codAC.jpg
3708,69668.0,https://image.tmdb.org/t/p/w500/uQFbnBEYguc6EWYKG0Hgq4LVdc2.jpg,https://image.tmdb.org/t/p/w500/6eFU4wRgnL4YEvDagEianumeGpc.jpg
3709,69848.0,https://image.tmdb.org/t/p/w500/6QbunsUllQT0aQWWgMBnSlqwrfF.jpg,https://image.tmdb.org/t/p/w500/mxA7pexWSgMbtLDn15zijxckuus.jpg
3710,70006.0,https://image.tmdb.org/t/p/w500/7VjtTMQpfy9GxMyjUfuYTfyatZz.jpg,https://image.tmdb.org/t/p/w500/k1OGPUYILFzOhD3WSV4RHf4JzSY.jpg
3711,70074.0,https://image.tmdb.org/t/p/w500/arJfxShfuZPhqfBZZU6DkPZfnjn.jpg,https://image.tmdb.org/t/p/w500/bXO410CYaMaoIGecgS7bcAlr5T9.jpg
3713,70435.0,https://image.tmdb.org/t/p/w500/c9fJ0dYC30NnE9k2p61c0dqlZqW.jpg,https://image.tmdb.org/t/p/w500/r5bLJXXwUMp2MO5hkn4KYXIR4eO.jpg
3714,70436.0,https://image.tmdb.org/t/p/w500/boE0JFhZRpWLLrKOQE6bCBZGerP.jpg,https://image.tmdb.org/t/p/w500/3UUdElElFs27tANeMynFLio1t1d.jpg
3715,70478.0,https://image.tmdb.org/t/p/w500/otrgebmsmyFVXv2R5pWp3DqY9eQ.jpg,https://image.tmdb.org/t/p/w500/shR5YuxS5xz12IeRUywY06bm8X9.jpg
3716,70670.0,https://image.tmdb.org/t/p/w500/k5DQqsb9T8djkTAOdwNCBBBHrtK.jpg,https://image.tmdb.org/t/p/w500/cuodmX7wuVDciUH8LdSFEqoTzIy.jpg
3717,70687.0,https://image.tmdb.org/t/p/w500/rTyNAfz8znLPMzytmKGhvlXFee.jpg,https://image.tmdb.org/t/p/w500/hej0JcZEvu9oLNvs9vbig4euDvO.jpg
3718,70829.0,https://image.tmdb.org/t/p/w500/zLcKGxKn8qgrGaUZAWZY3Nvi5fr.jpg,https://image.tmdb.org/t/p/w500/fE0Xmb0GaAm1R5NkrMuPezjoGwS.jpg
3721,70981.0,https://image.tmdb.org/t/p/w500/qsYQflQhOuhDpQ0W2aOcwqgDAeI.jpg,https://image.tmdb.org/t/p/w500/qDG5SlGkWNsjSJWiGTBMFI8DpzA.jpg
3723,71469.0,https://image.tmdb.org/t/p/w500/iUrtHcc8rn7iX31Id3MYOT1rbyw.jpg,https://image.tmdb.org/t/p/w500/ogRXgYKABTqiqmBen9hkbo3Fvz1.jpg
3724,71547.0,https://image.tmdb.org/t/p/w500/h9IsB1pv6U7H4bEUiKG92VXlNrn.jpg,https://image.tmdb.org/t/p/w500/2jwJtiw4lZ55iPftK6Opy1kUNoK.jpg
3725,71552.0,https://image.tmdb.org/t/p/w500/de5QBIdVR4dnkBZ4a0zjkS4lTg.jpg,https://image.tmdb.org/t/p/w500/lroojUACXVHdnjVYQXgts5IhqGr.jpg
3726,71676.0,https://image.tmdb.org/t/p/w500/xEoBT6lYfQNpSpTm8gJMTrQytiw.jpg,https://image.tmdb.org/t/p/w500/ebNcAJfWsSbbv7VhboAvpUdOduJ.jpg
3728,71688.0,https://image.tmdb.org/t/p/w500/fx7wpKXOht7WOkeOslvErbrf69Q.jpg,https://image.tmdb.org/t/p/w500/8VNXR8SNkz1QiMVmxDkRowvq61r.jpg
3729,71805.0,https://image.tmdb.org/t/p/w500/b1taxayvlKB6Qiera4O6gM8SocT.jpg,https://image.tmdb.org/t/p/w500/wKFllZyiIFl1JfjKDxLePqVP5Z4.jpg
3730,71859.0,https://image.tmdb.org/t/p/w500/AtdYbs1SqYwFOLyi2v6ldVTawbn.jpg,https://image.tmdb.org/t/p/w500/k7lwdrpZ92BDahx6TLdkPE65cpJ.jpg
3731,71864.0,https://image.tmdb.org/t/p/w500/24HWf4QBnEbNYDJfNFR1CmwtST5.jpg,https://image.tmdb.org/t/p/w500/2ExC9bBiPYPsA1EP5nvsy0GfG44.jpg
3732,71866.0,https://image.tmdb.org/t/p/w500/qoGtVlqaFWngUXuUzAS6uuNcwsI.jpg,https://image.tmdb.org/t/p/w500/ceqx5sLqBlLqskux7pjtnJnK8NM.jpg
3733,71880.0,https://image.tmdb.org/t/p/w500/p6xV65iiz9agN2IAtf7cgbZC3YF.jpg,https://image.tmdb.org/t/p/w500/kye3Xz5ojZcOy9sWYcFHvXLTNCk.jpg
3734,72086.0,https://image.tmdb.org/t/p/w500/bOKz7uhdjuLC9MNNY2874T5h6pX.jpg,https://image.tmdb.org/t/p/w500/Afk7j9MnIRPzNhIY2hM3y8E9TLn.jpg
3735,72105.0,https://image.tmdb.org/t/p/w500/1QVZXQQHCEIj8lyUhdBYd2qOYtq.jpg,https://image.tmdb.org/t/p/w500/hkAVgWvAMmM8tj9CDEvGqMdNQBE.jpg
3737,72190.0,https://image.tmdb.org/t/p/w500/aCnVdvExw6UWSeQfr0tUH3jr4qG.jpg,https://image.tmdb.org/t/p/w500/kg2FOT2Oe5PSCgs3L4vLel6B7ck.jpg
3738,72197.0,https://image.tmdb.org/t/p/w500/bkLeXPDP6sramrTiF5W7TzUl4t0.jpg,https://image.tmdb.org/t/p/w500/9UZnCIeUVHzZQLDXN7lht2T4ndB.jpg
3739,72207.0,https://image.tmdb.org/t/p/w500/4Bj6pw3ZCo1f2DXP4k7AUDwMTFX.jpg,https://image.tmdb.org/t/p/w500/hpCVGnsOzdciHsPSgdDdj4FKwuw.jpg
3740,72213.0,https://image.tmdb.org/t/p/w500/hVRkbZRCoHtnfi0V9GFZ3uXjCNp.jpg,https://image.tmdb.org/t/p/w500/mTufDWFNNtm4hJzRQi5cxsO5Ar4.jpg
3741,72331.0,https://image.tmdb.org/t/p/w500/qv8deK0ZmutAuEpejruQKApIy6r.jpg,https://image.tmdb.org/t/p/w500/ei4bXNp4hBrfUEvWkp7usnQeGQP.jpg
3742,72358.0,https://image.tmdb.org/t/p/w500/hSxVSMHrW3epffELvi2CC5XdFXb.jpg,https://image.tmdb.org/t/p/w500/eec2tDpexGhAQOjwSno13PFP978.jpg
3743,72359.0,https://image.tmdb.org/t/p/w500/6ZBSsBfxKK5GdTzz1BOKGl4BnzJ.jpg,https://image.tmdb.org/t/p/w500/lw0C0wuJoOB3yy4RXrdzL42dnhm.jpg
3744,72387.0,https://image.tmdb.org/t/p/w500/kOCpkoMUVae9UIf85gO71SyjLbW.jpg,https://image.tmdb.org/t/p/w500/gc150q5RMjq5vXJddBk90dXFvlr.jpg
3745,72431.0,https://image.tmdb.org/t/p/w500/dXmhYTdeMiuQFW4VpiWbfjtxtl9.jpg,https://image.tmdb.org/t/p/w500/j89IzBAT9Ob0zGLR30h7coB6YVy.jpg
3746,72545.0,https://image.tmdb.org/t/p/w500/uFm2vnp9LhHx5MNo1Ego6O3vUhl.jpg,https://image.tmdb.org/t/p/w500/fZvAroq9Vb5hhyKT6TxsjxJW7nm.jpg
3747,72559.0,https://image.tmdb.org/t/p/w500/3rWIZMzTKcCtV0eHJ70Z4Ru659f.jpg,https://image.tmdb.org/t/p/w500/pEhXq18GVe1dg2ltplcxtGWfSje.jpg
3748,72570.0,https://image.tmdb.org/t/p/w500/y5GUXzTvt7kSQbdQrSvbYNoa8HB.jpg,https://image.tmdb.org/t/p/w500/a8IFeO1BMn4QEfLsf41Ml7LodyC.jpg
3749,72571.0,https://image.tmdb.org/t/p/w500/9nYranPiWdNmbD5PRPPSL7VUFTS.jpg,https://image.tmdb.org/t/p/w500/6NBgG4LvjP4TkH1FDSfoJqVoQ7J.jpg
3750,72710.0,https://image.tmdb.org/t/p/w500/1mfIZw6WgkCX310eoe0Ys14c3Fi.jpg,https://image.tmdb.org/t/p/w500/1bDa2d9VqqBQlk42Gduu37Rz1ob.jpg
3753,72914.0,https://image.tmdb.org/t/p/w500/yKXRwMValA4ZbCaC68ANO24ALcY.jpg,https://image.tmdb.org/t/p/w500/yoUNp320JQvzHNQO7tKzBUOwt1R.jpg
3754,72976.0,https://image.tmdb.org/t/p/w500/7mUYEkv9W3ek61eetZCfMQYVoi.jpg,https://image.tmdb.org/t/p/w500/hwOFrwHladQ8FktYn3aJNAt8KA1.jpg
3755,73191.0,https://image.tmdb.org/t/p/w500/mKGGzL6o27cOurOO0gCUopDCxts.jpg,https://image.tmdb.org/t/p/w500/sKIGsGE6qyLCj72YlhtYIndyOB0.jpg
3756,73247.0,https://image.tmdb.org/t/p/w500/zxK1jyN8apEUyYerMLStaHIM2z8.jpg,https://image.tmdb.org/t/p/w500/u3GuVAdzlaX0PCbQlywGkVknVdy.jpg
3757,73511.0,https://image.tmdb.org/t/p/w500/94w3CM4V8AG9OEgtPQSwDfFd6Vw.jpg,https://image.tmdb.org/t/p/w500/i8dyHahIY3jMaVkgItVAObaYFV7.jpg
3758,73532.0,https://image.tmdb.org/t/p/w500/zBmY6X1hO1MKDj2bNXZ17Q6RDVJ.jpg,https://image.tmdb.org/t/p/w500/eAtg0bP9vySbT8pGs14yLJU6Jwf.jpg
3759,73567.0,https://image.tmdb.org/t/p/w500/6Tt1TQeOI4TpXu1cBUgNGNGeznW.jpg,https://image.tmdb.org/t/p/w500/mpiwGcxp30sHxTOJ1jw3Dd1QgPZ.jpg
3762,73937.0,https://image.tmdb.org/t/p/w500/q6Pr8fWKh664seri2MaQeIJ6eSI.jpg,https://image.tmdb.org/t/p/w500/3WD1vyCtqMyqC6QZbDc0DblywNe.jpg
3763,73981.0,https://image.tmdb.org/t/p/w500/lgmPBTWogUZBkDMb9zxNz0jyt7.jpg,
3764,74084.0,https://image.tmdb.org/t/p/w500/boSr1IpelWee87Lf88l5biw2fcf.jpg,
3765,74457.0,https://image.tmdb.org/t/p/w500/w1NBcLgbJAyuuat0UcIpKQnHmJA.jpg,
3766,74465.0,https://image.tmdb.org/t/p/w500/dcOvIqdsojUdAtWt1nPT9xS76Su.jpg,https://image.tmdb.org/t/p/w500/3epmRoQFyUpLATk1JKgnKKQp0kM.jpg
3767,74510.0,https://image.tmdb.org/t/p/w500/jk7C5sIDHSGiJjBQz6bmPNP1WOF.jpg,https://image.tmdb.org/t/p/w500/yB6rrOZgkaQfmQPRf0w89qfJXDV.jpg
3768,74534.0,https://image.tmdb.org/t/p/w500/gNWiOKTWDvPTpr7QfPWk18gLftz.jpg,https://image.tmdb.org/t/p/w500/zp5bc23EPflpLhkCObsFFOL3psw.jpg
3769,74536.0,https://image.tmdb.org/t/p/w500/koxJAJTPTKzMxKu3vVhPvoZc4w6.jpg,https://image.tmdb.org/t/p/w500/vJ1MWvrJmupJFDrXHlbxRYJg2ZE.jpg
3770,74643.0,https://image.tmdb.org/t/p/w500/xYMYV8lMIeQMymuNPBvq3hOnqXw.jpg,https://image.tmdb.org/t/p/w500/bYimqNnizPUCnL5HOdoCW02IGmH.jpg
3771,74725.0,https://image.tmdb.org/t/p/w500/qwT2I3ons0oD58jIppKmd4qLtvB.jpg,https://image.tmdb.org/t/p/w500/ptZypdOBofmADX9JCtgi5E38cnC.jpg
3772,74777.0,https://image.tmdb.org/t/p/w500/imUIPWoe0Yma5UhZVl6bqX5lF.jpg,https://image.tmdb.org/t/p/w500/hY0BJllNWKQP9BvJu6gCVbUEXVf.jpg
3773,75033.0,https://image.tmdb.org/t/p/w500/42VAbyctqy6VmwlHjQB73E2pnFB.jpg,https://image.tmdb.org/t/p/w500/gpURndCXtSpUlcWgmfPq92iV7Zs.jpg
3775,75531.0,https://image.tmdb.org/t/p/w500/ikmulTGVfW6jYYNz4iO5yoN7dla.jpg,https://image.tmdb.org/t/p/w500/b4iO8gVM0Y9PdV2V5nFUMOL73Vq.jpg
3776,75612.0,https://image.tmdb.org/t/p/w500/bYLM3GpNUZnoFElPXp1zlhDPdtv.jpg,https://image.tmdb.org/t/p/w500/2kVt8oj1cSz4GAP0Hi8SESOiH0T.jpg
3777,75638.0,https://image.tmdb.org/t/p/w500/ljA72KOasp3GsdkIPxF9pDHA9Hn.jpg,https://image.tmdb.org/t/p/w500/qrTDCybpf9vSg8RupxbwSd9SBcG.jpg
3778,75656.0,https://image.tmdb.org/t/p/w500/tWsNYbrqy1p1w6K9zRk0mSchztT.jpg,https://image.tmdb.org/t/p/w500/xEY0MV2jSQBz9iOJfCFvLTiPGMA.jpg
3779,75674.0,https://image.tmdb.org/t/p/w500/1Xcd5ci69pVXMPP02DU11Ffq0yY.jpg,https://image.tmdb.org/t/p/w500/bHefJgSTO3JOZy9fETN6cWpvbMX.jpg
3780,75780.0,https://image.tmdb.org/t/p/w500/uQBbjrLVsUibWxNDGA4Czzo8lwz.jpg,https://image.tmdb.org/t/p/w500/iwvP8XVpYVmJ3xfF9xdBi5uAOWl.jpg
3781,75861.0,https://image.tmdb.org/t/p/w500/naQRUuVa4j0uIrgxACIeFlwgKSn.jpg,https://image.tmdb.org/t/p/w500/vsUYOLfjnmiwOaD3jZcrXwWWKBd.jpg
3782,75900.0,https://image.tmdb.org/t/p/w500/5naqXRY1Zug5cyJJbO9H4DOg28q.jpg,https://image.tmdb.org/t/p/w500/hcd6fUy5Tzt7rg6DZkgBX9xBusm.jpg
3785,76163.0,https://image.tmdb.org/t/p/w500/74rTIGyGoIu5KSxDVMdr8H3MtMo.jpg,https://image.tmdb.org/t/p/w500/ihKsZZYMbyHXC1L7s90WDLITdC5.jpg
3787,76203.0,https://image.tmdb.org/t/p/w500/xdANQijuNrJaw1HA61rDccME4Tm.jpg,https://image.tmdb.org/t/p/w500/4Bb1kMIfrT2tYRZ9M6Jhqy6gkeF.jpg
3788,76285.0,https://image.tmdb.org/t/p/w500/tAu90qEpLqwqiZLsMqpaMVr55oN.jpg,https://image.tmdb.org/t/p/w500/fvrGb6zfQaQ8RD9pC8o9vv1b7W2.jpg
3789,76338.0,https://image.tmdb.org/t/p/w500/wp6OxE4poJ4G7c0U2ZIXasTSMR7.jpg,https://image.tmdb.org/t/p/w500/5QEOy0QEpad9QsXeMxuGHPXMale.jpg
3790,76341.0,https://image.tmdb.org/t/p/w500/ulcAi4dKpAjHwYGS08vNyx9H6I9.jpg,https://image.tmdb.org/t/p/w500/gqrnQA6Xppdl8vIb2eJc58VC1tW.jpg
3791,76487.0,https://image.tmdb.org/t/p/w500/mtyFRIRBmrCE2XKU5EnEK8dtu2X.jpg,https://image.tmdb.org/t/p/w500/5Ao48b5Fo3yBj5jHuQlpsLaC9JR.jpg
3792,76489.0,https://image.tmdb.org/t/p/w500/b0nNQCL90RGTwjxLEFsFFLQZKNe.jpg,https://image.tmdb.org/t/p/w500/pCPXnddyDtsHAZVzVumuRpDN1vO.jpg
3793,76492.0,https://image.tmdb.org/t/p/w500/eJGvzGrsfe2sqTUPv5IwLWXjVuR.jpg,https://image.tmdb.org/t/p/w500/5rARlA8beRAVXPYzSaF2NoS8Ry5.jpg
3794,76493.0,https://image.tmdb.org/t/p/w500/n0W7kajF4GFMRk2c0wWwMQqTaDM.jpg,https://image.tmdb.org/t/p/w500/jWq20KNbg5txb28tLxJl0yLYuxp.jpg
3796,76617.0,https://image.tmdb.org/t/p/w500/dwIQ7WDCSiIcNdbferTcU7uI0KV.jpg,https://image.tmdb.org/t/p/w500/w5T2Avx3FCyqhzHxzQPeIli91BJ.jpg
3798,76649.0,https://image.tmdb.org/t/p/w500/dxxM3lLDjGRC50i5rhvfQziskAN.jpg,https://image.tmdb.org/t/p/w500/bPsExF2epwQeyP7HK9JK52FSgsi.jpg
3799,76706.0,https://image.tmdb.org/t/p/w500/dumR7pD3PxK200RzJNycAZlMmIC.jpg,https://image.tmdb.org/t/p/w500/cSDUAkc3PwZ8qjrdfOhbQNP8Opv.jpg
3800,76726.0,https://image.tmdb.org/t/p/w500/kdyrdFIt29FUmLIKvedAc2j4rpo.jpg,https://image.tmdb.org/t/p/w500/rgNzvSagnlc32TuMEBa529QFIig.jpg
3801,76757.0,https://image.tmdb.org/t/p/w500/2NCcAZ3M3F0FxENYmammBknwpVn.jpg,https://image.tmdb.org/t/p/w500/w4hk4QG05nDuSgimpa7XAM6OyPX.jpg
3802,76758.0,https://image.tmdb.org/t/p/w500/7NVgVX663tdareijAiv0eLiLn6d.jpg,https://image.tmdb.org/t/p/w500/ca0a79cbCGWJdan3SEBKkQBSwKi.jpg
3803,76996.0,https://image.tmdb.org/t/p/w500/sO91zO8XY5o10R48RKAE6UDvJd7.jpg,https://image.tmdb.org/t/p/w500/uB6Eunt5h0uMcje1Pfr4MRzMRyW.jpg
3804,77016.0,https://image.tmdb.org/t/p/w500/pDeVKQICkcdwwjHxGj0MeS14YJ6.jpg,https://image.tmdb.org/t/p/w500/wK2D1OAodmCWtaPxybcBFCLRskF.jpg
3805,77156.0,https://image.tmdb.org/t/p/w500/77aIcIiYidhg4YFlNEXChaBk9R6.jpg,https://image.tmdb.org/t/p/w500/veFIiZkNnvA11Xdvv8OI2s9wRLb.jpg
3806,77174.0,https://image.tmdb.org/t/p/w500/9DZPtuYTKYxt6vzHvZ5FLThG4fl.jpg,https://image.tmdb.org/t/p/w500/fRhpdmaA1wTAboeiKW2ZHvDezIm.jpg
3807,77332.0,https://image.tmdb.org/t/p/w500/bl2RsU7kzOm1AjZhCBepCxuFToY.jpg,https://image.tmdb.org/t/p/w500/5vtH95kPCpZ2bkSWRrdGvfE7HqE.jpg
3808,77459.0,https://image.tmdb.org/t/p/w500/wSYZR2QL58jWPIEe9TG7G9PlTya.jpg,https://image.tmdb.org/t/p/w500/uLg9t6c34soxT4UAebbL3Cnlbl5.jpg
3809,77495.0,https://image.tmdb.org/t/p/w500/i44Mr6t3reXt7z28OMCPZTllRfr.jpg,https://image.tmdb.org/t/p/w500/nMJlSiRA0ct2vuX5O9ltq192IxR.jpg
3812,77877.0,https://image.tmdb.org/t/p/w500/vF1ZuIkF9Z71VzVvG265xJUawb0.jpg,https://image.tmdb.org/t/p/w500/zGZpy2u5yRczyRMOlNTEm8vJMCi.jpg
3813,77883.0,https://image.tmdb.org/t/p/w500/4VxIbGO5A9HRlkAPMi70zimosDY.jpg,https://image.tmdb.org/t/p/w500/A83Y5I16txh9lZGlhHP37PhBh33.jpg
3814,77930.0,https://image.tmdb.org/t/p/w500/cfRv1INLSSumjvxAqEGOP6b0Aw1.jpg,https://image.tmdb.org/t/p/w500/7DWGkbncSGb3nG6MAd2ZqxDvwEt.jpg
3815,77931.0,https://image.tmdb.org/t/p/w500/tmjvgbEH4BKYFfHmWXjXrHgi8wT.jpg,https://image.tmdb.org/t/p/w500/aIyvMthA7UGV6ix6AUUM88ZXfeU.jpg
3816,77934.0,https://image.tmdb.org/t/p/w500/naQJmUIeS6XTfmOUO52JOPhMVeI.jpg,https://image.tmdb.org/t/p/w500/dL0HtRcQ0vtV9ip3dMsG0phwFN7.jpg
3817,77948.0,https://image.tmdb.org/t/p/w500/jLmKMhibZjHUYtsHQLIa5UBwqcc.jpg,https://image.tmdb.org/t/p/w500/tkj4i4TQP6TijYxqUq6duPZUW2R.jpg
3818,77949.0,https://image.tmdb.org/t/p/w500/txmiJkl8su0jkEABLIHZBqVHrTj.jpg,https://image.tmdb.org/t/p/w500/1Rw3KOjmKY4QrJ9MKugIo3F5FjO.jpg
3819,77950.0,https://image.tmdb.org/t/p/w500/inTKQni4YW8syrfgnXHwzmNeSo4.jpg,https://image.tmdb.org/t/p/w500/3qfiZd8ETMk9MQsmhbOB5QAAx0l.jpg
3820,77951.0,https://image.tmdb.org/t/p/w500/lkElT9HpOUIjIL20Hwy3LZqgXWc.jpg,https://image.tmdb.org/t/p/w500/AdqdU9nexxg8obiEWQoIQQqsr4Q.jpg
3821,77953.0,https://image.tmdb.org/t/p/w500/jMWjJ13sFTT07DwjNlqh8VY4sK6.jpg,https://image.tmdb.org/t/p/w500/oRTDhJ42ObvZS2QMz7woLWbojXp.jpg
3822,77987.0,https://image.tmdb.org/t/p/w500/kWjjFSng1JttmDRwDROoGcIArEh.jpg,https://image.tmdb.org/t/p/w500/pRrQMx00P8LaXGwJXYJ2tRGoVOs.jpg
3823,78149.0,https://image.tmdb.org/t/p/w500/KSGv5uV6SJS7mUMlttvLfWA6Lv.jpg,https://image.tmdb.org/t/p/w500/qGqD5YhRGeQzYkD9exKGhSX04KK.jpg
3824,78307.0,https://image.tmdb.org/t/p/w500/dyumIFLdjo6KRsPgL2VdAb7ulkc.jpg,
3825,78373.0,https://image.tmdb.org/t/p/w500/khV9zPcvgOjrqwlk3dI1lGojZib.jpg,https://image.tmdb.org/t/p/w500/efJn6vxdSOQu5nbTcVLfVDOxE92.jpg
3826,78381.0,https://image.tmdb.org/t/p/w500/iDBPiZHNLoFjc41bhDrZGGe3ke7.jpg,https://image.tmdb.org/t/p/w500/6CRHoIGM25wZXpGgQzetmmnALzN.jpg
3827,78383.0,https://image.tmdb.org/t/p/w500/sZhXsT6ch1Z7NKFspMH7QyfpsBa.jpg,https://image.tmdb.org/t/p/w500/4N0V8UW8u3JhH0NteA86T5otZJL.jpg
3828,78394.0,https://image.tmdb.org/t/p/w500/au49zJtESBEz4zAOsXTv5xLWOHS.jpg,https://image.tmdb.org/t/p/w500/cEeiTTgGaFOe9qi69C7AuY2afXq.jpg
3829,78698.0,https://image.tmdb.org/t/p/w500/hqdrgC5oHK06DDaAlulReUC7Nog.jpg,https://image.tmdb.org/t/p/w500/9iMCwIdz2ZXAuKurdPiVrJy05Kb.jpg
3830,78705.0,https://image.tmdb.org/t/p/w500/dkTvwzxEomaarn1uy0fjvu8ZzQy.jpg,
3832,79120.0,https://image.tmdb.org/t/p/w500/ksg3QX2iMLzEkvS6AwIGh5A9CXT.jpg,https://image.tmdb.org/t/p/w500/ebPtSNrQ92Cgwje29WjvXKQbl9m.jpg
3833,79161.0,https://image.tmdb.org/t/p/w500/7eG63TqqdUcIyAvPelJajXF3gZN.jpg,
3834,79316.0,https://image.tmdb.org/t/p/w500/56zW5kl6b10UNIXpQZTUXV2iygC.jpg,https://image.tmdb.org/t/p/w500/22qysYEwRuULLU9Ep8IkxPFOUnR.jpg
3835,79587.0,https://image.tmdb.org/t/p/w500/A3aNmcPhcICa0WG8Qn5IZ2gag1A.jpg,
3836,79694.0,https://image.tmdb.org/t/p/w500/jO45nIEQMWHE0I68aGls3mRJR8M.jpg,https://image.tmdb.org/t/p/w500/sie33RpTUQJxJq2XXjrOBXJpASL.jpg
3837,79698.0,https://image.tmdb.org/t/p/w500/6esL8UH2sXXqbfbaV6bFEUBCDOr.jpg,https://image.tmdb.org/t/p/w500/bHDQPPXx5hxkrg7oE9TJXrFHUSg.jpg
3838,79777.0,https://image.tmdb.org/t/p/w500/h1r4qey0K8PG9OgQdDqQcXtMq6c.jpg,https://image.tmdb.org/t/p/w500/7p61Gp48ELwV5BfiQMqyYefgLG2.jpg
3839,79940.0,https://image.tmdb.org/t/p/w500/bcipzEhr7xh9bfvqLq3iqJjnFdk.jpg,https://image.tmdb.org/t/p/w500/qylFMbocdDIiC0uE2Fnw1nL7mWT.jpg
3840,80035.0,https://image.tmdb.org/t/p/w500/gwfgYA9wGpV4QLB0LrcexwfwC19.jpg,https://image.tmdb.org/t/p/w500/iQkWo6MQ1pDxbZQ0DNxwW5J3Ysk.jpg
3841,80215.0,https://image.tmdb.org/t/p/w500/2B1IqPg97ZhpEov4Fg3si4hI1Kw.jpg,https://image.tmdb.org/t/p/w500/fPUbP2MpL1zGD1x8xkOtu1o6ZH4.jpg
3842,80271.0,https://image.tmdb.org/t/p/w500/AlnBUoKzzPnczrzzxuh0SYwDa3Z.jpg,https://image.tmdb.org/t/p/w500/vNYTCdGnjYEaSaw82YIkzqcI4QT.jpg
3843,80274.0,https://image.tmdb.org/t/p/w500/pVcRI5YKnkkgaAD876jBeKb189d.jpg,https://image.tmdb.org/t/p/w500/zWvOs6lepfOI0dPa1ANVcdbkBuY.jpg
3845,80304.0,https://image.tmdb.org/t/p/w500/kVCc7xwTAlckBofazrwIz8x1TXC.jpg,https://image.tmdb.org/t/p/w500/tuOGlHRCgBAnMwHgcwUyq9htqXB.jpg
3846,80321.0,https://image.tmdb.org/t/p/w500/ekraj4ksvIKeuvQVEevEJkuybZd.jpg,https://image.tmdb.org/t/p/w500/uDR9UjSuykTL8g3N3bh3siZ4n3C.jpg
3847,80468.0,https://image.tmdb.org/t/p/w500/m6sqWQDcg7er0dg7LomMQGeVBMO.jpg,https://image.tmdb.org/t/p/w500/fPhFYHXxOC32SpLaHGKZZcbYzfo.jpg
3848,80585.0,https://image.tmdb.org/t/p/w500/oVeE2QTUb14jPU2lYEGPE3s8T9j.jpg,https://image.tmdb.org/t/p/w500/9b1KGgzmZsUl7g3p1bjjpMRxANe.jpg
3849,81005.0,https://image.tmdb.org/t/p/w500/9jSI7saUX9Qz0JLh19jX2ulEwL7.jpg,https://image.tmdb.org/t/p/w500/djSAd6HUm66eVNC3PiZbYwOpD5A.jpg
3850,81188.0,https://image.tmdb.org/t/p/w500/yfzmfWGjcmyugH6FZ13WcsUGiNj.jpg,https://image.tmdb.org/t/p/w500/3dLjNqylxtfgKelBJse5OWqhggf.jpg
3851,81220.0,https://image.tmdb.org/t/p/w500/w9Zk7Sdwy1htXYpqrZF1JUnxB4v.jpg,https://image.tmdb.org/t/p/w500/x3J55s7zfu59fahlQxHCbk1aY9O.jpg
3852,81390.0,https://image.tmdb.org/t/p/w500/xVYY1U5nYfx2PfJMs6knO8VZRk0.jpg,https://image.tmdb.org/t/p/w500/3MWKCgI8dQGcWS1VL1fACItfWP5.jpg
3854,81836.0,https://image.tmdb.org/t/p/w500/sMmYRgvFRk5Ginhytx7ciU7UwVs.jpg,https://image.tmdb.org/t/p/w500/p4Ol9H1FUaPISjx5U3C5KVRnUTv.jpg
3856,82507.0,https://image.tmdb.org/t/p/w500/nzx10sca3arCeYBAomHan4Q6wa1.jpg,https://image.tmdb.org/t/p/w500/jovIEk4cAxWmA2dBcPrfhn3jzYN.jpg
3860,82631.0,https://image.tmdb.org/t/p/w500/7Repugxu8BQXMYSGpzqRrBjFRna.jpg,https://image.tmdb.org/t/p/w500/Advmbl9xeQ6s43Zee13bPFgMZkH.jpg
3861,82650.0,https://image.tmdb.org/t/p/w500/7pTvjELxw0f0E6sUPGtPEl4WD0S.jpg,https://image.tmdb.org/t/p/w500/aHgB7hNyw84TdjVF2ek66VSGG3e.jpg
3862,82654.0,https://image.tmdb.org/t/p/w500/pvVpl38YOBDOANb0pWbXFb8X3iZ.jpg,https://image.tmdb.org/t/p/w500/faEe5nH1VP2xMmE8f9lgqjhsmYI.jpg
3864,82679.0,https://image.tmdb.org/t/p/w500/h9DYic4zo3Oweb11009FmqZBxN4.jpg,https://image.tmdb.org/t/p/w500/bK1SE6E0nik4YL7irkRFrXD6dat.jpg
3865,82682.0,https://image.tmdb.org/t/p/w500/wAuQNTBFBu2yXZsX6yLhUPiwTlW.jpg,https://image.tmdb.org/t/p/w500/9LalKDfdttu9z8Ag1UKTTO66FzA.jpg
3866,82684.0,https://image.tmdb.org/t/p/w500/7wxJmFqTMcdE05sfWedB6458US1.jpg,https://image.tmdb.org/t/p/w500/lzfDcppvRnsf9LJFwjLWQkuB4GC.jpg
3867,82687.0,https://image.tmdb.org/t/p/w500/55JqWqocsMNx5uanELDRDFqu40J.jpg,https://image.tmdb.org/t/p/w500/wlZ29Zkryj8exANbj3Wr52kiILx.jpg
3868,82690.0,https://image.tmdb.org/t/p/w500/nrEupcBwf4O1zihCM34NoXusZDq.jpg,https://image.tmdb.org/t/p/w500/3IFRjBDwtk0DlIsDfJ2zEzLjUBi.jpg
3869,82693.0,https://image.tmdb.org/t/p/w500/fhHB1uvfFKKFbj6bTKE8xdtsjKi.jpg,https://image.tmdb.org/t/p/w500/12GpsUm9nVVKFlcjDTflKLClFVA.jpg
3870,82695.0,https://image.tmdb.org/t/p/w500/6CuzBs2Lb8At7qQr64mLXg2RYRb.jpg,https://image.tmdb.org/t/p/w500/bsG8LkZx1ijrcf3fP6AvBlGTxkX.jpg
3871,82696.0,https://image.tmdb.org/t/p/w500/mHEca5NntVHtUPfBiQ3ZVFBRixe.jpg,https://image.tmdb.org/t/p/w500/ivNDj0LuziOuz0ZivgA7sxHIi3z.jpg
3872,82700.0,https://image.tmdb.org/t/p/w500/iXMvYIlzzJBs352CfeiQcBvovZt.jpg,https://image.tmdb.org/t/p/w500/e3posvSzYf9PjrQg27W64Kyc8qq.jpg
3874,82703.0,https://image.tmdb.org/t/p/w500/hPcImYndWESKHzT2GHVCDsUxzYg.jpg,https://image.tmdb.org/t/p/w500/bJKoNFCLC0C3viZtsvP4lSDDXNO.jpg
3875,82990.0,https://image.tmdb.org/t/p/w500/na5tAslm1kGNcft083AIXMTOsYR.jpg,https://image.tmdb.org/t/p/w500/iIXEKq51MS8SfVLUX1p6ofwFFQU.jpg
3877,83588.0,https://image.tmdb.org/t/p/w500/s0Jtw4YYRQ460vo0QfrjrdLqJCf.jpg,https://image.tmdb.org/t/p/w500/nPlv6si1wBGHh3Oclm6d2EuYCTa.jpg
3878,83666.0,https://image.tmdb.org/t/p/w500/y4SXcbNl6CEF2t36icuzuBioj7K.jpg,https://image.tmdb.org/t/p/w500/bsYv9IFIGfpAV0oUbe7YTiyxhox.jpg
3879,83686.0,https://image.tmdb.org/t/p/w500/aJtPLZS7tlpiQl6pEr8H42K565x.jpg,https://image.tmdb.org/t/p/w500/b0GGZbLB7P9r4klx1wUcz77WzE6.jpg
3880,83770.0,https://image.tmdb.org/t/p/w500/k7LQteD02p3VHixbS6NXHkFdFwT.jpg,https://image.tmdb.org/t/p/w500/5dUOTVeNPU2CmEfFniQ8TE6HChG.jpg
3881,83860.0,https://image.tmdb.org/t/p/w500/dZWU5Hn4lkhid3MqVMCEPk9z9QI.jpg,https://image.tmdb.org/t/p/w500/mbGYMinYmrObVRYpfqCfxAI7ynz.jpg
3882,84174.0,https://image.tmdb.org/t/p/w500/yAr4LLjZnoIvrfb1VrV3mh38rTK.jpg,https://image.tmdb.org/t/p/w500/nyBEd8rmU8IjxG0Ia5BcJyK7jiJ.jpg
3883,84175.0,https://image.tmdb.org/t/p/w500/nQJmWekGYlXhezGUb21xFfEfwhH.jpg,https://image.tmdb.org/t/p/w500/7LWLPvyfLSb2oOlgWwAwUqA8uKo.jpg
3884,84178.0,https://image.tmdb.org/t/p/w500/dkUDpTgP634Mt7fl2rR5N7P9HRS.jpg,https://image.tmdb.org/t/p/w500/iUxriRQ6EjQXA0PEy40hUxTjhB3.jpg
3886,84188.0,https://image.tmdb.org/t/p/w500/bLdu28fr9txYlHLmEOyGplDT3nH.jpg,https://image.tmdb.org/t/p/w500/h8KYW3ptazhrDshynNABMgcfd8A.jpg
3887,84197.0,https://image.tmdb.org/t/p/w500/5CdRIAll52h0s0cbFH0VKiCp7pg.jpg,https://image.tmdb.org/t/p/w500/3zkkcYlzWThtyQApPLOLeRgo3EI.jpg
3888,84200.0,https://image.tmdb.org/t/p/w500/9eIlVo8lvk9fmfP05JGFKlPha80.jpg,https://image.tmdb.org/t/p/w500/o1Xv9blcbKSVxoXQ6kiBOL3W1Mz.jpg
3889,84204.0,https://image.tmdb.org/t/p/w500/n1CkFfuDCh4NDZgaXmyna3V0Hxc.jpg,https://image.tmdb.org/t/p/w500/hWeYv8YG1aWA3OJG2Hpa0dIqPuI.jpg
3890,84318.0,https://image.tmdb.org/t/p/w500/kAGqVFdtRSccMfTUpKuRcQtXsCc.jpg,https://image.tmdb.org/t/p/w500/5OQEUn0hjUFG2iV2kB09nZnoPU0.jpg
3891,84329.0,https://image.tmdb.org/t/p/w500/602vUwe1GPmaRvcrT3OQWqH1Nm1.jpg,https://image.tmdb.org/t/p/w500/mV2UZZHYiWPKH0AwtMSil1T7DUH.jpg
3893,84355.0,https://image.tmdb.org/t/p/w500/yEyoOzOEUBMSofsTticDWBOOsv7.jpg,https://image.tmdb.org/t/p/w500/lW6mVGxqDjVaqcVJJbRnrXe8vsq.jpg
3894,84401.0,https://image.tmdb.org/t/p/w500/k5X4gevz5mSY3KESnZNoBHo26qY.jpg,
3895,84659.0,https://image.tmdb.org/t/p/w500/pGaLUnim5CG5booE4Xe3N7qKooc.jpg,https://image.tmdb.org/t/p/w500/pK2Cr1hbbg1v8H1Bn7eC3BfDyQQ.jpg
3896,84892.0,https://image.tmdb.org/t/p/w500/aKCvdFFF5n80P2VdS7d8YBwbCjh.jpg,https://image.tmdb.org/t/p/w500/aM6E4DBP6588q3tEr9hz41ls80q.jpg
3897,85350.0,https://image.tmdb.org/t/p/w500/2BvtvDUyxiMJ4dmKfiQf4qdOHQN.jpg,https://image.tmdb.org/t/p/w500/Ac2s9RJEi1ZeaQopoLsqlsmWQmx.jpg
3898,85446.0,https://image.tmdb.org/t/p/w500/jMpwxmk3r7Aq36GcqMbCuP9DJYQ.jpg,https://image.tmdb.org/t/p/w500/9qM08KBrvuzENc0G9RzlzyVjkSm.jpg
3899,85860.0,https://image.tmdb.org/t/p/w500/nmo8R1FpBEsC80qYOaXtx2vMrSa.jpg,https://image.tmdb.org/t/p/w500/5H8v9VgjX3nQ0o7KpeP8e2d8Wcx.jpg
3900,86304.0,https://image.tmdb.org/t/p/w500/lt5hf1FtNEjEOHJpjeWO2YD3tNE.jpg,https://image.tmdb.org/t/p/w500/vkniCN8rQjpItnP6Pq7K4aAUxok.jpg
3901,86331.0,https://image.tmdb.org/t/p/w500/wxvvNXY3n0637cOcdeC61eyVAnC.jpg,https://image.tmdb.org/t/p/w500/zbTaYrQzZaaEf1SZlv3RTZiUvZw.jpg
3902,5123.0,https://image.tmdb.org/t/p/w500/oA6ZeICPINiS6YtD5WZeBaGVmuT.jpg,https://image.tmdb.org/t/p/w500/i3pONuqGZSR3UYOOdBeU2CiQnxj.jpg
3903,86812.0,https://image.tmdb.org/t/p/w500/6wStc532wuBrW2NZM3TicEWDmaL.jpg,https://image.tmdb.org/t/p/w500/xEm9JBfXdQyVvJ2FEEpzZIICZBc.jpg
3904,86825.0,https://image.tmdb.org/t/p/w500/o0giW5oasaef5m9sgBuq0C7IkIa.jpg,https://image.tmdb.org/t/p/w500/yFop8dQmR7hvQaA7yzRb4gDSDoL.jpg
3905,86829.0,https://image.tmdb.org/t/p/w500/nNxK3pC3DMpPpWKMvo2p3liREVT.jpg,https://image.tmdb.org/t/p/w500/kdkCTC6Cl20TJSf4B1eIJXAFeXl.jpg
3906,86834.0,https://image.tmdb.org/t/p/w500/vVLkHabnF5lVpCpqyhZBI5iCYMA.jpg,https://image.tmdb.org/t/p/w500/5z75Q6nqgwgYfpMB9fVHQcw9gMz.jpg
3907,86837.0,https://image.tmdb.org/t/p/w500/19hyCudualHxCD0GrEngqsi0wBF.jpg,https://image.tmdb.org/t/p/w500/w7Z4BVMin49voNN61IUWyN9DopV.jpg
3908,86838.0,https://image.tmdb.org/t/p/w500/4ukEYAxlSivFcDG6vLxJB6PjTjg.jpg,https://image.tmdb.org/t/p/w500/6KrodMTWn9hNZBhrwOYd8snqtVp.jpg
3909,87093.0,https://image.tmdb.org/t/p/w500/203HAjJcLMl7xThcTqZx4zmEGcV.jpg,https://image.tmdb.org/t/p/w500/qis71iUABx2eTxN9FzOnLbnJ2OA.jpg
3910,87101.0,https://image.tmdb.org/t/p/w500/oZRVDpNtmHk8M1VYy1aeOWUXgbC.jpg,https://image.tmdb.org/t/p/w500/wvlIoof1FnKPLv9jAYanuP31V0C.jpg
3911,87421.0,https://image.tmdb.org/t/p/w500/pUul9pGWOKT7X0smkTvsIEIQxcP.jpg,https://image.tmdb.org/t/p/w500/naGU49u4BXynQ1o5L755pfs8dom.jpg
3912,87428.0,https://image.tmdb.org/t/p/w500/oaLhdRsZ5Mq8VfZtA4Wlvjzzn0X.jpg,https://image.tmdb.org/t/p/w500/p2mJPQc9ADr75RrMtbtBjxRXjj2.jpg
3914,87502.0,https://image.tmdb.org/t/p/w500/tFsHDNclXoCKy2xMxskzXXMaFJS.jpg,https://image.tmdb.org/t/p/w500/lKaBnmdtFlyec6SGBLbdwXSrrRi.jpg
3915,87567.0,https://image.tmdb.org/t/p/w500/ooSGwWVJRp81ErEH7VmTmVwjoMc.jpg,https://image.tmdb.org/t/p/w500/65XErolCI3Zg3EeNgzf6oJMAm0s.jpg
3916,87729.0,https://image.tmdb.org/t/p/w500/vcZCvsm920LoNDb7pMibJkxIE4n.jpg,https://image.tmdb.org/t/p/w500/Au2xkTRPU6xd4l4mcfCWfOMePuh.jpg
3917,87818.0,https://image.tmdb.org/t/p/w500/uYa06GxHsCsELx9vOQ11vsT0Aa6.jpg,https://image.tmdb.org/t/p/w500/9bOjEovR9cdiFUYwZY7fyfNGWyL.jpg
3918,87825.0,https://image.tmdb.org/t/p/w500/zLZQVmxOj5kICbS5Pq7rB1cbPvP.jpg,https://image.tmdb.org/t/p/w500/ivndXrpSYpCSuu2S5OrUvzAetCc.jpg
3919,87826.0,https://image.tmdb.org/t/p/w500/g3ZjNkQP4M7Cs0clPD9q7EO2P1g.jpg,https://image.tmdb.org/t/p/w500/5WhsVxBqjy4eg6QkmVcnl11bhv4.jpg
3920,87827.0,https://image.tmdb.org/t/p/w500/iLgRu4hhSr6V1uManX6ukDriiSc.jpg,https://image.tmdb.org/t/p/w500/21YsCNMub5455NQCn3jh9SmRFyG.jpg
3921,87943.0,https://image.tmdb.org/t/p/w500/7kAVD6eSwXN5YmEppspyQzVeTA3.jpg,https://image.tmdb.org/t/p/w500/q8TYp2zI2HNZyI12t21pjtvp5gi.jpg
3922,88005.0,https://image.tmdb.org/t/p/w500/rBbCwFLyt7Q25yaw2bEOQh7RMG1.jpg,https://image.tmdb.org/t/p/w500/tEJ3nvnp520AvNPbhCegHMo1EfM.jpg
3923,88036.0,https://image.tmdb.org/t/p/w500/6LqVIhz0xxoFjiGjftDW69DbvNi.jpg,https://image.tmdb.org/t/p/w500/fnLxM63B6g9Q6VIhCTypLiz61Y7.jpg
3924,88042.0,https://image.tmdb.org/t/p/w500/815zxi87kTUvleFHjnE5SNzWmVZ.jpg,https://image.tmdb.org/t/p/w500/6MVi1xNKVDl5ceLMfcEZ9s1KVOr.jpg
3925,88641.0,https://image.tmdb.org/t/p/w500/3KM98skbDojKhXFvShERFsTxv3a.jpg,https://image.tmdb.org/t/p/w500/2U9vlFEqglJJ25YMEqAmiN7bStu.jpg
3926,88751.0,https://image.tmdb.org/t/p/w500/kL55wY0s2H9JdwfjoWIp9plvYnl.jpg,https://image.tmdb.org/t/p/w500/Adlc8JMVEXOelFO6hYpIYcGBx2T.jpg
3927,88794.0,https://image.tmdb.org/t/p/w500/gltciP2dIaEQmm4JeYfB088k40n.jpg,https://image.tmdb.org/t/p/w500/sl7VRkF2bMGUBShAHgkWzTeOFlW.jpg
3928,89325.0,https://image.tmdb.org/t/p/w500/krKAMxPbzPcb0FvF9QoySiCHihi.jpg,https://image.tmdb.org/t/p/w500/fR4WN6KaHDCVqUgec4fqqxPBOvD.jpg
3929,89492.0,https://image.tmdb.org/t/p/w500/mzUuOIFoVkRTHACRb58vm6mkbBN.jpg,https://image.tmdb.org/t/p/w500/botG6F4zvVD6WnDxQCWTU7U5cTD.jpg
3930,89540.0,https://image.tmdb.org/t/p/w500/reunIt1kgpX8D29oXYkbSgvcDuS.jpg,https://image.tmdb.org/t/p/w500/lDKwVAsbqzEHryJOCcw5V7bmB2S.jpg
3931,89708.0,https://image.tmdb.org/t/p/w500/qodkea4k0pNUmNTl5TJO2PdTqgW.jpg,https://image.tmdb.org/t/p/w500/tbSjemOf1nXPOjWELdaeZ7qj1iX.jpg
3933,89857.0,https://image.tmdb.org/t/p/w500/qQRZwequtuXOcYVHvdyAD5A5L2X.jpg,
3934,89861.0,https://image.tmdb.org/t/p/w500/3BKL5t6z6kudeDmuwYiIF5dzAV8.jpg,https://image.tmdb.org/t/p/w500/ox1Fnazso4Ygbg6z3OYOYKkTiVb.jpg
3935,90369.0,https://image.tmdb.org/t/p/w500/oOBHF6qWtMkzwpnrLDTKJPAb3zH.jpg,https://image.tmdb.org/t/p/w500/ra9surFrWYvIL0pWcm3MrxmPhTg.jpg
3936,90414.0,https://image.tmdb.org/t/p/w500/v3EUGs3qYU9zzqWoKdBncy2YczK.jpg,https://image.tmdb.org/t/p/w500/qfIT3xUKDS9H0xY28Imwupq0F7K.jpg
3937,91070.0,https://image.tmdb.org/t/p/w500/xFq3IQEWCBBoPP7pCb4TarAi8tt.jpg,https://image.tmdb.org/t/p/w500/igh7OJX5avR4Pdv410gMMb8M1Ih.jpg
3939,91122.0,https://image.tmdb.org/t/p/w500/yM3rD0Iqinb003T9vg9tl6JgxpN.jpg,https://image.tmdb.org/t/p/w500/dNec4dF7dkxXa7BnNjBjxyplNfX.jpg
3940,91314.0,https://image.tmdb.org/t/p/w500/jyzrfx2WaeY60kYZpPYepSjGz4S.jpg,https://image.tmdb.org/t/p/w500/wxr4Z6E83h14CogsZOzDm1vuDX3.jpg
3941,91586.0,https://image.tmdb.org/t/p/w500/w5JjiB3O1CLDXbTJe1QpU5RHmlU.jpg,https://image.tmdb.org/t/p/w500/i9oyhCYxIYH2082J0Rc3a3jQjRB.jpg
3942,91721.0,https://image.tmdb.org/t/p/w500/6vWkmRHsX1yIUJSimDKEJLU4UkD.jpg,https://image.tmdb.org/t/p/w500/ukHo2IXsFalApyBgMQOUJGfwtgL.jpg
3943,92182.0,https://image.tmdb.org/t/p/w500/mbkvYlx1scovMi80rOOkNBvgU11.jpg,https://image.tmdb.org/t/p/w500/imk3oXgLZJg5lcm93jPUukP73fl.jpg
3944,92591.0,https://image.tmdb.org/t/p/w500/rW5CetooG545jpkPNpD4FjFAXfe.jpg,https://image.tmdb.org/t/p/w500/gLr8DBGveOCJAS469GnWTRSXsP9.jpg
3946,93456.0,https://image.tmdb.org/t/p/w500/5Fh4NdoEnCjCK9wLjdJ9DJNFl2b.jpg,https://image.tmdb.org/t/p/w500/uD267eSiACfWLxp47t3gYymOQRj.jpg
3947,93856.0,https://image.tmdb.org/t/p/w500/9AKhThGA8IATBy3gR7I4dw9SEc4.jpg,https://image.tmdb.org/t/p/w500/1BgWRWjZtD6zyJfzlfDx3NHaECQ.jpg
3950,94348.0,https://image.tmdb.org/t/p/w500/bQYXid9o6nunJBgmmjo6JFIQe1p.jpg,https://image.tmdb.org/t/p/w500/rjQPQx8FvdYxPHMBBsQ8J4eD51N.jpg
3952,95755.0,https://image.tmdb.org/t/p/w500/z7j98OiCC6v0gOXJ9VF5t2kV169.jpg,https://image.tmdb.org/t/p/w500/AbPxK4IMO9eNUgJYeSOfOjHxfkz.jpg
3953,36670.0,https://image.tmdb.org/t/p/w500/zhoAL4o1STGgLbLxJ9r1ijfyHC9.jpg,https://image.tmdb.org/t/p/w500/45uCcAUB8Ljz3uKb1y1JHtT5aCT.jpg
3954,96399.0,https://image.tmdb.org/t/p/w500/7jgh0ej04j98q2NFpSZLlpDazUo.jpg,https://image.tmdb.org/t/p/w500/aHPEtpwRQgl84vLKUmVss45duZV.jpg
3955,96534.0,https://image.tmdb.org/t/p/w500/uS4Eh5aVG34B05EHiBQPHbZEYjg.jpg,https://image.tmdb.org/t/p/w500/zZ6jEySUPoDcTN5SchDDbIoAs11.jpg
3956,96721.0,https://image.tmdb.org/t/p/w500/95BDrWmcfJDEa2WCfjmLgi67jhi.jpg,https://image.tmdb.org/t/p/w500/D3eDUNEzJPBDG3TCJcR7RyRgTA.jpg
3957,96724.0,https://image.tmdb.org/t/p/w500/b9mvt1kKqDuveD1AJuGSkBEuagU.jpg,https://image.tmdb.org/t/p/w500/wpl3g17Ucjh30hUBv4Ng57ERWA6.jpg
3959,97367.0,https://image.tmdb.org/t/p/w500/vY5j2xQzMGWmxBuhQo0HfA4Lxqb.jpg,https://image.tmdb.org/t/p/w500/qCsaZ2GoaCn5vmOUD9kCsyabr9o.jpg
3960,97370.0,https://image.tmdb.org/t/p/w500/55wmcXJIDYITr7JDijJTdvwSaAv.jpg,https://image.tmdb.org/t/p/w500/eS5OdKN3kRZXQbWRSSCJ4Gh0z26.jpg
3964,98357.0,https://image.tmdb.org/t/p/w500/hqa5FwNZC55zqSpdeGFtBDqw55y.jpg,https://image.tmdb.org/t/p/w500/lZ9OGovrjamAVz3n6TjJts2npxE.jpg
3967,98557.0,https://image.tmdb.org/t/p/w500/oq9UGUeaGzLNR0nAcQZuYLIpuBg.jpg,https://image.tmdb.org/t/p/w500/b1pfomHsEKly9KUf7yuuBA8yTGy.jpg
3969,98568.0,https://image.tmdb.org/t/p/w500/eBWZmjzehYXmVTCsFan9RnzmZ7Z.jpg,https://image.tmdb.org/t/p/w500/2OYkD6dVs45IpmpGtz9fAqFbHJ4.jpg
3970,99826.0,https://image.tmdb.org/t/p/w500/sqH5e5goeThOmM4DqrrjVQOIuw2.jpg,
3971,99861.0,https://image.tmdb.org/t/p/w500/4ssDuvEDkSArWEdyBl2X5EHvYKU.jpg,https://image.tmdb.org/t/p/w500/kIBK5SKwgqIIuRKhhWrJn3XkbPq.jpg
3972,100042.0,https://image.tmdb.org/t/p/w500/cvEi0xV7TUkabJGuzulhvbMjrHi.jpg,https://image.tmdb.org/t/p/w500/rYaADjAB6trEToo452FfVMoAdgl.jpg
3973,100241.0,https://image.tmdb.org/t/p/w500/a53tIl4k20zCZCNyq73kiXkwWkl.jpg,https://image.tmdb.org/t/p/w500/9ywnF6JCB7RqmZ5OPzoe67LfTv2.jpg
3974,100275.0,https://image.tmdb.org/t/p/w500/2B4wSzrsbK2nnZs5HcZ3LSALQkh.jpg,
3975,100402.0,https://image.tmdb.org/t/p/w500/tVFRpFw3xTedgPGqxW0AOI8Qhh0.jpg,https://image.tmdb.org/t/p/w500/1RWLMyC9KcFfcaoViMiJGSSZzzr.jpg
3976,100975.0,https://image.tmdb.org/t/p/w500/mNCDnjP2pMCH1PLKE3l6eXyDVUK.jpg,https://image.tmdb.org/t/p/w500/bAF6YL1zvaP07DRNs4A1NZgNoeR.jpg
3977,101173.0,https://image.tmdb.org/t/p/w500/6W6In8IUJMkxB8aBipulho6QLDd.jpg,https://image.tmdb.org/t/p/w500/jl4AOwQ6nxt8yXfVJvjHsKSaV7a.jpg
3978,101179.0,https://image.tmdb.org/t/p/w500/e5FcN0P7YcSJUbnosxyU4GEG4br.jpg,https://image.tmdb.org/t/p/w500/g0dcZKZe5XygwPpMrISPnidGH1W.jpg
3979,101267.0,https://image.tmdb.org/t/p/w500/yPW5Lmptt7z8rCYtVYjkpyjI3SY.jpg,https://image.tmdb.org/t/p/w500/cZRcHeM3pwIPOomIkGlEUpIpWF.jpg
3980,101299.0,https://image.tmdb.org/t/p/w500/vrQHDXjVmbYzadOXQ0UaObunoy2.jpg,https://image.tmdb.org/t/p/w500/eHaazLxM5LRMh0ySkVy7SK6wUWt.jpg
3982,102382.0,https://image.tmdb.org/t/p/w500/bU7nTmvmy0h3VUP01v1T2imgH6N.jpg,https://image.tmdb.org/t/p/w500/k0hlAzTryCYX1O1LyC6P8tAa8s0.jpg
3984,102840.0,https://image.tmdb.org/t/p/w500/hKoiQdPIwPpLvDq60pLkhVNBTe5.jpg,
3985,102899.0,https://image.tmdb.org/t/p/w500/rQRnQfUl3kfp78nCWq8Ks04vnq1.jpg,https://image.tmdb.org/t/p/w500/1K3JmSNUN8OpjYsCjc0Hy0SYxAb.jpg
3986,103328.0,https://image.tmdb.org/t/p/w500/4ZuTrrDQhCS9f6KzIX6HfsjjyMd.jpg,https://image.tmdb.org/t/p/w500/dCuwNZp2DLOWr8qV0GDBHINhVZM.jpg
3987,103370.0,https://image.tmdb.org/t/p/w500/4P6d7kVDB60Ydmk9WAhrPCWrARI.jpg,https://image.tmdb.org/t/p/w500/lDdTFUonxMymKX2NYbUkJSfJWyj.jpg
3988,103620.0,https://image.tmdb.org/t/p/w500/nbDkRvhmbYnHDXkoq0sF0PLeo8j.jpg,https://image.tmdb.org/t/p/w500/28QWARI48SUXShKXGaLatZkeCO7.jpg
3989,103663.0,https://image.tmdb.org/t/p/w500/jkixsXzRh28q3PCqFoWcf7unghT.jpg,https://image.tmdb.org/t/p/w500/jmVWlCZ8hRtmrQGbKXXFHsrSohp.jpg
3990,103731.0,https://image.tmdb.org/t/p/w500/o2jT5jQdKh1HAF0fMKuGwBOwOYB.jpg,https://image.tmdb.org/t/p/w500/otmqSaptLwYutON1oZEgBLZeBEQ.jpg
3991,103903.0,https://image.tmdb.org/t/p/w500/3VROYF5j0AjqI8hAtcBAYcQzHA6.jpg,https://image.tmdb.org/t/p/w500/n2yrbcxm9BdfXES7ISRis68EsJU.jpg
3992,104755.0,https://image.tmdb.org/t/p/w500/nqZ6CGGZpQWt139YioekSYHvvkU.jpg,https://image.tmdb.org/t/p/w500/qdrmWfJPewIeZE9gU9ihr9diPbm.jpg
3993,104896.0,https://image.tmdb.org/t/p/w500/w65gcoD1zwmaPLM0gM8s9eynGcj.jpg,https://image.tmdb.org/t/p/w500/ku1NQlWcR96XogR4jUQtydl3u2J.jpg
3994,105864.0,https://image.tmdb.org/t/p/w500/8RSkxOO80btfKjyiC5ZiTaCHIT8.jpg,https://image.tmdb.org/t/p/w500/cF3H9pyUF6dsvqlYUcH0TyBAMTG.jpg
3995,106646.0,https://image.tmdb.org/t/p/w500/kW9LmvYHAaS9iA0tHmZVq8hQYoq.jpg,https://image.tmdb.org/t/p/w500/7Nwnmyzrtd0FkcRyPqmdzTPppQa.jpg
3996,106747.0,https://image.tmdb.org/t/p/w500/uAl0YzUf2NHm7PqjsilmeCDbQNb.jpg,https://image.tmdb.org/t/p/w500/8xmIvGTLusGm5bqKaZr2E9QRoCa.jpg
3997,106845.0,https://image.tmdb.org/t/p/w500/iPunx6eRmwxCDuDGB0N0o1jqADP.jpg,https://image.tmdb.org/t/p/w500/1kQGVh547uKRQwyEsnmYEsVVhiN.jpg
3998,107315.0,https://image.tmdb.org/t/p/w500/yZtJz83LOjn5tI6QSKMQfrNHpvC.jpg,https://image.tmdb.org/t/p/w500/zwjOIRlkgTfa2mmv49CPX4rINkZ.jpg
4001,107985.0,https://image.tmdb.org/t/p/w500/kpglnOBYmKn0AkkWDzGxzKHDbds.jpg,https://image.tmdb.org/t/p/w500/stAPkorBeBkvEZ6DQs30Ke4cPyr.jpg
4003,109091.0,https://image.tmdb.org/t/p/w500/aNiLkGnzVb5CorZHKk16w9S4COt.jpg,https://image.tmdb.org/t/p/w500/mJaIjahqXpWtDVMMLQr81yRNniG.jpg
4004,109414.0,https://image.tmdb.org/t/p/w500/tNIW0NhX1hKvUsy6PQ80DOKUhkD.jpg,https://image.tmdb.org/t/p/w500/sXfN4ir91SfTeoWidIukQWane43.jpg
4005,109417.0,https://image.tmdb.org/t/p/w500/dB4L9yt9eFbVhx8tSuDUHoMeN4x.jpg,https://image.tmdb.org/t/p/w500/5L5NYXBPmThp1OBj3IGStlRGltx.jpg
4006,109418.0,https://image.tmdb.org/t/p/w500/hT6ijOtjtYrnyDhN7VA2QWyGFAm.jpg,https://image.tmdb.org/t/p/w500/7JhsJxNmdW0y4IyNrHy10cECrAz.jpg
4008,109424.0,https://image.tmdb.org/t/p/w500/8Td0kkocW6sD3uRpzwfMfkqMWhx.jpg,https://image.tmdb.org/t/p/w500/fLrGQzvfhTwn9m7AqlJh65FMFfG.jpg
4009,109428.0,https://image.tmdb.org/t/p/w500/1gDV0Lm9y8ufIKzyf0h0GBgb9Zj.jpg,https://image.tmdb.org/t/p/w500/6RDgtEBzjuF7W25DVziXRABchpX.jpg
4010,109431.0,https://image.tmdb.org/t/p/w500/lIliJCGoWT6tEVaDivLpXEf038w.jpg,https://image.tmdb.org/t/p/w500/lDc6JPsXm9ARe9w9PC9qegqYs94.jpg
4011,109443.0,https://image.tmdb.org/t/p/w500/BAdmxMdCqzjs6hx3KuEtnoWP8d.jpg,https://image.tmdb.org/t/p/w500/hYY7wC3vuwSmoRdcMalVMjPC0a0.jpg
4012,109445.0,https://image.tmdb.org/t/p/w500/itAKcobTYGpYT8Phwjd8c9hleTo.jpg,https://image.tmdb.org/t/p/w500/rj58WQ9ImI0mYDptXdM7euX1Wjt.jpg
4013,109451.0,https://image.tmdb.org/t/p/w500/ss5NcK2NWFg2YcKKYXLrk8q1myS.jpg,https://image.tmdb.org/t/p/w500/vWriOBVlgW0XWdgbOiijhyLW7B8.jpg
4014,109491.0,https://image.tmdb.org/t/p/w500/t7PWQHpJHb2ozALCfaPaC5aHxBs.jpg,https://image.tmdb.org/t/p/w500/6eDiL5UvFBnbalrxzrLKbIKwg8t.jpg
4015,109513.0,https://image.tmdb.org/t/p/w500/2n3FTpj2AmucfvgZ5tunZxZ2Jvf.jpg,https://image.tmdb.org/t/p/w500/hFAZTCexK4ZuqecUPrkSKoweBmi.jpg
4016,109729.0,https://image.tmdb.org/t/p/w500/5tZR5o2KJXY6UGxoCsuCmZqROwO.jpg,https://image.tmdb.org/t/p/w500/d9XffDhi65UsJhbHlu534l9P2cN.jpg
4017,110402.0,https://image.tmdb.org/t/p/w500/4lITcslPpm8NjTJyuVGMEwKvHcM.jpg,https://image.tmdb.org/t/p/w500/iEOKiQs1Exyuu5eNK3MT8pyen0e.jpg
4018,110415.0,https://image.tmdb.org/t/p/w500/kw6YQudA0TMcNmGUGy5XIw7zbnV.jpg,https://image.tmdb.org/t/p/w500/vz45GHSnBNYRcyoZe3UCQ4HD4D4.jpg
4019,110683.0,https://image.tmdb.org/t/p/w500/wpePR1PBAT3gQDsmDZQtB3q6ZLi.jpg,https://image.tmdb.org/t/p/w500/llCw53gVVb1fHNqctuwYBRdddgE.jpg
4020,262801.0,https://image.tmdb.org/t/p/w500/2fly9OhECzKgVYPFDK6b9Cvn4WN.jpg,
4021,111794.0,https://image.tmdb.org/t/p/w500/79TTGQZrOAzwuWxcOy8y6k6Ldm0.jpg,
4022,65323.0,https://image.tmdb.org/t/p/w500/o9C9i6XdAMb0Xp0ahJDOBp0Um0j.jpg,https://image.tmdb.org/t/p/w500/fFISUC1aDmNrMNx2n1pPoCoAhZR.jpg
4023,112456.0,https://image.tmdb.org/t/p/w500/At3R00Jvpf3W03oWSYmplKjyWGZ.jpg,https://image.tmdb.org/t/p/w500/oxkJWTQpnzIhngPYjD4azEkvA15.jpg
4027,113464.0,https://image.tmdb.org/t/p/w500/s0yJZQlZ6g7e3lTjSaUKWltYByA.jpg,https://image.tmdb.org/t/p/w500/i3MUft0U8AsWOtEEPnmQYxbxPRc.jpg
4028,113947.0,https://image.tmdb.org/t/p/w500/57o1DBc5DfJXVc8wArAblSbZ8sD.jpg,https://image.tmdb.org/t/p/w500/6P6YdvJsAZlUZKipA86rbfjfKzD.jpg
4030,114150.0,https://image.tmdb.org/t/p/w500/gsFoJk9g8W3zgaipRrrURk7LbiF.jpg,https://image.tmdb.org/t/p/w500/2sE6hrwfn9IV7eDlMvpIb9q1EWy.jpg
4031,114635.0,https://image.tmdb.org/t/p/w500/5YEzcIGM4TFSdG9fllCLx4ZMDK5.jpg,https://image.tmdb.org/t/p/w500/mHtc3uRWWEtri6unqCogHHBJRAS.jpg
4032,115210.0,https://image.tmdb.org/t/p/w500/lxZ6rfvzKWwt2nu7ElrwYkNHu5o.jpg,https://image.tmdb.org/t/p/w500/wICx3MiNZ9P8YYeLaG2sOk2zJR0.jpg
4033,115872.0,https://image.tmdb.org/t/p/w500/p4frEECepz84DjgB7clmwBOXldE.jpg,https://image.tmdb.org/t/p/w500/djFWCethTNYz5WPqIso6IVXTtFU.jpg
4034,116149.0,https://image.tmdb.org/t/p/w500/wpchRGhRhvhtU083PfX2yixXtiw.jpg,https://image.tmdb.org/t/p/w500/kfofK4GzJsJZhCShqZY438c8Y4Y.jpg
4035,116584.0,https://image.tmdb.org/t/p/w500/WTohWlSGwFNDfjJJtyPMraH3qo.jpg,
4036,116613.0,https://image.tmdb.org/t/p/w500/nwGo7AoYXG4C03wbyfdeYvcVbnV.jpg,https://image.tmdb.org/t/p/w500/mfYG7D6fQdnKopR6DqnXyfkWG8W.jpg
4037,116711.0,https://image.tmdb.org/t/p/w500/81cSsWzjTfR3cJSqnTiHwy1eyPK.jpg,https://image.tmdb.org/t/p/w500/zFyuN8vF2XNSzxIdACES0IyNrhK.jpg
4038,116741.0,https://image.tmdb.org/t/p/w500/hIh3ZgsZ31nbUAGn5SKIZGKiKCX.jpg,https://image.tmdb.org/t/p/w500/kms4PhWfP1Q2jidPLOf26qm0paJ.jpg
4039,116745.0,https://image.tmdb.org/t/p/w500/iAo1hlzsPV9XpYcLQp6Ud065tGO.jpg,https://image.tmdb.org/t/p/w500/8hSjOHRY4OUEpqxszYbMdem8z9C.jpg
4040,116977.0,https://image.tmdb.org/t/p/w500/to9ggXVyhNTCICHcHMCtFtANd8P.jpg,https://image.tmdb.org/t/p/w500/t7zb6CnRQwhzQSq0apR4ESFYiWN.jpg
4041,117251.0,https://image.tmdb.org/t/p/w500/6TeIVKPw7nXXWy2zKmDmlnSwzb7.jpg,https://image.tmdb.org/t/p/w500/9S4vTm0EhavV7J8pEjUz4PBPp8u.jpg
4042,117263.0,https://image.tmdb.org/t/p/w500/u3GTFGwesNBNd0t1hiLaEk1iqZU.jpg,https://image.tmdb.org/t/p/w500/mjYU7EwVeOtM39ArdWHZk78VhYm.jpg
4043,117942.0,https://image.tmdb.org/t/p/w500/h4fkp6KuY55vocpkInbFeXOSrgT.jpg,https://image.tmdb.org/t/p/w500/f3sRsJvwFV8VISy72L7iUDpdWOp.jpg
4044,118340.0,https://image.tmdb.org/t/p/w500/r7vmZjiyZw9rpJMQJdXpjgiCOk9.jpg,https://image.tmdb.org/t/p/w500/uLtVbjvS1O7gXL8lUOwsFOH4man.jpg
4045,118452.0,https://image.tmdb.org/t/p/w500/w4yN57gmVvLKdHOdUZ5GDQk6gW9.jpg,https://image.tmdb.org/t/p/w500/zPup6isEgJy63n3LNJiBcBc2IXJ.jpg
4046,10192.0,https://image.tmdb.org/t/p/w500/6HrfPZtKcGmX2tUWW3cnciZTaSD.jpg,https://image.tmdb.org/t/p/w500/uzzTystB8lL0mRDII5Sfs5HxgkI.jpg
4047,118957.0,https://image.tmdb.org/t/p/w500/e2OIr4y90ZZjIRWQ0XBOVzpBn4x.jpg,https://image.tmdb.org/t/p/w500/r8xotdjJLzZpdbj3Iz636bUi3oR.jpg
4048,119283.0,https://image.tmdb.org/t/p/w500/ocTaizFzASVPClHsx6VRBi5yP9Z.jpg,https://image.tmdb.org/t/p/w500/7ZUluM7tUW0nRD3WXkmAF5kDfB9.jpg
4049,119450.0,https://image.tmdb.org/t/p/w500/mSmAc9G25fhOHH45SLEeagR0qi7.jpg,https://image.tmdb.org/t/p/w500/3SozaNPOYUadcmTPgndDibMyDNC.jpg
4052,120467.0,https://image.tmdb.org/t/p/w500/eWdyYQreja6JGCzqHWXpWHDrrPo.jpg,https://image.tmdb.org/t/p/w500/jK65srQczOKTpW62wPxwwKztGgE.jpg
4054,121826.0,https://image.tmdb.org/t/p/w500/lDg2DfB5MuEoUeRFQqzBFVoWGep.jpg,https://image.tmdb.org/t/p/w500/rsGYoSu8MNGabCMAnZIzzEHzIFd.jpg
4055,121986.0,https://image.tmdb.org/t/p/w500/jrq1NoKvsxWCcffVOjegiYwloFN.jpg,https://image.tmdb.org/t/p/w500/oUVd42KgJWW6YnZLfzI7SDTdcPL.jpg
4056,122081.0,https://image.tmdb.org/t/p/w500/9tyPnyEkL44qbAliM9jMRWc6bjg.jpg,https://image.tmdb.org/t/p/w500/3eMxTkvHM6G1lHugBvFGVpcJFUa.jpg
4057,122906.0,https://image.tmdb.org/t/p/w500/ls6zswrOZVhCXQBh96DlbnLBajM.jpg,https://image.tmdb.org/t/p/w500/einbto9qLXFx9QXxEHylaxDbKPx.jpg
4058,122917.0,https://image.tmdb.org/t/p/w500/xT98tLqatZPQApyRmlPL12LtiWp.jpg,https://image.tmdb.org/t/p/w500/3UbaCMmqOd7mca4Y5DOzY2ZVTyX.jpg
4059,123553.0,https://image.tmdb.org/t/p/w500/zaK1aVn5vXfNwLIDop9U8XA3Q0x.jpg,https://image.tmdb.org/t/p/w500/z4nKeZpPCrTifS6pzzK8vNleADl.jpg
4060,123678.0,https://image.tmdb.org/t/p/w500/sp5B7Tz5ttsgOLnIlCP5uEhtesI.jpg,https://image.tmdb.org/t/p/w500/1jLaJPdu7dMl0Nk3vLuafDx9PWS.jpg
4063,125052.0,https://image.tmdb.org/t/p/w500/kI8WAtPfjiPygfdKcwYJUkMZyh4.jpg,https://image.tmdb.org/t/p/w500/xGVLZDHDx6KTn7DEAnKqGhR6i7H.jpg
4064,125123.0,https://image.tmdb.org/t/p/w500/u90H3K6XeQEzECkarfysZ2p5IZE.jpg,https://image.tmdb.org/t/p/w500/qeSHuqKaBbx9apM29NnJYoEffE3.jpg
4065,125263.0,https://image.tmdb.org/t/p/w500/iMvLeE872FGGV4XrAfhKRCULtXk.jpg,https://image.tmdb.org/t/p/w500/eNs4fAciZewvIjbRE41DIhGh1cS.jpg
4068,126141.0,https://image.tmdb.org/t/p/w500/zUuTJI5SJhsWsrOJGEVdoIdLJVs.jpg,https://image.tmdb.org/t/p/w500/gszLMOOmwKMwC9qXRsOTFQBus3o.jpg
4070,126319.0,https://image.tmdb.org/t/p/w500/iJPbRASktYW0I009Ktc2zUE6Fvg.jpg,https://image.tmdb.org/t/p/w500/1yQpY4UCaGEirYq9EqTrDvZ24KQ.jpg
4072,127493.0,https://image.tmdb.org/t/p/w500/8rTcpPiet2Lt2uZXBFIH5U7ylBY.jpg,https://image.tmdb.org/t/p/w500/qIDcLqORBAEtKZfo1Ql8wcMNKP0.jpg
4073,127560.0,https://image.tmdb.org/t/p/w500/yuADLCxGCA5rFWk2QDXvX5plBrD.jpg,https://image.tmdb.org/t/p/w500/qJNA7GOqwJj0pGeuHSWiMDdq3S9.jpg
4074,127585.0,https://image.tmdb.org/t/p/w500/tYfijzolzgoMOtegh1Y7j2Enorg.jpg,https://image.tmdb.org/t/p/w500/3czpqXzFy5UcNuD1AubecRLWkwD.jpg
4075,127867.0,https://image.tmdb.org/t/p/w500/6txTmb8OIimrQezgD8ERMmrrbnT.jpg,https://image.tmdb.org/t/p/w500/tnIr0EPYySwj4bzPhU3gLjEYlX1.jpg
4076,127918.0,https://image.tmdb.org/t/p/w500/y7B7Ko7ZEXKcBLkO8HiGFAxAKjA.jpg,https://image.tmdb.org/t/p/w500/7ZbfWHkSZMiRmmFwxUpVcgMWFEO.jpg
4077,129139.0,https://image.tmdb.org/t/p/w500/vSVYCcvDJljrESZo1jJyXPVvwfk.jpg,https://image.tmdb.org/t/p/w500/iD0G3QdoV6gEQu5ZjB7Fz6l64P5.jpg
4078,129670.0,https://image.tmdb.org/t/p/w500/o1t2Mw18EEBnl8v4Nby3PFjxnM1.jpg,https://image.tmdb.org/t/p/w500/yePsFcldyZ6VnxaBr8ZbVEaOt4W.jpg
4079,130150.0,https://image.tmdb.org/t/p/w500/iQdbCtk1Q3TdZRBKSLU1Vh870l7.jpg,https://image.tmdb.org/t/p/w500/feO6v1UMaCDFsshStLpAv2FwARz.jpg
4080,131631.0,https://image.tmdb.org/t/p/w500/4FAA18ZIja70d1Tu5hr5cj2q1sB.jpg,https://image.tmdb.org/t/p/w500/lV1P1Q5gLDXVG1ZYCxZHStkcQC3.jpg
4081,131634.0,https://image.tmdb.org/t/p/w500/lImKHDfExAulp16grYm8zD5eONE.jpg,https://image.tmdb.org/t/p/w500/qVgLMRVNB5bHU0inmRa0ueShacN.jpg
4082,132232.0,https://image.tmdb.org/t/p/w500/eo8BhR8Q5STmWE9sMLsEPagxmy6.jpg,https://image.tmdb.org/t/p/w500/cu3uaBqPORcfpKQWaIjA1GJbvEg.jpg
4084,132344.0,https://image.tmdb.org/t/p/w500/qbGKJmNUroDz75kh5Oafoall89e.jpg,https://image.tmdb.org/t/p/w500/aPSGg0ZGirS0sSxGlwTGTAo0ruV.jpg
4085,132363.0,https://image.tmdb.org/t/p/w500/pAi8Bl3ZKX6pANPVhNwbhbQANop.jpg,https://image.tmdb.org/t/p/w500/g0nLh5eQjTcffJUavvatBNkaSpy.jpg
4086,133575.0,https://image.tmdb.org/t/p/w500/8wQlK0QukCXXmvmDARAx65wnX4j.jpg,https://image.tmdb.org/t/p/w500/vKKhkLajUTCoRIL2pHbxZmnvHPw.jpg
4087,133694.0,https://image.tmdb.org/t/p/w500/5C0b6Wu4Z0V4NuA1cD8SZU7FCkb.jpg,https://image.tmdb.org/t/p/w500/pq0YbRUY7JMbuElDWIK6nRoFSdk.jpg
4089,7340.0,https://image.tmdb.org/t/p/w500/bJJ3xK4pMnfao0wfzySfC47dp8G.jpg,https://image.tmdb.org/t/p/w500/zwJFfKQdfiptK2GY6N8GkZFrAxJ.jpg
4090,133931.0,https://image.tmdb.org/t/p/w500/7aJl440TlbyqthklVrvCnSbjKYe.jpg,https://image.tmdb.org/t/p/w500/34Xi4ZYsmRgO4JEpDzSMrHF5JEY.jpg
4091,134371.0,https://image.tmdb.org/t/p/w500/9iwPz9zy1uCP73QMxhNs6gaTTom.jpg,https://image.tmdb.org/t/p/w500/gh7pgS9iskzlRMWfa8UEeGY6RgA.jpg
4092,134374.0,https://image.tmdb.org/t/p/w500/9WqA0Ry9wmTzFvom8mNbcyKZQgP.jpg,https://image.tmdb.org/t/p/w500/sblvyiREuHDMeo18i0oLoRCb0DT.jpg
4093,134411.0,https://image.tmdb.org/t/p/w500/1suKSCm8gVUIIOh4MgtWAtzkMe4.jpg,https://image.tmdb.org/t/p/w500/80seex5P196f7pff3R8xqwd2Zo.jpg
4094,134597.0,https://image.tmdb.org/t/p/w500/qbhJiXi48fRQevHf56i2JmYqyJ7.jpg,https://image.tmdb.org/t/p/w500/9wILyQxVRQZ7Ixfl1NGjKvcoC02.jpg
4095,135397.0,https://image.tmdb.org/t/p/w500/rhr4y79GpxQF9IsfJItRXVaoGs4.jpg,https://image.tmdb.org/t/p/w500/dF6FjTZzRTENfB4R17HDN20jLT2.jpg
4096,135595.0,https://image.tmdb.org/t/p/w500/fEr6rVOHpXpnBK2WRZZ1wn0PEF9.jpg,
4097,136400.0,https://image.tmdb.org/t/p/w500/ptURGAFktibhk7DEAbMazlmNqWa.jpg,https://image.tmdb.org/t/p/w500/swyPgOP2lffHfMjeZKNnNFR9P88.jpg
4098,136795.0,https://image.tmdb.org/t/p/w500/yERBa1y5zNUOTRKQPiDCPIc2fuv.jpg,https://image.tmdb.org/t/p/w500/c0V8KAiuoWLXf7TfvwHK4yhIfb9.jpg
4099,136797.0,https://image.tmdb.org/t/p/w500/4ktdbrhCnAoDGLW36afjB717Sa.jpg,https://image.tmdb.org/t/p/w500/syVAWAnY6fTBDDFntHsM8vFjKex.jpg
4100,136835.0,https://image.tmdb.org/t/p/w500/wcDLqCS70LsPcovieuQrb311Qr1.jpg,https://image.tmdb.org/t/p/w500/zt6wgtlV6hXDr9tvi3uDJLoHrja.jpg
4101,137093.0,https://image.tmdb.org/t/p/w500/9Aht200Eu2jYiE9cEQdFfNDtHl6.jpg,https://image.tmdb.org/t/p/w500/aDgkqsFurAuN5hBQIJZ6bbV5lS7.jpg
4102,137094.0,https://image.tmdb.org/t/p/w500/m7HcLUodrD4lM4s0Hui1tzO2pjO.jpg,https://image.tmdb.org/t/p/w500/6KaCzcVKsdxlsTIq35xAix5U3Nb.jpg
4103,137106.0,https://image.tmdb.org/t/p/w500/lbctonEnewCYZ4FYoTZhs8cidAl.jpg,https://image.tmdb.org/t/p/w500/6gI1dAkOaUQ6659OdRPsTLlsem5.jpg
4104,137113.0,https://image.tmdb.org/t/p/w500/nBM9MMa2WCwvMG4IJ3eiGUdbPe6.jpg,https://image.tmdb.org/t/p/w500/4V1yIoAKPMRQwGBaSses8Bp2nsi.jpg
4105,137321.0,https://image.tmdb.org/t/p/w500/sdmHGy9c92SjAhz1h05TSLfnnAj.jpg,https://image.tmdb.org/t/p/w500/IdrHHTC2QcrWUnEqshutR8L4vj.jpg
4108,138103.0,https://image.tmdb.org/t/p/w500/utS5euWHlEdKBNnEFwjpZ2oGuhF.jpg,https://image.tmdb.org/t/p/w500/xSfBWkAarrPwwfiGBAMt8wqxUUH.jpg
4109,138697.0,https://image.tmdb.org/t/p/w500/uh8bwvgGXeUKzdL4oSul9zxyTcd.jpg,https://image.tmdb.org/t/p/w500/4QBI1pdjr2hH1fgC8NqwZZnWNso.jpg
4110,138832.0,https://image.tmdb.org/t/p/w500/qF2LJ0jwWrtXSuT4AFD5OS2IqaT.jpg,https://image.tmdb.org/t/p/w500/jxDo3i2f6Ab1XeTWjdNDkkZYEju.jpg
4111,138843.0,https://image.tmdb.org/t/p/w500/wVYREutTvI2tmxr6ujrHT704wGF.jpg,https://image.tmdb.org/t/p/w500/ecKQlAEG95k62SMGhvX83oEqANK.jpg
4112,138976.0,https://image.tmdb.org/t/p/w500/3uJmk8lk4e5SUf15WcrathmOQNE.jpg,https://image.tmdb.org/t/p/w500/c44NYj0IjalkJQq2C30BgFsxvb4.jpg
4113,139038.0,https://image.tmdb.org/t/p/w500/f3ajCdwH7H8JTMVUsCaN5lUsnhi.jpg,https://image.tmdb.org/t/p/w500/cMmyQLngx0maSp6EvyK3EOPIQKM.jpg
4114,139715.0,https://image.tmdb.org/t/p/w500/tf2baOEkFodZ5NYXMfb7gxcZgV.jpg,https://image.tmdb.org/t/p/w500/xXeJA5T6kizxi5Goimo6S1jjL5m.jpg
4115,4944.0,https://image.tmdb.org/t/p/w500/jdwSkQu3XirmX18MNj8CqFWsCk.jpg,https://image.tmdb.org/t/p/w500/dGaV9hfxztBIaCs0MsMlamRw9hC.jpg
4116,139998.0,https://image.tmdb.org/t/p/w500/rSAfIqMTRwEsW51baMXaNK5i2fg.jpg,https://image.tmdb.org/t/p/w500/qf6tKxINNVhtsumZbs2VpM9TPGM.jpg
4117,140300.0,https://image.tmdb.org/t/p/w500/oajNi4Su39WAByHI6EONu8G8HYn.jpg,https://image.tmdb.org/t/p/w500/s3FiHTdpQVpqIqdBxLLiy40wGut.jpg
4118,140823.0,https://image.tmdb.org/t/p/w500/4RkcUe5PKnYvrCwMjk8giUAoID7.jpg,https://image.tmdb.org/t/p/w500/7jyGyVB72hHPLjPQu4hqDGCaraK.jpg
4119,142061.0,https://image.tmdb.org/t/p/w500/d1TqoVkyL4x0dlu9w3F9Ah4LjNv.jpg,https://image.tmdb.org/t/p/w500/9Eh5xzWTpJeZM1FGCblWKZ8GTpw.jpg
4120,142132.0,https://image.tmdb.org/t/p/w500/9VpZ9apNn5uym9TYEtYEhMYOTEX.jpg,
4121,144336.0,https://image.tmdb.org/t/p/w500/ygG17WukZCidKm7wGM3Zzrr5WRi.jpg,https://image.tmdb.org/t/p/w500/tcvi2IYhU4bfwOMGn9xUI4cueT5.jpg
4122,144340.0,https://image.tmdb.org/t/p/w500/f3HoCikJxypRtLJptBwvs7L7etE.jpg,https://image.tmdb.org/t/p/w500/xcPdPDl8ihjIDQW6XxnQvABEvyp.jpg
4123,145220.0,https://image.tmdb.org/t/p/w500/AmX19leUR5gzBZrvA2QXVxGpgHK.jpg,https://image.tmdb.org/t/p/w500/afH2HkgBAumobWx47ujESuRtLCr.jpg
4128,146233.0,https://image.tmdb.org/t/p/w500/uhviyknTT5cEQXbn6vWIqfM4vGm.jpg,https://image.tmdb.org/t/p/w500/3RFmTz5h2UuFWEV4oH00XICBR9y.jpg
4129,146238.0,https://image.tmdb.org/t/p/w500/ck5jZjv7WVoCBBgTH1gJlhyCLPy.jpg,https://image.tmdb.org/t/p/w500/hcXnnwH8DuP5jTOCLDxX3py7uwl.jpg
4132,146304.0,https://image.tmdb.org/t/p/w500/i4ecMHJQpclIEr4mh5uzjWr38GC.jpg,https://image.tmdb.org/t/p/w500/tYvexQjtcdZtxMGZsFadxBrLGaG.jpg
4134,147072.0,https://image.tmdb.org/t/p/w500/82kNZbhCef1OPddot2QxmkHpMYV.jpg,
4135,147441.0,https://image.tmdb.org/t/p/w500/uaDj37JtvLan9tihxZ18e6qL33b.jpg,https://image.tmdb.org/t/p/w500/hJ1jUw8irCiWwQk7BElxF92BrlK.jpg
4136,147767.0,https://image.tmdb.org/t/p/w500/3chNHVi7j0jmUvJ1k7n2EYPfFmC.jpg,https://image.tmdb.org/t/p/w500/rhk371OPZApJHQzKfXQBs0twK61.jpg
4137,49009.0,https://image.tmdb.org/t/p/w500/xQ6hxfpD5XQGJz0ekVle5zegam7.jpg,https://image.tmdb.org/t/p/w500/jcQfgcq1j7Vit4wQ54niXiLfvE8.jpg
4138,150202.0,https://image.tmdb.org/t/p/w500/fBuk4jsOUjjjxCqS6rPgMKi1RB0.jpg,https://image.tmdb.org/t/p/w500/jE1CpCE4tVLmU1dbVz5hC1mjmXC.jpg
4139,150211.0,https://image.tmdb.org/t/p/w500/jbSBwAGNP4N4AcNX2Rxq4h5u5g3.jpg,
4141,150689.0,https://image.tmdb.org/t/p/w500/j91LJmcWo16CArFOoapsz84bwxb.jpg,https://image.tmdb.org/t/p/w500/q7vmCCmyiHnuKGMzHZlr0fD44b9.jpg
4142,152532.0,https://image.tmdb.org/t/p/w500/7Fdh7gUq3plvQqxRbNYhWvDABXA.jpg,https://image.tmdb.org/t/p/w500/sbVKj98cq0FztCukzu47bu0H8o7.jpg
4143,152599.0,https://image.tmdb.org/t/p/w500/ArWRRQYeXL3nG4jYpMOPoBvgmy9.jpg,https://image.tmdb.org/t/p/w500/mqIheOKqtRD7Z9l4kEmic7BDqEZ.jpg
4144,152601.0,https://image.tmdb.org/t/p/w500/eCOtqtfvn7mxGl6nfmq4b1exJRc.jpg,https://image.tmdb.org/t/p/w500/1YnZchmaGc8dchgRPDpR1KGrixA.jpg
4145,152737.0,https://image.tmdb.org/t/p/w500/fvjxr77dfxdIOY3lvj0bHP4B5xT.jpg,https://image.tmdb.org/t/p/w500/svxDWCRGn4AWbOePNE5Fmdsjf6q.jpg
4146,152742.0,https://image.tmdb.org/t/p/w500/ibDGPgUZn6vxHiSgt2xeQyFp8Np.jpg,https://image.tmdb.org/t/p/w500/4EdN5rIT43xcqi4IVRrhxiDOz6z.jpg
4147,152747.0,https://image.tmdb.org/t/p/w500/9cVA4oX2xHgiglv6hemxwAaofsq.jpg,https://image.tmdb.org/t/p/w500/tGy0zyeljUFV20qjVmAigwnlWKv.jpg
4148,152760.0,https://image.tmdb.org/t/p/w500/wiWAg4mKV2S4vImPxsPRIdj2R2B.jpg,https://image.tmdb.org/t/p/w500/vsLrBh3MALRGRB1pMErDQQz3l3c.jpg
4150,104461.0,https://image.tmdb.org/t/p/w500/thASZuU3mynwpjQfYoZ4kwONdq5.jpg,https://image.tmdb.org/t/p/w500/vkc0zw5uS1BSvcZQujqWo0vvrSW.jpg
4151,153518.0,https://image.tmdb.org/t/p/w500/iOH0fEFtV9z9rZp9zmBFGGeWicv.jpg,https://image.tmdb.org/t/p/w500/o4mhrLxv6I70kvYA42qANGUF7ya.jpg
4154,157058.0,https://image.tmdb.org/t/p/w500/xng4MvtKEj8mV2aHgc51tGZzkdN.jpg,https://image.tmdb.org/t/p/w500/dgnabUOINxe8S8QAI05W3UJBGQe.jpg
4155,157185.0,https://image.tmdb.org/t/p/w500/2IMSeaHnjPCYSJ2P2J8BjvbMWZ4.jpg,
4156,157293.0,https://image.tmdb.org/t/p/w500/6d10bDZIg8vQNnzSn9wAu4KD8hc.jpg,https://image.tmdb.org/t/p/w500/bpGvGNhM1KISj5JdQBBEOGWYHC7.jpg
4159,157353.0,https://image.tmdb.org/t/p/w500/i3JqPtiJWnidaif3UA2K2Eng0hp.jpg,https://image.tmdb.org/t/p/w500/ypuD6ZsupyVV1ElNSIPz2BooIlX.jpg
4160,157354.0,https://image.tmdb.org/t/p/w500/oXSy3nEKFtfw5iRxdG8ouEFAnxs.jpg,https://image.tmdb.org/t/p/w500/u0nAnvRdzAGgDYLyfIbAUBDOcpb.jpg
4162,157422.0,https://image.tmdb.org/t/p/w500/82lKQXWuPBaGA9048pHB9WsPAPO.jpg,https://image.tmdb.org/t/p/w500/5e1D0tx6B5ox5jjXWfgQH2Y1SG2.jpg
4164,157547.0,https://image.tmdb.org/t/p/w500/yCzR1yKRLiJyTDLgY1ppazXEmdE.jpg,https://image.tmdb.org/t/p/w500/o0EQmMhHA6Gpf7MS7KxPafWqTPp.jpg
4165,157841.0,https://image.tmdb.org/t/p/w500/pmr4h0ZLguYsvxaVmjS0bguLcnB.jpg,https://image.tmdb.org/t/p/w500/q9wnyYMAyKhOvfycUERFNKTHEaL.jpg
4167,157849.0,https://image.tmdb.org/t/p/w500/6B76Z5Ct758RfKFoFg37skVRiMp.jpg,https://image.tmdb.org/t/p/w500/4lxHAMXrKeSm6Ft5PXyldmjujnL.jpg
4171,158150.0,https://image.tmdb.org/t/p/w500/vpZavsKDpoAyNoeXFTpVW8Q6R8A.jpg,https://image.tmdb.org/t/p/w500/uVnCLOoZugG9VYeMhFv4KIY0f34.jpg
4173,158852.0,https://image.tmdb.org/t/p/w500/kziYpr5Nfw60P0My8aj1sgCEqed.jpg,https://image.tmdb.org/t/p/w500/udYOmbW1JEZjVd726PWHlmptxPi.jpg
4174,158895.0,https://image.tmdb.org/t/p/w500/mN96fbXB92XQGKLS28W7PQRhAA8.jpg,https://image.tmdb.org/t/p/w500/oJLsq1Vv62knKfXYwuGPbXpEwNq.jpg
4175,159014.0,https://image.tmdb.org/t/p/w500/6iRxKxfE6SB586cQV3BH8NSMzoZ.jpg,https://image.tmdb.org/t/p/w500/wUop1B76njSptV0B0s8YUFRRG5I.jpg
4176,159037.0,https://image.tmdb.org/t/p/w500/fbhmYUTdRgnFvumVewTCLgbvYm9.jpg,https://image.tmdb.org/t/p/w500/oMRyQ4xkqlW8W0HnVMg8IunALUy.jpg
4177,159770.0,https://image.tmdb.org/t/p/w500/1oPjkd0200Nt7sdLRqp5Ot1oPxK.jpg,https://image.tmdb.org/t/p/w500/i7qr46eFLeOYes1bttvV2anq553.jpg
4178,159824.0,https://image.tmdb.org/t/p/w500/3nFnrivNgipSKZ8LZJJbRSlAcTR.jpg,https://image.tmdb.org/t/p/w500/mfnkxXWuh2Br097Qteq8ieqKfev.jpg
4179,160588.0,https://image.tmdb.org/t/p/w500/nsj0RLRI10351uYMoAKPur6Derd.jpg,https://image.tmdb.org/t/p/w500/jDJCWtxwHRhFhhlm2vIV8ktOtJM.jpg
4180,161795.0,https://image.tmdb.org/t/p/w500/1fAIdDUVhQaqBr4lVPOeEiNPA3l.jpg,https://image.tmdb.org/t/p/w500/ukQuuW3qDpB8IyWtxohN3PK29k3.jpg
4182,162903.0,https://image.tmdb.org/t/p/w500/pUrL2eacUjAxkOS403DaOyXpgAG.jpg,https://image.tmdb.org/t/p/w500/iOjnDSrGvimvk4jpPLZSzDWSP47.jpg
4183,164372.0,https://image.tmdb.org/t/p/w500/siQpJAT2IQjN218hxJXvrHePtNS.jpg,https://image.tmdb.org/t/p/w500/gvCnzzk9QELPQNkR27p4W9uFFGV.jpg
4184,164457.0,https://image.tmdb.org/t/p/w500/cOuQQ4eRpSBxb0G9OXzWE1pHPeq.jpg,https://image.tmdb.org/t/p/w500/joXz5iPvhDvrHUejlviswMCZaEz.jpg
4186,165864.0,https://image.tmdb.org/t/p/w500/shYb3LezqJF4P90CGgp9zoD2MjF.jpg,https://image.tmdb.org/t/p/w500/2z4n91LX9jtg9VUW8JSeMFLP8A0.jpg
4187,166424.0,https://image.tmdb.org/t/p/w500/cDroz5qSlP8xZ6tOpeYoPkBvKyL.jpg,https://image.tmdb.org/t/p/w500/or5kDR8Ve3TtuPSdEf1X5NdQHyz.jpg
4189,167073.0,https://image.tmdb.org/t/p/w500/cs7W8j5lI7qzRW6tKSj9p1Q0Ze7.jpg,https://image.tmdb.org/t/p/w500/2T4bqHgYfzXNQoALJsvhW40kDTg.jpg
4190,168027.0,https://image.tmdb.org/t/p/w500/1rMr42ppp05ikGgoJf1efx0ouJZ.jpg,https://image.tmdb.org/t/p/w500/8ye8c0SnkHclA56tbkg5avnpb6W.jpg
4191,168259.0,https://image.tmdb.org/t/p/w500/ktofZ9Htrjiy0P6LEowsDaxd3Ri.jpg,https://image.tmdb.org/t/p/w500/ehzI1mVcnHqB58NqPyQwpMqcVoz.jpg
4192,168530.0,https://image.tmdb.org/t/p/w500/qrt65VVaP5DEEBZgB5XYctA82Qv.jpg,https://image.tmdb.org/t/p/w500/b7FwWsTgJ1lDcwvjnqu4uNqFdCd.jpg
4193,168672.0,https://image.tmdb.org/t/p/w500/z6O1KDhfWDTm5ZBr6Ovr0eg8LqO.jpg,https://image.tmdb.org/t/p/w500/3r2G1vSDf4S3Pl5lJ9BDm9FTxe6.jpg
4194,168705.0,https://image.tmdb.org/t/p/w500/1Xy9uu5INNMnyF7W6BTEQkkGOZC.jpg,https://image.tmdb.org/t/p/w500/7M4Gg8VJLO4RgZVfEPq02px2SVL.jpg
4195,169917.0,https://image.tmdb.org/t/p/w500/euPgyPsiNFp6gOBB7nUFxvN5ZaY.jpg,https://image.tmdb.org/t/p/w500/k23FPWl97XKpJ1oTaDyADzxWxs6.jpg
4196,170480.0,https://image.tmdb.org/t/p/w500/42KLDWL2zRXzv6QH1vwBlELGMOs.jpg,https://image.tmdb.org/t/p/w500/5RvTc3Pt5H9bF4dBpP5jTIxAZAc.jpg
4197,170687.0,https://image.tmdb.org/t/p/w500/npBf0yc5Gt7aAyyVOcYtFyT2IPa.jpg,https://image.tmdb.org/t/p/w500/q2vz5DeLbegD2teJU29Gtb4t2sO.jpg
4198,171274.0,https://image.tmdb.org/t/p/w500/pfVua7TzzttOh3RTOuBqT7xN0oY.jpg,https://image.tmdb.org/t/p/w500/cwytQHRHSrMnsSEowcY4Z6jIEeb.jpg
4199,171424.0,https://image.tmdb.org/t/p/w500/nh2EAkJEWaOFdzK2DMaITrdmM2a.jpg,https://image.tmdb.org/t/p/w500/qJcUobr34c77YRQQ7zacTNrBdKj.jpg
4200,171759.0,https://image.tmdb.org/t/p/w500/tDPwBwGAERB4B1yQjR0xwTWwbFQ.jpg,https://image.tmdb.org/t/p/w500/xOKn0Cv3b9bi7N9L8hMX1ayzOVg.jpg
4201,172385.0,https://image.tmdb.org/t/p/w500/gVNTBrjxh2YRmQFjlaqrNbHVvrd.jpg,https://image.tmdb.org/t/p/w500/eg2jxQ1FFi6ENDfyMIMC5odpcU0.jpg
4202,172391.0,https://image.tmdb.org/t/p/w500/bG32hRPM9LguHXj2tbyeILJisOK.jpg,https://image.tmdb.org/t/p/w500/bBvVy858Xt03Lm4AWJCekslC92A.jpg
4203,172533.0,https://image.tmdb.org/t/p/w500/iunbsMWtkwfrtRzU7hdCHhPjjJf.jpg,https://image.tmdb.org/t/p/w500/d8CHsjcTWV7HylrAXdR9UtY3HFG.jpg
4204,173224.0,https://image.tmdb.org/t/p/w500/bI3dchK7VTdOuFQ418bgIQ2dp15.jpg,https://image.tmdb.org/t/p/w500/1F38JkxPP73PYN2hqpIL6Rxp6x7.jpg
4205,173931.0,https://image.tmdb.org/t/p/w500/eVvbz9tsdAeZ0SeOws9AYFyJS0t.jpg,https://image.tmdb.org/t/p/w500/oJV81oRSfUs3tqB9SnpVpl6IO4R.jpg
4206,174311.0,https://image.tmdb.org/t/p/w500/spCLVHZnOCcjrGwCEaVi8ADKRsn.jpg,https://image.tmdb.org/t/p/w500/9DFivmTofVBDZPcX2KJ6TuDIgnM.jpg
4207,174362.0,https://image.tmdb.org/t/p/w500/naepnR4XLlMz2NkT6bf10xdPnNo.jpg,
4208,174751.0,https://image.tmdb.org/t/p/w500/hmfZZ7QeD2RTqkCQX09OC2ehawz.jpg,https://image.tmdb.org/t/p/w500/xXYIWoQLxToV9gzCgmQ1LpgU96X.jpg
4209,175291.0,https://image.tmdb.org/t/p/w500/cnGzB8L2Y4oEyAZ4VvLxAwTRA3N.jpg,https://image.tmdb.org/t/p/w500/1jpP5hIgpEX1mZK4uGZEVkwscJo.jpg
4211,175541.0,https://image.tmdb.org/t/p/w500/dIOk8uCYZMP69D6WhiRCZAGX9kE.jpg,https://image.tmdb.org/t/p/w500/62p194Ai0TzmDabuDsVT9McJdIN.jpg
4212,175555.0,https://image.tmdb.org/t/p/w500/tbwm8GptynNoxbkC5AhjYMYfnn7.jpg,https://image.tmdb.org/t/p/w500/bBnVwaiLBXBkwq9zSZUzDNWUHW5.jpg
4215,176077.0,https://image.tmdb.org/t/p/w500/jzoozJFGbMxpjGli5moZuBfbzKS.jpg,https://image.tmdb.org/t/p/w500/cid1T26fAac3VYB5rdrxwXNmdhd.jpg
4216,176124.0,https://image.tmdb.org/t/p/w500/687pD1t23ptW7mxhA34ASLEaFrE.jpg,https://image.tmdb.org/t/p/w500/gVnjy4A3E5nJVKDhdw46VB5Pkz2.jpg
4217,177572.0,https://image.tmdb.org/t/p/w500/2mxS4wUimwlLmI1xp6QW6NSU361.jpg,https://image.tmdb.org/t/p/w500/4s2d3xdyqotiVNHTlTlJjrr3q0H.jpg
4218,177677.0,https://image.tmdb.org/t/p/w500/fRJLXQBHK2wyznK5yZbO7vmsuVK.jpg,https://image.tmdb.org/t/p/w500/vYIUN5rrCncHFY8WvcuXQlM4hk5.jpg
4219,178862.0,https://image.tmdb.org/t/p/w500/dsaqRUvGpkSoLmDKuTMys4j8GQI.jpg,https://image.tmdb.org/t/p/w500/vPn2IpnioCdFebDUajGriDXrsD7.jpg
4220,179144.0,https://image.tmdb.org/t/p/w500/7suf0vaQfv5E7X1GVh4HJwK90yo.jpg,https://image.tmdb.org/t/p/w500/4T5d7KGrpx3BTDq9IKm6KpMeeNp.jpg
4221,180296.0,https://image.tmdb.org/t/p/w500/ifvKTtvmPYOGed2hP9ogPq98In7.jpg,https://image.tmdb.org/t/p/w500/be8mNf9tHTjrJWQ1O9srDYEAfTj.jpg
4222,180383.0,https://image.tmdb.org/t/p/w500/ug2OCvSvGqId1nT9SKBe9FUjspx.jpg,https://image.tmdb.org/t/p/w500/5zF0Hy10MGTwLGKpXsfCeLiMN1C.jpg
4223,181283.0,https://image.tmdb.org/t/p/w500/p8uTx2xm72vXqI0H4W5kU3ku9ND.jpg,https://image.tmdb.org/t/p/w500/sjsaxwNsgBbrWrJIXtCT5DNo9Mt.jpg
4224,181330.0,https://image.tmdb.org/t/p/w500/lzYQkVuEN0zw2JvJsMUsOU47nb4.jpg,https://image.tmdb.org/t/p/w500/y9CeLvlcDvbt6mIlh8GuyH17e8p.jpg
4225,181533.0,https://image.tmdb.org/t/p/w500/xwgy305K6qDs3D20xUO4OZu1HPY.jpg,https://image.tmdb.org/t/p/w500/1ClgfKeczI0d0KKuBs5qSIqUReT.jpg
4226,181940.0,https://image.tmdb.org/t/p/w500/7E5dd2evQgkqZ2JIY0hrkhYfFGX.jpg,
4227,182291.0,https://image.tmdb.org/t/p/w500/s0NBfjLiE4Six0IQn94zdhuG2fG.jpg,
4229,42346.0,https://image.tmdb.org/t/p/w500/uSuiA2UpxySDupnFW4TqJD5BJI4.jpg,https://image.tmdb.org/t/p/w500/rtJLgTCah95waJMm0CUckiRWzWb.jpg
4230,184098.0,https://image.tmdb.org/t/p/w500/yKI9Nof9MH3dNHM469hEfCjCbjJ.jpg,https://image.tmdb.org/t/p/w500/cMSfVBqshJTDfdwr00hxkpuwjRA.jpg
4231,11970.0,https://image.tmdb.org/t/p/w500/dK9rNoC97tgX3xXg5zdxFisdfcp.jpg,https://image.tmdb.org/t/p/w500/oG9dcGSSu13fjFp1Uly15ZXjRKV.jpg
4232,184341.0,https://image.tmdb.org/t/p/w500/rpAYkkc7ltnxnMXOZLPuI9A6cuB.jpg,https://image.tmdb.org/t/p/w500/lVDDXGuuu2WiqQCyXMsLe513FNP.jpg
4233,184345.0,https://image.tmdb.org/t/p/w500/M82KKqtHFaqkyuwxG5QfShzIRL.jpg,https://image.tmdb.org/t/p/w500/zHF0KdYTuKkwyaE1mt0oFeCB2EF.jpg
4234,184346.0,https://image.tmdb.org/t/p/w500/Uz32ERsyCmGwV8Eg2wmT2ooWpo.jpg,https://image.tmdb.org/t/p/w500/JFQJDXEHnZmfJC1sWNbIrz0WS7.jpg
4235,184374.0,https://image.tmdb.org/t/p/w500/7MAtraeiaKnTrbtzUBbc9SHkdct.jpg,https://image.tmdb.org/t/p/w500/iDvsknGjTpApEBjixGtRta5QTtf.jpg
4236,185008.0,https://image.tmdb.org/t/p/w500/em39H81XLCDgXsI7V4IcBZseEO6.jpg,https://image.tmdb.org/t/p/w500/hvaSiRRM93aCSzTmKlY4sHERL0S.jpg
4238,185567.0,https://image.tmdb.org/t/p/w500/h5OZD7pVkIKR5jf4lGFzQQrLmLc.jpg,https://image.tmdb.org/t/p/w500/883smeniIZTmucEQAMGctTMwCOt.jpg
4239,186935.0,https://image.tmdb.org/t/p/w500/cblCQ0h5oFYlufWoYeFJZAYm0bZ.jpg,https://image.tmdb.org/t/p/w500/q4xhZ4GYIgZ9hTyIMhVpYieLrwO.jpg
4240,187017.0,https://image.tmdb.org/t/p/w500/850chzYHYbT3IISl6Q7dbBuFP2B.jpg,https://image.tmdb.org/t/p/w500/kdyYOwpKvvD2fSbwfnMM2YPAzfq.jpg
4241,188161.0,https://image.tmdb.org/t/p/w500/n9SicwnoNGWBwE75le27sUhCLMm.jpg,https://image.tmdb.org/t/p/w500/5ZDM988DfYLFPBqy4CNvQ9AXnp4.jpg
4243,188207.0,https://image.tmdb.org/t/p/w500/aAnRHLq50AbGWEibXHjmLbp2Tze.jpg,https://image.tmdb.org/t/p/w500/1OlinE4r38dgYbGSvkTVgY6iNDk.jpg
4244,188652.0,https://image.tmdb.org/t/p/w500/x5f1DNKwid7Pce9afAQd2waPtDs.jpg,https://image.tmdb.org/t/p/w500/4PMCHrq3e9iEPmEnOKqyMvV5l9o.jpg
4245,188927.0,https://image.tmdb.org/t/p/w500/wI5VghYNYLktDRPUa5rrVcVA1h7.jpg,https://image.tmdb.org/t/p/w500/sUJrnMbL2xLMjMHk4VdReNrL7BK.jpg
4246,189711.0,https://image.tmdb.org/t/p/w500/mm6hcoQg5tHZ71ydsotXal3EeeO.jpg,
4248,190859.0,https://image.tmdb.org/t/p/w500/i1U46OwMc6vlm7OoSUKfqUH615e.jpg,https://image.tmdb.org/t/p/w500/rl95VDEP3nsUQmGzE0S1S7y6T0N.jpg
4249,190955.0,https://image.tmdb.org/t/p/w500/7tMuywiZUoaAihEIkCu3BAL1xPC.jpg,https://image.tmdb.org/t/p/w500/wFWUOdQH9CI0VzQECZK8qgll3M3.jpg
4251,191714.0,https://image.tmdb.org/t/p/w500/jSOiz1h97i3qwjZJXY8SeLvjPsl.jpg,https://image.tmdb.org/t/p/w500/uwj3rzni98tEYqJae4Cy2k78Xmm.jpg
4252,192102.0,https://image.tmdb.org/t/p/w500/paDgMlfQIrK6PCG5g7UYv9YOdmK.jpg,https://image.tmdb.org/t/p/w500/oL4Ycdowo8BFyDvNeMImcpiarIH.jpg
4254,192134.0,https://image.tmdb.org/t/p/w500/hvrUPdZUDlSn1S4KCW5IdIMGS5D.jpg,https://image.tmdb.org/t/p/w500/kBenhxySFb2NhRJjCVLRCiTqYPr.jpg
4255,192136.0,https://image.tmdb.org/t/p/w500/nzjwDSwLbalv7bCXnFbkAuIxXLx.jpg,https://image.tmdb.org/t/p/w500/wNk223rTAxXlwdBeyVs0WdMPyX2.jpg
4256,192141.0,https://image.tmdb.org/t/p/w500/6WLnzTG4Hz3lFvfZGSsyB8NFGgM.jpg,https://image.tmdb.org/t/p/w500/e3xcYVsoR5dfVM0kq1l0BTkSgzJ.jpg
4257,192210.0,https://image.tmdb.org/t/p/w500/y8Ecw1WdbgTacszNR1C0G4WK21r.jpg,https://image.tmdb.org/t/p/w500/8pu9akucB5NH1ZwKRBX9kLdLZLN.jpg
4258,192577.0,https://image.tmdb.org/t/p/w500/mlHoTQLYsuzJJArO2fHS5rqnLqe.jpg,https://image.tmdb.org/t/p/w500/4xzUhKxWHxPjJ6h1faVMTUBDquQ.jpg
4259,193603.0,https://image.tmdb.org/t/p/w500/cf1KFMaikSLpxSwFcamDW6DBW7B.jpg,https://image.tmdb.org/t/p/w500/mujIqwQ5O2apWe6DiaTJeVtfziA.jpg
4260,193610.0,https://image.tmdb.org/t/p/w500/yHnbb6z8REuFIyBLT2Nj3MX54dY.jpg,https://image.tmdb.org/t/p/w500/vqL1DAd9FbU2CvnG6hLX82bQM0q.jpg
4261,193613.0,https://image.tmdb.org/t/p/w500/6szqjCuVRZQbL1otckVPDCfRgiI.jpg,https://image.tmdb.org/t/p/w500/AfFy1kSasTQcDwJbbTFalwc4fdH.jpg
4262,193722.0,https://image.tmdb.org/t/p/w500/qFdPIMXSBraNyMWwrWvYtJ9fT8g.jpg,https://image.tmdb.org/t/p/w500/wy1RRLEavYQs9pVjwGsJ9Nheae.jpg
4263,193756.0,https://image.tmdb.org/t/p/w500/zaBIrloyhGK7iNTZMb3f9SARsl8.jpg,https://image.tmdb.org/t/p/w500/hmEbQB5UlcwobldcSDNlLZiUnmA.jpg
4264,193893.0,https://image.tmdb.org/t/p/w500/pf4FoUr2phn5WyZjU7rLXSiW1Ve.jpg,https://image.tmdb.org/t/p/w500/aa5P3DfHMD2Y5xotn2067A5OMAI.jpg
4266,194662.0,https://image.tmdb.org/t/p/w500/rHUg2AuIuLSIYMYFgavVwqt1jtc.jpg,https://image.tmdb.org/t/p/w500/s0OrExdg7i3RLR7oqzHRk4q2kL4.jpg
4267,195589.0,https://image.tmdb.org/t/p/w500/sN1RU08CMi8xkRIibremh3AOdgw.jpg,https://image.tmdb.org/t/p/w500/tqSR6GOG2Hde0gwG3vO1Bw6TTo5.jpg
4268,196867.0,https://image.tmdb.org/t/p/w500/aKAM9V0izx4VhsdyAdBvAB26UCZ.jpg,https://image.tmdb.org/t/p/w500/j3snmrxqxT60FrH1Z8i54fGnHZJ.jpg
4269,198062.0,https://image.tmdb.org/t/p/w500/475PTJRhikorye5BnTan5BPm85j.jpg,https://image.tmdb.org/t/p/w500/v4cF26ERLs1XnHfdEQv0xs24Yd1.jpg
4271,198185.0,https://image.tmdb.org/t/p/w500/6OgA9x6jvwBIj8e7x8LANTbVvR2.jpg,https://image.tmdb.org/t/p/w500/7I5uDeJfST5EgU3yQHpO3ExyBQk.jpg
4272,198277.0,https://image.tmdb.org/t/p/w500/qx4HXHXt528hS4rwePZbZo20xqZ.jpg,https://image.tmdb.org/t/p/w500/xrSRmL6pXnRfu9vKwayILkNgLP.jpg
4274,198663.0,https://image.tmdb.org/t/p/w500/ode14q7WtDugFDp78fo9lCsmay9.jpg,https://image.tmdb.org/t/p/w500/eTlcNXGv32zkVI7ZDHhfeaKHXKQ.jpg
4275,199373.0,https://image.tmdb.org/t/p/w500/hHDj1h3lJvYd9Cervoswz9crhWg.jpg,https://image.tmdb.org/t/p/w500/xLW4UQ4zYf7fHrei9pqx4fJsfKy.jpg
4276,199933.0,https://image.tmdb.org/t/p/w500/wR7NM125F63zxECZKCVMzibkWpZ.jpg,https://image.tmdb.org/t/p/w500/xGd7vtT9AQAe9uq15GlCaCLKUKo.jpg
4279,201132.0,https://image.tmdb.org/t/p/w500/agXQuqqqvF0Th77y2nEZg7INOXl.jpg,https://image.tmdb.org/t/p/w500/b3BgSELpDtSWK9OYCt2BTzkTqro.jpg
4280,202575.0,https://image.tmdb.org/t/p/w500/3R13g2XgblynIrQGF8geFZJPNvR.jpg,https://image.tmdb.org/t/p/w500/sPU9KWoPYt9z8ZbI6iLlF6Xvsje.jpg
4281,202604.0,https://image.tmdb.org/t/p/w500/dLouGrpKl02GrlUK4wfNZiUW7Wy.jpg,https://image.tmdb.org/t/p/w500/7wlBkpWRprvfc6ltM9mcn791n3X.jpg
4283,203833.0,https://image.tmdb.org/t/p/w500/wj4U5sMLcJMa3WR9CpRR9e2sdgZ.jpg,https://image.tmdb.org/t/p/w500/arFPEDEW4PzPaMBXgTPzJlumfGw.jpg
4284,204082.0,https://image.tmdb.org/t/p/w500/v55tfjL3QGeabkXAMXPb4olwjL0.jpg,https://image.tmdb.org/t/p/w500/kT8orKwz2bmRdHBLnG44yucYtFy.jpg
4288,205321.0,https://image.tmdb.org/t/p/w500/atEmHkVFTSGRYt2PeCiziQqbZnI.jpg,https://image.tmdb.org/t/p/w500/riGVdQS9gXy38VoSaXXBhmR6A4h.jpg
4289,205584.0,https://image.tmdb.org/t/p/w500/hzH7fwaTyQNITLo40Hu3R7cVMqv.jpg,https://image.tmdb.org/t/p/w500/pl2zr5efo9Dz1fi2gpsslGwEQm.jpg
4290,205587.0,https://image.tmdb.org/t/p/w500/3K93GWotLXe4FqpErri0xkpLaD5.jpg,https://image.tmdb.org/t/p/w500/sPantp0oQ9idos7Jdwko2r6ZOIa.jpg
4291,205588.0,https://image.tmdb.org/t/p/w500/sYKzETDzreQKKazVj11J4Oy5Wgt.jpg,https://image.tmdb.org/t/p/w500/wtpYrJFTPOGSj9G03p1ATIxipZ5.jpg
4292,205596.0,https://image.tmdb.org/t/p/w500/zSqJ1qFq8NXFfi7JeIYMlzyR0dx.jpg,https://image.tmdb.org/t/p/w500/usuRn9DUKQQr4nBWnrQzlOuZ1Q4.jpg
4293,205775.0,https://image.tmdb.org/t/p/w500/weVvNPfk6FM9vBg3BXtRtNAmiYM.jpg,https://image.tmdb.org/t/p/w500/4LRLz2V63TSwuQhBVNXsbnHxgoY.jpg
4294,206197.0,https://image.tmdb.org/t/p/w500/5s619nEEbpHj7E8BrypoQ2ghq5Q.jpg,https://image.tmdb.org/t/p/w500/uTDuL9lfuFrzGJQvGHQrSKEtHn3.jpg
4295,206213.0,https://image.tmdb.org/t/p/w500/9FkPEWRpuMbOArFrklObdvxN099.jpg,https://image.tmdb.org/t/p/w500/1JE7A02joCJMXauuzyl5AbvBPZv.jpg
4297,206296.0,https://image.tmdb.org/t/p/w500/dxTLKSTyGb5IXB64iNgU9AWAsXT.jpg,https://image.tmdb.org/t/p/w500/irxjcC0io2ibj703Wr0FQABeZdm.jpg
4299,206563.0,https://image.tmdb.org/t/p/w500/q8iDavUHwOxCDNMhmCMn4pMumLy.jpg,https://image.tmdb.org/t/p/w500/dwFZb1ddwY3TYUVKrkuCNs7Iy2c.jpg
4300,206647.0,https://image.tmdb.org/t/p/w500/zj8ongFhtWNsVlfjOGo8pSr7PQg.jpg,https://image.tmdb.org/t/p/w500/8lBViysvNJBPkl6zG1LVAaW3qhj.jpg
4301,207769.0,https://image.tmdb.org/t/p/w500/nyXKB77RrItfUsAcgoIlXmUfged.jpg,https://image.tmdb.org/t/p/w500/cfPiu2zcK6b4t7QM7dO1ihyPFfU.jpg
4302,208134.0,https://image.tmdb.org/t/p/w500/dDSMzBEaM0LYSy9Muo0zsCo77Vh.jpg,https://image.tmdb.org/t/p/w500/1rNQG7LOjZheSN1iLGGxaey2254.jpg
4303,208763.0,https://image.tmdb.org/t/p/w500/q0o9JQDp6PHY4zK0Aw1NHpyQyeo.jpg,https://image.tmdb.org/t/p/w500/d7SWh0taIIfWyO2Yuy2wrO6z6p6.jpg
4304,208869.0,https://image.tmdb.org/t/p/w500/1jva5sTJnlz9g11Xm0GTxl6WAIk.jpg,https://image.tmdb.org/t/p/w500/lBVW4XPcdVuJVOrjiDyjHanD0Mm.jpg
4305,209112.0,https://image.tmdb.org/t/p/w500/5UsK3grJvtQrtzEgqNlDljJW96w.jpg,https://image.tmdb.org/t/p/w500/5fX1oSGuYdKgwWmUTAN5MNSQGzr.jpg
4306,209263.0,https://image.tmdb.org/t/p/w500/p5naJg0K8xF0h0HWEfiz6rc9lC4.jpg,https://image.tmdb.org/t/p/w500/qzvntzcKwdp1GqOpJ8dc0FiSOPu.jpg
4307,209274.0,https://image.tmdb.org/t/p/w500/oFrwnliM6TtAyWo6nIP8YpJbIvi.jpg,https://image.tmdb.org/t/p/w500/c9SvfYLJyai34bafR1AvqD9vAJi.jpg
4308,209403.0,https://image.tmdb.org/t/p/w500/hZo399sszo6QxEPOmqJiq5NhQeU.jpg,https://image.tmdb.org/t/p/w500/8k4RMVFTGQugzNPSnQUYiiuccf9.jpg
4309,209451.0,https://image.tmdb.org/t/p/w500/kz956Y83YtT6vTyg0Q40mzRe2UM.jpg,https://image.tmdb.org/t/p/w500/zaSGESiqFLJXRsW92O0ScH3llPE.jpg
4310,210577.0,https://image.tmdb.org/t/p/w500/ts996lKsxvjkO2yiYG0ht4qAicO.jpg,https://image.tmdb.org/t/p/w500/iWak7wT0j6ycCc8lKr4NBz9c7n5.jpg
4311,210860.0,https://image.tmdb.org/t/p/w500/zIRDhdAuMevOuY2vs3s1HNcqDq7.jpg,https://image.tmdb.org/t/p/w500/6Sg4UUs0OksCbR0TZxUtQWPOMDV.jpg
4312,211086.0,https://image.tmdb.org/t/p/w500/cPdgSTu7SV9HCxuBujWSbm3RUbZ.jpg,
4313,211557.0,https://image.tmdb.org/t/p/w500/tTByGBfliHYjOa7qmUzWx6EJwbR.jpg,
4314,211672.0,https://image.tmdb.org/t/p/w500/dr02BdCNAUPVU07aOodwPYv6HCf.jpg,https://image.tmdb.org/t/p/w500/wKrxeY6lbu7KFBsWVcMH6M8avwr.jpg
4315,211954.0,https://image.tmdb.org/t/p/w500/x3Ygv0aZbZ3iUMeXyIlSu0Ugyp5.jpg,https://image.tmdb.org/t/p/w500/eXcgXi3kTzkxLcHIvzaAaFj33NC.jpg
4316,214756.0,https://image.tmdb.org/t/p/w500/38C91I7Xft0gyY7BITm8i4yvuRb.jpg,https://image.tmdb.org/t/p/w500/xtHonIIIQXverDQM08TMQXjn9Fe.jpg
4317,215211.0,https://image.tmdb.org/t/p/w500/kHiiS7rG7VMTp5a5fbH0WCKs9mS.jpg,https://image.tmdb.org/t/p/w500/giKpSN2ZBCAUQ670nhyRAu3U9Pd.jpg
4318,215881.0,https://image.tmdb.org/t/p/w500/iKtQbFwd72ZnXYbEIfEDVpHEJqo.jpg,https://image.tmdb.org/t/p/w500/xxuKnh4gPvaLEJfx0cpnXT2dvNQ.jpg
4319,215924.0,https://image.tmdb.org/t/p/w500/zZ9wdeh2jXZJYUxngOapEUsCVYh.jpg,https://image.tmdb.org/t/p/w500/ygYat93GZrJzLocKyLg9H980QAR.jpg
4321,216282.0,https://image.tmdb.org/t/p/w500/kBgrhrES9kMKSPxawUYV61KjlnB.jpg,https://image.tmdb.org/t/p/w500/965wciBY5wAbQPd6AJyVgBZSk1i.jpg
4322,217708.0,https://image.tmdb.org/t/p/w500/6eYTn4BrD8ycb3rqlXzd6oPEME4.jpg,https://image.tmdb.org/t/p/w500/4IM2CnUVQMEXS2YaY0YNBwSkcRS.jpg
4323,218043.0,https://image.tmdb.org/t/p/w500/b9Q2WR62yB5Aq0hd6kyRFS9cc3Y.jpg,https://image.tmdb.org/t/p/w500/oV4ipwXDl1Vc1nq4HJfa5ta5I3u.jpg
4324,218500.0,https://image.tmdb.org/t/p/w500/nU5xLRQBn1nLqhW9UumdRQTGjbF.jpg,https://image.tmdb.org/t/p/w500/boXoSjygO66yvnMLezjBF5K9USG.jpg
4325,218778.0,https://image.tmdb.org/t/p/w500/pxbAepXQjsGFDHaR3dPndFSxDU0.jpg,https://image.tmdb.org/t/p/w500/aaEpmSJTR9BpPjCg8YqLkJ3AEnp.jpg
4327,220488.0,https://image.tmdb.org/t/p/w500/szLwgjHmmrDdFfDVnFnboNoex8v.jpg,https://image.tmdb.org/t/p/w500/aBC5cVBBt2TP2gguvgUTPPT9hFR.jpg
4328,220490.0,https://image.tmdb.org/t/p/w500/r0DF0V4PVzTAgqVxI2i9c4Okruf.jpg,https://image.tmdb.org/t/p/w500/uDPfFe1aRyNXghqGvxYcud7ocN3.jpg
4329,9472.0,https://image.tmdb.org/t/p/w500/r8KbNHkkwFXLjV1suGwm0Qjure5.jpg,https://image.tmdb.org/t/p/w500/1nL5TJrldKI4rIj16tZTdqpdYL3.jpg
4330,222649.0,https://image.tmdb.org/t/p/w500/wBqskkwzm8evtfdjGsgPx1qypjk.jpg,https://image.tmdb.org/t/p/w500/dohX75Ie64QZUm5jEkpxHeDo9qM.jpg
4331,222899.0,https://image.tmdb.org/t/p/w500/z3dVYQtxXldDawz7d15wqt2PQLe.jpg,https://image.tmdb.org/t/p/w500/1wyFgywBCCSnniSOHLlIZijNcty.jpg
4332,222935.0,https://image.tmdb.org/t/p/w500/kcVuktIlrn9SAN1uBmPDnocTQmF.jpg,https://image.tmdb.org/t/p/w500/oQaVV7p916HO5MDI820zzs1pin9.jpg
4333,222936.0,https://image.tmdb.org/t/p/w500/58Y4CjcRX8AtMNtI0AXu9H7iebP.jpg,https://image.tmdb.org/t/p/w500/9c8TeWriKWYHFt2V664HqNPGOKX.jpg
4334,223485.0,https://image.tmdb.org/t/p/w500/j3PmbRZvf5KpNbapSjn8b0CpD6a.jpg,https://image.tmdb.org/t/p/w500/HQES024QzKwPBO8YcKPCrgbF3Z.jpg
4335,223702.0,https://image.tmdb.org/t/p/w500/vNgdPJQ5CI60oEiiHLKRNrsDhMy.jpg,https://image.tmdb.org/t/p/w500/hsb8nNBt3emvWqBs7Xv5IKlz6Im.jpg
4336,224141.0,https://image.tmdb.org/t/p/w500/bINGDDuvUnZyde2sIcSx41IE5b6.jpg,https://image.tmdb.org/t/p/w500/qF938YRj7RoYkjwOsXFDNYf907J.jpg
4337,224569.0,https://image.tmdb.org/t/p/w500/y6uvUy5wgF21wcIN3lY3G8dkjab.jpg,https://image.tmdb.org/t/p/w500/ceBoofJ48cU9RP46gHx3NI8qP5.jpg
4338,225235.0,https://image.tmdb.org/t/p/w500/iyWyVgDHYkjejwAQQrUCQXuZYjO.jpg,https://image.tmdb.org/t/p/w500/pSjmZ1QczwP76gCtxaA3le0MyJq.jpg
4339,225565.0,https://image.tmdb.org/t/p/w500/tjDAdesZNYFyRNnZvLT0osc7S2t.jpg,https://image.tmdb.org/t/p/w500/2FfNbWD2ss7BrI1jYVbkWT3CunU.jpg
4340,225574.0,https://image.tmdb.org/t/p/w500/Nkgaj3X0W2jHQ1TzHEgWFpN3kJ.jpg,https://image.tmdb.org/t/p/w500/7UOWJEhNbePQeGSaVn9PvcRaujX.jpg
4341,225886.0,https://image.tmdb.org/t/p/w500/u2h7UnSHrbAA5WBoKhdH1rlDZfz.jpg,https://image.tmdb.org/t/p/w500/nFCUBRDF4C6RWopNo0nAfvMA6mm.jpg
4344,226486.0,https://image.tmdb.org/t/p/w500/efsVMziwE9BNTDX5fNmYVA5oAzJ.jpg,https://image.tmdb.org/t/p/w500/bZ6rSw3rUGPvBkmIQMUG6tJJpkt.jpg
4346,227156.0,https://image.tmdb.org/t/p/w500/dul62Av4pgi5x8LP7ELHzNyka9Z.jpg,https://image.tmdb.org/t/p/w500/1wX0Xgs316QapQXjmqrAY9UixgN.jpg
4347,227159.0,https://image.tmdb.org/t/p/w500/boBOkwIqgrs8noxBUSDkkicKa4K.jpg,https://image.tmdb.org/t/p/w500/5CUtGZASj2UqomudRG1RZOt5QbG.jpg
4348,227306.0,https://image.tmdb.org/t/p/w500/vAlHUjHwLWMV5mg4epGR9WSIfiy.jpg,https://image.tmdb.org/t/p/w500/wxdtjlapI0d1vsXhNN0LhLMsaGw.jpg
4349,227348.0,https://image.tmdb.org/t/p/w500/2o4vBAnORr9UnLMvWHhULGDHfzH.jpg,https://image.tmdb.org/t/p/w500/eAISoFMi29BVBKH1VRpne4mJ26K.jpg
4350,227707.0,https://image.tmdb.org/t/p/w500/31ykUoOS2RNdARk3B8z3y25gD8b.jpg,https://image.tmdb.org/t/p/w500/fWmm5X31wPqt5fC5fxf1W17DvAy.jpg
4351,227719.0,https://image.tmdb.org/t/p/w500/9u5Rb0e7mx8qOO7zj39KnIRWClr.jpg,https://image.tmdb.org/t/p/w500/eyJk5LTMLIeAN2kVsP0yXrPZJfl.jpg
4352,227735.0,https://image.tmdb.org/t/p/w500/7ujGA9YqxQ3uwtMelCEsaBKasuR.jpg,https://image.tmdb.org/t/p/w500/jAXPhMpnJTzBa8oSAP0l9sjYgV8.jpg
4353,227783.0,https://image.tmdb.org/t/p/w500/4iHnGlmOjAj2k5zUftYDIzSITCf.jpg,https://image.tmdb.org/t/p/w500/hDyGD9UQn6CDky3jcGXGVnPOGUS.jpg
4354,227973.0,https://image.tmdb.org/t/p/w500/aiwdwnl7RFs1vcBanOKr13ye3wE.jpg,https://image.tmdb.org/t/p/w500/361quVX94drEaExOKScbZYsxijG.jpg
4355,227975.0,https://image.tmdb.org/t/p/w500/lologg70UiUMok8ijdSfDzBwR0N.jpg,https://image.tmdb.org/t/p/w500/AuzyTuRHzmS78cP6pR9SgDQC6ys.jpg
4356,228066.0,https://image.tmdb.org/t/p/w500/bYUmSLPtWylFKbEBHOXT1kt9l5b.jpg,https://image.tmdb.org/t/p/w500/byMyHJvhiIMKEYqO4I3UhIPEm7G.jpg
4357,228150.0,https://image.tmdb.org/t/p/w500/pfte7wdMobMF4CVHuOxyu6oqeeA.jpg,https://image.tmdb.org/t/p/w500/95ckrV6wQgbffurAVmETQ5YKASL.jpg
4358,228161.0,https://image.tmdb.org/t/p/w500/usFenYnk6mr8C62dB1MoAfSWMGR.jpg,https://image.tmdb.org/t/p/w500/gnkBzJVH2zicIopP2fHf4kRElne.jpg
4359,228165.0,https://image.tmdb.org/t/p/w500/2WDmjUlSAPlA27i2OwEC7sRTFw3.jpg,https://image.tmdb.org/t/p/w500/sqcqFzAj3IPSFprQSLHr5JOBU4m.jpg
4361,228203.0,https://image.tmdb.org/t/p/w500/yyhniD8A7Mv6SOn8oo1Ba2K0mKc.jpg,https://image.tmdb.org/t/p/w500/bNxnk75NLddqqnblfjovGGyr71K.jpg
4362,228205.0,https://image.tmdb.org/t/p/w500/qdUVfvPBvT6cetDDM7rn8y2CNZE.jpg,https://image.tmdb.org/t/p/w500/fLgQ6bf9RKywpZckiEtAPnY3DLr.jpg
4367,230266.0,https://image.tmdb.org/t/p/w500/11X9DZGT3P7bJhWxfwFdCkWHILS.jpg,https://image.tmdb.org/t/p/w500/z9NWUGUu2l0lkz6TxhzdIMkJ7Am.jpg
4368,231576.0,https://image.tmdb.org/t/p/w500/hDDXIWLBS6rNPJS4tQvEXWxGXjK.jpg,https://image.tmdb.org/t/p/w500/uhnA40snHwYSUkGA0rgGLmmGgE2.jpg
4369,231617.0,https://image.tmdb.org/t/p/w500/6BVCgmhLeSTF8nPBuE9ncHHcCNv.jpg,https://image.tmdb.org/t/p/w500/4VjcEIuE6gk5al11S5d5ATS7BDK.jpg
4370,232672.0,https://image.tmdb.org/t/p/w500/o2YrH9jS7CAfWjETHFeL0tth79E.jpg,https://image.tmdb.org/t/p/w500/g5haoqEqt5VwVwQKEkoXY9zqSxb.jpg
4371,232679.0,https://image.tmdb.org/t/p/w500/ffVhh4sBLpJCu875v6hwLJN5VNR.jpg,https://image.tmdb.org/t/p/w500/h2WyyRB2jKpketuZ0znyANyJGjc.jpg
4372,234212.0,https://image.tmdb.org/t/p/w500/ne0wAvbmzk72svslxjuFySrXEKw.jpg,https://image.tmdb.org/t/p/w500/t8K8TkiLrrFCBVCIHt8U6nYXwrg.jpg
4373,235260.0,https://image.tmdb.org/t/p/w500/ayqHV0rHuAdMv8PS497W2OByGWk.jpg,https://image.tmdb.org/t/p/w500/hONTXxtQVSYySKW5f3nRndKUfhc.jpg
4374,235271.0,https://image.tmdb.org/t/p/w500/fAERrD6vvmznDoL99wlgjhSfPcH.jpg,https://image.tmdb.org/t/p/w500/aqqoDJs8vYp2EZ74aQ1UMY0sjM7.jpg
4375,236751.0,https://image.tmdb.org/t/p/w500/tsFovEJuZHVgpvFTHXb37l7ma4F.jpg,https://image.tmdb.org/t/p/w500/11eRKCIIkRnGseeIlWlAqkbiHKl.jpg
4376,238603.0,https://image.tmdb.org/t/p/w500/yiNPza51nLvVTWTB9q4ifzfUlml.jpg,https://image.tmdb.org/t/p/w500/xqCU96foxW8w2dhaEhP3vr1Sx4R.jpg
4377,238615.0,https://image.tmdb.org/t/p/w500/hCqXcAMeBiPVnLUU8PNsKUYi6Gn.jpg,https://image.tmdb.org/t/p/w500/vzbsqeoG7xH8EVOBiYBSIjU8wt1.jpg
4378,238636.0,https://image.tmdb.org/t/p/w500/qwqHHZLZSUvMkAMQ47ymtfjEifY.jpg,https://image.tmdb.org/t/p/w500/blfZnm6StMPnTY35kaooPBCsSVp.jpg
4379,239563.0,https://image.tmdb.org/t/p/w500/1bb7MTHCIPhpKZFysDpxNaNrdMk.jpg,https://image.tmdb.org/t/p/w500/ltTMapHOSqmgMvVHVxdRkH6EQ9V.jpg
4380,239566.0,https://image.tmdb.org/t/p/w500/dVbGeU5agxFGcJnL5hk4uO8W7i2.jpg,https://image.tmdb.org/t/p/w500/j3qoYRsQueTCvFhOVakVNhqmxRW.jpg
4381,239571.0,https://image.tmdb.org/t/p/w500/gSr79jDrR073FmLjIrZWar1lFD2.jpg,https://image.tmdb.org/t/p/w500/dz4axZNgbtxvhIKBJBbHIM1bBCB.jpg
4382,239573.0,https://image.tmdb.org/t/p/w500/eVWVZf3fkx9eNqbHyn9xNlmC2h4.jpg,https://image.tmdb.org/t/p/w500/fPIuhCBHyAqZp93spcTTcABz13g.jpg
4383,239678.0,https://image.tmdb.org/t/p/w500/rVUI2267FdetVWz9UBQbqTmRVhQ.jpg,https://image.tmdb.org/t/p/w500/njK3bfEYuqwjs8YTkpaDtkoTmVr.jpg
4384,239897.0,https://image.tmdb.org/t/p/w500/eCWjbEI7v3ThQ32gM3aiID568P4.jpg,https://image.tmdb.org/t/p/w500/gUN9VweIhb1L3TCez1yaySmCkaB.jpg
4385,240832.0,https://image.tmdb.org/t/p/w500/kRbpUTRNm6QbLQFPFWUcNC4czEm.jpg,https://image.tmdb.org/t/p/w500/1hzH1Wu2xhXBNOWzw3RMwNTJX5q.jpg
4386,241239.0,https://image.tmdb.org/t/p/w500/gYTUNxLcFomCdXe3D4Hq8OLwgv0.jpg,https://image.tmdb.org/t/p/w500/wjfJy0jXpbtUuSkFxUeF8W4RrEo.jpg
4387,241251.0,https://image.tmdb.org/t/p/w500/gicmSeLG6Uh7BF1r1mxZHUQ8r26.jpg,https://image.tmdb.org/t/p/w500/96iXwJibeNW9RGEa58zYa0SQV6m.jpg
4392,241766.0,https://image.tmdb.org/t/p/w500/7MQ8Uf4JTxjaExZ7lYxz4AVuFR2.jpg,https://image.tmdb.org/t/p/w500/uzDjoQBoopDFA5HjDa6FmWiGG5H.jpg
4393,241771.0,https://image.tmdb.org/t/p/w500/5Di9UXTa2bDec68WOFcZzgB1ot3.jpg,https://image.tmdb.org/t/p/w500/2RZIAureYbJCCqyduAgM1RwtRRl.jpg
4394,242083.0,https://image.tmdb.org/t/p/w500/w7TdwnSh5McR5J28ZHTvttTKaCi.jpg,https://image.tmdb.org/t/p/w500/uFtetLeIniQ9r4VEIz3pdEE9PrX.jpg
4395,242095.0,https://image.tmdb.org/t/p/w500/r5v3gzfxtnO9bKebs5Ujee6LLP1.jpg,https://image.tmdb.org/t/p/w500/oxZh9qhkxfOczKmTang0j9a06Bx.jpg
4396,242166.0,https://image.tmdb.org/t/p/w500/h5wrpVvjeq8kgClO0CtX2aNOcxU.jpg,https://image.tmdb.org/t/p/w500/2IVCxbB93bxMaovkNuLB4bG3dSi.jpg
4397,242512.0,https://image.tmdb.org/t/p/w500/gwjHlGjK2xXKpjd65BWyAMwzTWC.jpg,https://image.tmdb.org/t/p/w500/fsuA3wUYixjLeE97CyyPGdPoQF3.jpg
4398,242575.0,https://image.tmdb.org/t/p/w500/7xaQAc01TZOHEku2uC520OIENWx.jpg,https://image.tmdb.org/t/p/w500/1eg3lmXN8BU9NVFBPXiIgK9Tkx9.jpg
4400,243938.0,https://image.tmdb.org/t/p/w500/lBroHetSm8RMI8zp7ThpFJsw9E1.jpg,https://image.tmdb.org/t/p/w500/iz0gx0msnS2G2vUcmigSE7aN4CL.jpg
4403,244267.0,https://image.tmdb.org/t/p/w500/2P31jhd1dWUAPD8dmnSrwkQ8CNN.jpg,https://image.tmdb.org/t/p/w500/cr8pv3Iel9T5Z3WTJX5VqvdIpAm.jpg
4404,244316.0,https://image.tmdb.org/t/p/w500/i5GbFCeZ0fG5xb2ta6B3yNgzIM7.jpg,https://image.tmdb.org/t/p/w500/ovFz5YVSVxlkHnroFP7b2Rxiz9H.jpg
4405,244339.0,https://image.tmdb.org/t/p/w500/xiXP1HoGKxwo8gu7g2hlQPWNBkV.jpg,https://image.tmdb.org/t/p/w500/wpKcecVMtAq9S68qwqisjvAG18X.jpg
4406,244403.0,https://image.tmdb.org/t/p/w500/ka3gEmHph5FTJouSdOOK02Ck6bx.jpg,https://image.tmdb.org/t/p/w500/aSrP7Xmk4EDL1iqWX2cbtnXqmT7.jpg
4408,244772.0,https://image.tmdb.org/t/p/w500/lDygTdg1KlrVJVzqsFL515uGzSe.jpg,https://image.tmdb.org/t/p/w500/vHZcuvAZbmNeS34pUHB98svwIo.jpg
4409,244776.0,https://image.tmdb.org/t/p/w500/asTg7u7yYQIBeEx9tTvpTQVkjFJ.jpg,https://image.tmdb.org/t/p/w500/yHKquuEKnT3L2FgafiVFQZV87Yc.jpg
4410,244783.0,https://image.tmdb.org/t/p/w500/sY4CD3Wj4OIdiVCrU4qOJMxOzVg.jpg,https://image.tmdb.org/t/p/w500/AckDhp2FYTD9AbhpDCk6HyrjNc8.jpg
4411,244786.0,https://image.tmdb.org/t/p/w500/7fn624j5lj3xTme2SgiLCeuedmO.jpg,https://image.tmdb.org/t/p/w500/fRGxZuo7jJUWQsVg9PREb98Aclp.jpg
4412,245700.0,https://image.tmdb.org/t/p/w500/rnVhl1PFSOoW5c6UhZJZt5TV98p.jpg,https://image.tmdb.org/t/p/w500/74IaLYwgko2nTLj8Gz9ukQ4RIvC.jpg
4413,245703.0,https://image.tmdb.org/t/p/w500/hgDRq1l4ATxwufWjILKsYtglbI6.jpg,https://image.tmdb.org/t/p/w500/23COMNwqP8q4rWPtLGTBuCD3LnT.jpg
4415,245916.0,https://image.tmdb.org/t/p/w500/8gaNZiKZHvKCqMDByY00dUIV0YC.jpg,https://image.tmdb.org/t/p/w500/hYVAvYJXE4taTIh2y6F5mGJWfPm.jpg
4416,246403.0,https://image.tmdb.org/t/p/w500/pA2SgITmH0lzet9Nn5cxeinRKMv.jpg,https://image.tmdb.org/t/p/w500/bQSfsZDaBWZCHI8Z2nrN1hkR6EG.jpg
4417,246449.0,https://image.tmdb.org/t/p/w500/cTs2mJEJMa6WxYt4ZJnlz2xK0VC.jpg,https://image.tmdb.org/t/p/w500/9vgd9tMEGzteNRdd1UezWdYijKn.jpg
4418,246655.0,https://image.tmdb.org/t/p/w500/ikA8UhYdTGpqbatFa93nIf6noSr.jpg,https://image.tmdb.org/t/p/w500/sTQNRqLbfCXolrb5CizAW1dj528.jpg
4419,248402.0,https://image.tmdb.org/t/p/w500/lIs7Uuk0his0PFFrLyxJkaF3ygZ.jpg,
4420,248774.0,https://image.tmdb.org/t/p/w500/vAVuQuboHiqc6ClsFeWQXBHJkOX.jpg,https://image.tmdb.org/t/p/w500/7DsPcLMbybqpl7nNMcwzPCM4VKG.jpg
4422,250066.0,https://image.tmdb.org/t/p/w500/526uxanwv4mMK0YTxjVrsmMXXo2.jpg,https://image.tmdb.org/t/p/w500/vIrQp74LyBd7ktEIgMdd0Nfyb3U.jpg
4424,250184.0,https://image.tmdb.org/t/p/w500/cafljB271v1L4smQT0n0Tznor79.jpg,https://image.tmdb.org/t/p/w500/29oBilWoCX0Q1hiMe1WJnTStL3W.jpg
4425,250349.0,https://image.tmdb.org/t/p/w500/f6qSHIFvo2NhvlbAi8WBehd4Xne.jpg,https://image.tmdb.org/t/p/w500/nzvfltLNtIG7aChxbeoVRfpyIGk.jpg
4426,250546.0,https://image.tmdb.org/t/p/w500/yLsuU2P2SpDYFwtZQ7dtfVAf6TE.jpg,https://image.tmdb.org/t/p/w500/pWZ0srAfPx4XyJMlFkKBlmYfx3C.jpg
4428,251321.0,https://image.tmdb.org/t/p/w500/fxwJywCV6XLAFi0FcqVyduw0Fu.jpg,https://image.tmdb.org/t/p/w500/61DzNcUduoqVDooSEhOHvkXOI7L.jpg
4429,251471.0,https://image.tmdb.org/t/p/w500/ojBg3yJfsqzi1maypHV7sW7COcn.jpg,https://image.tmdb.org/t/p/w500/oAiqaBzPB3wsfvplA4PHpaNpB9n.jpg
4430,251979.0,https://image.tmdb.org/t/p/w500/sRbFTl2OkANyTm26IbwUZ3Vr3ay.jpg,https://image.tmdb.org/t/p/w500/v0kXbzbfwS4QWHBc4AuQ52Z5b9b.jpg
4431,252360.0,https://image.tmdb.org/t/p/w500/yetbsCuB6fmzI4lpJMvqwJcehti.jpg,https://image.tmdb.org/t/p/w500/d1VlhkIFRc9Y8SrTURbPThcautn.jpg
4432,252512.0,https://image.tmdb.org/t/p/w500/rdYXGeK3OZjBrd2R8A1sSS0Kxcq.jpg,https://image.tmdb.org/t/p/w500/9JJJOq1YuhUpC3wRgeEYn85UPbi.jpg
4433,252680.0,https://image.tmdb.org/t/p/w500/gP97yU8YrVZY2yLxTwsicS8KuSe.jpg,https://image.tmdb.org/t/p/w500/xzi0mSJJU0de8sXn1d6S4ahzzr.jpg
4435,253253.0,https://image.tmdb.org/t/p/w500/2mwMeQ5SEmw1cEUBVYEtP3helTo.jpg,https://image.tmdb.org/t/p/w500/msTXIFjyr9EOncRvTHGoZ1qdXpz.jpg
4436,253261.0,https://image.tmdb.org/t/p/w500/3Dvthr7XOP045DY2sXhgzKaYTEY.jpg,
4438,253306.0,https://image.tmdb.org/t/p/w500/jPKEeHmUuoDnIaRs6VUqSr4qRGR.jpg,https://image.tmdb.org/t/p/w500/3haw0ndhE0MihQHvyIbU9etWpoN.jpg
4439,253331.0,https://image.tmdb.org/t/p/w500/hOxxudUwgh5KGC7LtxDCkkwn1YP.jpg,https://image.tmdb.org/t/p/w500/759wfisWoD7eJZmi1wi6Y0cW3jw.jpg
4441,253450.0,https://image.tmdb.org/t/p/w500/10RcGMfzg2lIW1aLcR4ILfNbHK2.jpg,https://image.tmdb.org/t/p/w500/18J7JnWOb9UqfQZHrTCLPz4CeyO.jpg
4442,253626.0,https://image.tmdb.org/t/p/w500/oO9nK1bqssxRdNHFSFGiucffiA8.jpg,https://image.tmdb.org/t/p/w500/7ghhzg8fFDVPJoB8ImahndG0wwL.jpg
4443,254024.0,https://image.tmdb.org/t/p/w500/100pHE252kgwxwVNbiflYV9j1yi.jpg,https://image.tmdb.org/t/p/w500/qBPrU3oA1s3eFvPVmq4vNnkRymU.jpg
4444,254128.0,https://image.tmdb.org/t/p/w500/2Gfjn962aaFSD6eST6QU3oLDZTo.jpg,https://image.tmdb.org/t/p/w500/zcySy6dnSmyqiichtDgO7AEeZoq.jpg
4445,254470.0,https://image.tmdb.org/t/p/w500/fQaEGzFmvTYu3G641WV0Tg9auAt.jpg,https://image.tmdb.org/t/p/w500/bWOfRV1Ubk9SWEDZDDjsmIUCcbZ.jpg
4446,254472.0,https://image.tmdb.org/t/p/w500/tcVeFuvxqnWlvoMEWevaeVO0Mm6.jpg,https://image.tmdb.org/t/p/w500/nxRNNjxvvshFaEoeODmjdA8ihln.jpg
4447,254473.0,https://image.tmdb.org/t/p/w500/6OopiNRk7lWP0hPsY0eYqq2kQTi.jpg,https://image.tmdb.org/t/p/w500/eT990B07JBhgomU5nLI2WS1WLTw.jpg
4448,254904.0,https://image.tmdb.org/t/p/w500/4ejNFbCgLMDAuy7jFQmc7cr6UAW.jpg,https://image.tmdb.org/t/p/w500/qFVv6qw6LqotUQofdwKSvxJfLnu.jpg
4450,255343.0,https://image.tmdb.org/t/p/w500/4HngNLzCmUYCPB8FbxSZWN0eDKM.jpg,https://image.tmdb.org/t/p/w500/4EMd9DU86rbd9XCjOjLHp5Khtn8.jpg
4451,256040.0,https://image.tmdb.org/t/p/w500/9BAjt8nSSms62uOVYn1t3C3dVto.jpg,https://image.tmdb.org/t/p/w500/e9ZEuHGHZ06AToHlfN1L7nejJ7W.jpg
4452,256092.0,https://image.tmdb.org/t/p/w500/wSujXhZJPvwKtMhIAuIuXZ93gYO.jpg,https://image.tmdb.org/t/p/w500/lVgb8ebWu0H1hphBUw31m6gKDYW.jpg
4453,256274.0,https://image.tmdb.org/t/p/w500/oJZSajKLJkoTOzSZQN2ZwRnPwHZ.jpg,https://image.tmdb.org/t/p/w500/w2IVckABEbAZOhuuLcQRHdyI6uk.jpg
4455,256687.0,https://image.tmdb.org/t/p/w500/3DJ8KOT2t8y8FiLn3hrMyPT9MyS.jpg,https://image.tmdb.org/t/p/w500/y55f32u1Ow8SA6ipvc90qJtAbti.jpg
4456,256740.0,https://image.tmdb.org/t/p/w500/dTxOsk0wVG1EgyCbWbaNxQXZLxy.jpg,https://image.tmdb.org/t/p/w500/h98DwcIuWckwhK5LsNb9UU63Kpw.jpg
4457,256917.0,https://image.tmdb.org/t/p/w500/kIlVtC22BDNiiAiCvSZoOS7FhY9.jpg,https://image.tmdb.org/t/p/w500/ixJQ8u7lnCO1j7ldHAOzv3UF5Hz.jpg
4458,256924.0,https://image.tmdb.org/t/p/w500/sf9ndc9l6alP9DhJF1ZpKz1PaXK.jpg,https://image.tmdb.org/t/p/w500/6ZzMkCCDX7TbLQySUqW8meYqVPM.jpg
4460,256962.0,https://image.tmdb.org/t/p/w500/lAU9pgq3niI6sFemcKm4FGGmrnW.jpg,https://image.tmdb.org/t/p/w500/xKtWcQD2yugIKz49LvZNHdLM09T.jpg
4461,257087.0,https://image.tmdb.org/t/p/w500/e9hB3QrBIUDSHCmwbceVxVgLRqv.jpg,https://image.tmdb.org/t/p/w500/q7G6cglNDn4DzhnLVO6LOLK3Aks.jpg
4463,257091.0,https://image.tmdb.org/t/p/w500/rJPbS2cYOYhDCjT5NmW1Fm6gFl3.jpg,https://image.tmdb.org/t/p/w500/b52Vpc5NZTdoj1mlcgc9xd14i3i.jpg
4464,257211.0,https://image.tmdb.org/t/p/w500/u7o3TwUgukRzTIyPwdMVdqmMRMD.jpg,https://image.tmdb.org/t/p/w500/i8Q2Ei2dPliMLgPWYhRTxIDzh7r.jpg
4467,257932.0,https://image.tmdb.org/t/p/w500/8fklM49dK7AZ3j8jgycxbRwECGa.jpg,https://image.tmdb.org/t/p/w500/6i29AyCu1aKAbzbmQITTmOF2cVb.jpg
4468,258489.0,https://image.tmdb.org/t/p/w500/eJrfz178xBGlxjDGxnBXTzWWa4w.jpg,https://image.tmdb.org/t/p/w500/btCaMm9aVW1PG485Ef8RMBBALzI.jpg
4469,258509.0,https://image.tmdb.org/t/p/w500/aQhFoqby8UYq4uGQXOtV7P8JLBl.jpg,https://image.tmdb.org/t/p/w500/jUeUWPkq7rDIjrDsm0tWVuoTEwq.jpg
4470,258755.0,https://image.tmdb.org/t/p/w500/ooi46QLuAvPnV9cfsX8m9xbC40X.jpg,https://image.tmdb.org/t/p/w500/2JRMdlpUTOZJXLklhd6nXuMYohi.jpg
4471,259693.0,https://image.tmdb.org/t/p/w500/zEqyD0SBt6HL7W9JQoWwtd5Do1T.jpg,https://image.tmdb.org/t/p/w500/hD9zZYKYb1xBgcm8XIfyvclSkjs.jpg
4472,259694.0,https://image.tmdb.org/t/p/w500/a4Ce3qHqIyHM3QfGsiVTAu3YADJ.jpg,https://image.tmdb.org/t/p/w500/bCakS265nbi6fYB3bwuzVLAsjsv.jpg
4473,259943.0,https://image.tmdb.org/t/p/w500/muXZscRYs9DNTBPvvhheBBlrxTO.jpg,https://image.tmdb.org/t/p/w500/caFldsjpNl6kk36WlR1hGxdqkDZ.jpg
4474,260346.0,https://image.tmdb.org/t/p/w500/vzvMXMypMq7ieDofKThsxjHj9hn.jpg,https://image.tmdb.org/t/p/w500/vFm4pF0BgaWPj0i2zEiZO6TqEQ0.jpg
4475,260778.0,https://image.tmdb.org/t/p/w500/cQ3MxP5yrMfdjSwVq2hjW5oRWKy.jpg,
4476,260947.0,https://image.tmdb.org/t/p/w500/fmKcL3irtCGs1ZWcpx2tKcebp3i.jpg,https://image.tmdb.org/t/p/w500/dICcoTGsQa9dAaIueoN5DTlf8hL.jpg
4477,261023.0,https://image.tmdb.org/t/p/w500/zfwciv4LIJkNQsfuhYGv0Nkiweg.jpg,https://image.tmdb.org/t/p/w500/mK4J2Qk4S4UQGOeMqsgei9DyPwW.jpg
4479,262504.0,https://image.tmdb.org/t/p/w500/faq9JlF8znUGQ5p3En1W61Fi5p0.jpg,https://image.tmdb.org/t/p/w500/qSP072apfe2EEcd5Qg9vGYy2OLw.jpg
4480,262543.0,https://image.tmdb.org/t/p/w500/h7SEtIWOfLsuCWhQgflev7ppRPq.jpg,https://image.tmdb.org/t/p/w500/kVChi7qHX9UMcpAh7J6fGBCCH2c.jpg
4481,263503.0,https://image.tmdb.org/t/p/w500/qCtw7zmL2dbMqK1u6K8ZQUMip6j.jpg,https://image.tmdb.org/t/p/w500/rUOfpgZUt5Ru76n8eUkBkwnfavM.jpg
4482,264644.0,https://image.tmdb.org/t/p/w500/2hHDMeYyZjbGWn0BeNH1cTMxuM7.jpg,https://image.tmdb.org/t/p/w500/cGV6R2vzT4TYIabf3JgmrOISQ0y.jpg
4483,264656.0,https://image.tmdb.org/t/p/w500/eGpuOhkm1wG2AxEJShazH5NVGAO.jpg,https://image.tmdb.org/t/p/w500/dXLs7RiKzFlD1clG4PrRYxN3g68.jpg
4484,264660.0,https://image.tmdb.org/t/p/w500/dmJW8IAKHKxFNiUnoDR7JfsK7Rp.jpg,https://image.tmdb.org/t/p/w500/uqOuJ50EtTj7kkDIXP8LCg7G45D.jpg
4485,264999.0,https://image.tmdb.org/t/p/w500/jkuCNd3wOmf4sDlZ89HEt8jmsqr.jpg,https://image.tmdb.org/t/p/w500/9w8jSvBN745BdgcB7VOz4AwsQAj.jpg
4486,265208.0,https://image.tmdb.org/t/p/w500/zN80Tlly8oMpKbVJv2TfRIj8dHG.jpg,https://image.tmdb.org/t/p/w500/9Xna1fmRkTyAfMSonokrwblYXUS.jpg
4487,266034.0,https://image.tmdb.org/t/p/w500/fYHOfbx9Xuxbu6LJBJA9EPom70Q.jpg,https://image.tmdb.org/t/p/w500/n3Z93zadihMeZ2O7b0oIEzXhvhP.jpg
4488,266102.0,https://image.tmdb.org/t/p/w500/uV1GYM2gdit0SnNWAweG321evbg.jpg,https://image.tmdb.org/t/p/w500/7mYiupKdw6TkKqYjKrsbvXE4EXk.jpg
4489,266396.0,https://image.tmdb.org/t/p/w500/lnUozDnDANTsDYEdsNsHC6b8IiS.jpg,https://image.tmdb.org/t/p/w500/2g1ZVQV1svzOfyd9WL5dAV1OkL1.jpg
4490,266647.0,https://image.tmdb.org/t/p/w500/w8i0mZR7MEL7c3bXSsuYg7VJsew.jpg,https://image.tmdb.org/t/p/w500/fACoy2VWw9lz1UbqrgtbIcSYi5e.jpg
4491,266856.0,https://image.tmdb.org/t/p/w500/7kwcLFNt887saoQAL7EY0XnW7VI.jpg,https://image.tmdb.org/t/p/w500/dh2QT3TPtAQf057yeLpNMuaJlmp.jpg
4493,267860.0,https://image.tmdb.org/t/p/w500/iEbLkYzyiUdOKNK4WNBFyGH7r2Y.jpg,https://image.tmdb.org/t/p/w500/ndi0PlHzSbV2pV2wUZFtS58Wk54.jpg
4495,268171.0,https://image.tmdb.org/t/p/w500/yNzVwtlqOmPLVKD5zZIzAME9vYc.jpg,https://image.tmdb.org/t/p/w500/90bWsjR6Yo48Es1p5VsOhd4CpMM.jpg
4496,268238.0,https://image.tmdb.org/t/p/w500/j4PARl3gDpv2K45YAv0tgocLW5K.jpg,https://image.tmdb.org/t/p/w500/lwwVM9MHvFBPSt5w8OU8yuh4Ak7.jpg
4497,268917.0,https://image.tmdb.org/t/p/w500/wdvK5u5rP0KGMR8uIu2eSv3Z1zQ.jpg,https://image.tmdb.org/t/p/w500/s2jzbtqDMlcotucKaJfsm2sS30u.jpg
4498,268920.0,https://image.tmdb.org/t/p/w500/lobNOBHuJQCP9ZYAf86MBMwRrmZ.jpg,https://image.tmdb.org/t/p/w500/iRaWDcGpKCynIXpCewle2YwQffL.jpg
4501,270487.0,https://image.tmdb.org/t/p/w500/qvecZ7WyemhGW8fuJ8190p472jQ.jpg,https://image.tmdb.org/t/p/w500/sWhQYFdNdXumL1RvwGQdIcj3Vkl.jpg
4502,270554.0,https://image.tmdb.org/t/p/w500/4rGhxVIN0c1kLUNeh9Gw6CsGRRl.jpg,
4503,270938.0,https://image.tmdb.org/t/p/w500/4wnfTO8mvqcTU62YMkUeKq49VMT.jpg,https://image.tmdb.org/t/p/w500/plhx3rFbnhpPdDb4HkKm94OhN5p.jpg
4506,271185.0,https://image.tmdb.org/t/p/w500/u0rEtOp6jI7oU6u3m7v1aAOJNQr.jpg,https://image.tmdb.org/t/p/w500/4v7osWGP3caNCth0g2boIWEJNqY.jpg
4508,271718.0,https://image.tmdb.org/t/p/w500/wrY629UTCUAKLJ4CxQXz6DCE7pr.jpg,https://image.tmdb.org/t/p/w500/9O6pLFE630h7IxslegYR9CV64aE.jpg
4509,271969.0,https://image.tmdb.org/t/p/w500/c9CoGrBA5yw8A7YBMz0hGzfzpNq.jpg,https://image.tmdb.org/t/p/w500/qcquSEEdkKeXDmyKvrAKWznk2Cs.jpg
4510,272693.0,https://image.tmdb.org/t/p/w500/A6ScveWmIPL9vSYyULD8ObqyHDQ.jpg,https://image.tmdb.org/t/p/w500/trL84LbzW4s0uhOtHkTWLFJhpYO.jpg
4511,272724.0,https://image.tmdb.org/t/p/w500/lFN8h6gO3jMZikAErVVuPBcBrcu.jpg,https://image.tmdb.org/t/p/w500/uz0ADINeccB3k9u8aDq2XqWqGnw.jpg
4512,272726.0,https://image.tmdb.org/t/p/w500/nUBGYq2qekustBm0Misdobk2FlJ.jpg,https://image.tmdb.org/t/p/w500/bRJik32c5p8nKDItDn3QPDDBGYp.jpg
4513,76341.0,https://image.tmdb.org/t/p/w500/ulcAi4dKpAjHwYGS08vNyx9H6I9.jpg,https://image.tmdb.org/t/p/w500/gqrnQA6Xppdl8vIb2eJc58VC1tW.jpg
4514,273248.0,https://image.tmdb.org/t/p/w500/jIywvdPjia2t3eKYbjVTcwBQlG8.jpg,https://image.tmdb.org/t/p/w500/7g1zO5t0bd27Iqn5ZUDJmksOGPJ.jpg
4515,273481.0,https://image.tmdb.org/t/p/w500/lz8vNyXeidqqOdJW9ZjnDAMb5Vr.jpg,https://image.tmdb.org/t/p/w500/fKPgObonYgPgCdu88yjV7Hpn7Dp.jpg
4516,273895.0,https://image.tmdb.org/t/p/w500/2QyUcitU0hrxy6B2zkyJ0EhNlqm.jpg,https://image.tmdb.org/t/p/w500/bTnUxw2qH4oBGDMM0w4r6KQ11BD.jpg
4517,273899.0,https://image.tmdb.org/t/p/w500/jkUKuPK0dJwP9o47npgLipp83D0.jpg,https://image.tmdb.org/t/p/w500/czh0hbEIH2fPGmNHmuH9rcsDRB3.jpg
4518,274167.0,https://image.tmdb.org/t/p/w500/fB9lALk9zKsMYWvf0bJSkJN219Z.jpg,https://image.tmdb.org/t/p/w500/4kui3QA55M2ZOmBgoRlrYj5MSlK.jpg
4519,274479.0,https://image.tmdb.org/t/p/w500/nZAs0HbW82TI1i4Xid83M941Pki.jpg,https://image.tmdb.org/t/p/w500/gwlx0r6NyWUuaI6MNajpYHPogZ1.jpg
4522,276907.0,https://image.tmdb.org/t/p/w500/4shf5Alq4KWCKqrAAQe0JGJHYp5.jpg,https://image.tmdb.org/t/p/w500/v8zOcynvSd6IW3FzZrvst2HJ53s.jpg
4524,277519.0,https://image.tmdb.org/t/p/w500/fAHPfitc4deaquh9mg2oIsMcMVV.jpg,https://image.tmdb.org/t/p/w500/zDmGRSL8k8aVtbWTDN7LFUEiojg.jpg
4525,277685.0,https://image.tmdb.org/t/p/w500/8byPxREr3BqBNyyij5WHVSOVtYk.jpg,https://image.tmdb.org/t/p/w500/5RtOlnBnXx54umgY8DXSNAKCFBp.jpg
4527,278348.0,https://image.tmdb.org/t/p/w500/jKqWJh3w88vxUwy0obaanuOej4L.jpg,https://image.tmdb.org/t/p/w500/eJibeyNHNGUxAVqdlhkiZuIbFVJ.jpg
4531,280381.0,https://image.tmdb.org/t/p/w500/AmW0Rz1McoXMYPxl5WoootpiJsz.jpg,
4532,280391.0,https://image.tmdb.org/t/p/w500/7qccdwXUMazLqkMKm4ZJ7lAnzUF.jpg,https://image.tmdb.org/t/p/w500/vq2TVlQmOUE6uZnRIZD475IcoAX.jpg
4533,280871.0,https://image.tmdb.org/t/p/w500/43d0IzrPaapqrYRHkfKfnpSNEKm.jpg,https://image.tmdb.org/t/p/w500/d8A6bWGZwt0dqqphjMOyMinJsvZ.jpg
4536,299618.0,https://image.tmdb.org/t/p/w500/cfYW2qgCmzE7G5PxLtdZGoxblHQ.jpg,https://image.tmdb.org/t/p/w500/rlKE5qSM4VINSyCloPDsrWhwjzn.jpg
4537,281957.0,https://image.tmdb.org/t/p/w500/ji3ecJphATlVgWNY0B0RVXZizdf.jpg,https://image.tmdb.org/t/p/w500/hEQYZq2CDB2LSJVxxlazdBOKeyW.jpg
4539,283384.0,https://image.tmdb.org/t/p/w500/kqJGIh2mZVwTD20GeDVTUNOwd5p.jpg,https://image.tmdb.org/t/p/w500/e8TJ0DWMUSGv0ZUi2k457FNSrvP.jpg
4540,283445.0,https://image.tmdb.org/t/p/w500/hF6ORyihtAWHqKkIQI8BSpLQyON.jpg,https://image.tmdb.org/t/p/w500/iQY3kJ2oqHqmcSm32xPfkFF4xW9.jpg
4543,283708.0,https://image.tmdb.org/t/p/w500/wREvEplB0wUf9eGLVTWpCR4Dz8o.jpg,https://image.tmdb.org/t/p/w500/boHbhtXnKprUrJBnZyy1eTXQBCh.jpg
4544,284293.0,https://image.tmdb.org/t/p/w500/jJiGGbuLW8IkEnh5073maEmIr7V.jpg,https://image.tmdb.org/t/p/w500/qgCg1bCg9QBwr4jRygz6nZCoDqw.jpg
4545,284296.0,https://image.tmdb.org/t/p/w500/hNFhzLpg3A34p9qFXXIBJfQIMoK.jpg,https://image.tmdb.org/t/p/w500/AfsLMtqkFGtlCeCGZNsVuWlTiqF.jpg
4548,169917.0,https://image.tmdb.org/t/p/w500/euPgyPsiNFp6gOBB7nUFxvN5ZaY.jpg,https://image.tmdb.org/t/p/w500/k23FPWl97XKpJ1oTaDyADzxWxs6.jpg
4549,285923.0,https://image.tmdb.org/t/p/w500/tvMBwJlmQTIQf5EBjHzzyE9tjcN.jpg,https://image.tmdb.org/t/p/w500/gRd7O8TRijlJK81ONZSEZfV4Ubn.jpg
4550,286217.0,https://image.tmdb.org/t/p/w500/fASz8A0yFE3QB6LgGoOfwvFSseV.jpg,https://image.tmdb.org/t/p/w500/lzMS0CI3FLQYC5EgJoWeIaEt0lm.jpg
4551,286565.0,https://image.tmdb.org/t/p/w500/lVW67w7eWwmBhbBCc4f983pO8m6.jpg,https://image.tmdb.org/t/p/w500/mwoIzHsliirmS0IlSrf2DvVouid.jpg
4552,286939.0,https://image.tmdb.org/t/p/w500/xwMvze2e4lFjxT90lrCTuE0hFeO.jpg,
4553,287424.0,https://image.tmdb.org/t/p/w500/twa9gXjocLM629sJrQYVtmF306R.jpg,https://image.tmdb.org/t/p/w500/8LYxSH8ZJzKbS3kNIELsVc05RNH.jpg
4554,287524.0,https://image.tmdb.org/t/p/w500/f9srd2qdaJGu08ldr3PuhcMgNtH.jpg,https://image.tmdb.org/t/p/w500/ab4xs5HUU57fSALkHGqpb9YHJ94.jpg
4555,287625.0,https://image.tmdb.org/t/p/w500/uHa34QtV3B5zDMUozKEdkkQJy2G.jpg,https://image.tmdb.org/t/p/w500/5CY5pE3W3mZmROe5jzoM2Z0hbmR.jpg
4557,287903.0,https://image.tmdb.org/t/p/w500/sAolMRD9rFSTU7tssfFuLEJJa7w.jpg,https://image.tmdb.org/t/p/w500/h3X1YZXNeklLNKRVOS6DHGRosog.jpg
4558,287948.0,https://image.tmdb.org/t/p/w500/71kaQfdrMy0LHSeLRADsvlDGCgb.jpg,https://image.tmdb.org/t/p/w500/pH5ycIvD1Fz55tP9YWeE9sAAoGL.jpg
4559,288927.0,https://image.tmdb.org/t/p/w500/wncmCHqnGaqCpWgN8nIOxJC1m9y.jpg,
4561,234339.0,https://image.tmdb.org/t/p/w500/9uIzRvrVeJnWEEeTfx30B6qHObE.jpg,https://image.tmdb.org/t/p/w500/rW8NqQ1687iujkEV4c4g5PRrji4.jpg
4562,290370.0,https://image.tmdb.org/t/p/w500/qW10Tx8IQsDZRr7seAz2Ld8YRLy.jpg,https://image.tmdb.org/t/p/w500/36EhzLRQsUC6onzhKb2aeqcdRPs.jpg
4563,290391.0,https://image.tmdb.org/t/p/w500/zVSkZFH9zuU3oeRs3vgrJ41xkv5.jpg,
4564,290555.0,https://image.tmdb.org/t/p/w500/2Q5sTH90MSvguFlb9UfcpeA2P5a.jpg,https://image.tmdb.org/t/p/w500/qzn6zDqClBZbP8Y89O6mkg1p91P.jpg
4565,290595.0,https://image.tmdb.org/t/p/w500/ekHPrneEoa1EoDclWdillOKznqM.jpg,https://image.tmdb.org/t/p/w500/4kCDWJhceLHwPbRWd9uTR8bJpLz.jpg
4566,290751.0,https://image.tmdb.org/t/p/w500/gJl4iTxQlazkPCplGmSLGBUwqg9.jpg,https://image.tmdb.org/t/p/w500/awiTvAC4TGLcdPK7UDXwTd5rjlB.jpg
4567,290825.0,https://image.tmdb.org/t/p/w500/cc40P3lKEiK0H8ZSd8hmBBI0HEV.jpg,https://image.tmdb.org/t/p/w500/oOVWuXkxQRYwUpd0Jg7QVxlMd2W.jpg
4568,290864.0,https://image.tmdb.org/t/p/w500/myZQ4WocOQQCXNGVJkHeeJ1jTEj.jpg,https://image.tmdb.org/t/p/w500/ezzptVQEg44CLDriFOE5TqEpXUf.jpg
4569,291081.0,https://image.tmdb.org/t/p/w500/1MGUwUFkcAKawdsT2q88Sdo2vv6.jpg,https://image.tmdb.org/t/p/w500/cK4zqgIXBFWoaQ5Kmz8GdyHApIv.jpg
4570,291270.0,https://image.tmdb.org/t/p/w500/4DJ1zNr4Y6q7zQ27goEYla46VdO.jpg,https://image.tmdb.org/t/p/w500/xNykrL50OsygNTtFuHCw9U0D3eu.jpg
4571,291362.0,https://image.tmdb.org/t/p/w500/aClpHJtwN2I6DmCZpu54LUVoQJK.jpg,https://image.tmdb.org/t/p/w500/xXo5Y8SaGCOaJ407qZJLLZ11bWe.jpg
4572,291805.0,https://image.tmdb.org/t/p/w500/A81kDB6a1K86YLlcOtZB27jriJh.jpg,https://image.tmdb.org/t/p/w500/oFQilRMEq6yQbtMPxIYWpXeQ5ZN.jpg
4573,291870.0,https://image.tmdb.org/t/p/w500/k0Lz1TfSlbcQthQKYGwE7blDfwN.jpg,https://image.tmdb.org/t/p/w500/yUjc0QIKJe0kyzjQ7Ky6dKRasv1.jpg
4575,292483.0,https://image.tmdb.org/t/p/w500/ikLuZGHTYTVYHDBPsN8dPnoVnYd.jpg,https://image.tmdb.org/t/p/w500/tRUGWVtqZfUkSVHueBFfcHAZyPE.jpg
4576,292539.0,https://image.tmdb.org/t/p/w500/ibue9QCounLfYJW6Lwnf6lxGcZ3.jpg,https://image.tmdb.org/t/p/w500/kfq5eRS6lcKcxhyBQYruW1pWlYv.jpg
4578,293646.0,https://image.tmdb.org/t/p/w500/hpXkIuAlIlcNYACRE2MssxnHvZQ.jpg,https://image.tmdb.org/t/p/w500/kyZUeUeDjOQO9t8KaPxHpWJCTsW.jpg
4579,293660.0,https://image.tmdb.org/t/p/w500/3E53WEZJqP6aM84D8CckXx4pIHw.jpg,https://image.tmdb.org/t/p/w500/rFj9IKlL75B2pXhZA60jkNWvxeW.jpg
4581,293863.0,https://image.tmdb.org/t/p/w500/3XFuCS6wBfpSnUQboLd1JtkJqe0.jpg,https://image.tmdb.org/t/p/w500/wTvDGO0xGMmnScqjuiDeWU7PkcB.jpg
4582,294086.0,https://image.tmdb.org/t/p/w500/dxqjlxB346gLTUsbMCdV4LGL0t2.jpg,https://image.tmdb.org/t/p/w500/8jAHsqzG9dAvvhRF3jUoS1dm66U.jpg
4583,294254.0,https://image.tmdb.org/t/p/w500/mYw7ZyejqSCPFlrT2jHZOESZDU3.jpg,https://image.tmdb.org/t/p/w500/4mcOCiR06dqQ5eoEJcG3zvonjOa.jpg
4584,294272.0,https://image.tmdb.org/t/p/w500/A9x4Ogk8KUXTfU649NS6lS9TCmu.jpg,https://image.tmdb.org/t/p/w500/ct9S0m2U2RTCFAVnq3y0nF0Tgb2.jpg
4585,294512.0,https://image.tmdb.org/t/p/w500/rUgutlhSQabaKO5DPBE2Co8mlyF.jpg,https://image.tmdb.org/t/p/w500/4VvH73fVUttYBjPAn8WDvUrq8lo.jpg
4587,294600.0,https://image.tmdb.org/t/p/w500/plfE6Ijfse0ALy4UFdgcAu23F7z.jpg,
4588,295886.0,https://image.tmdb.org/t/p/w500/z8Fg0EcHvNLjvASg0h1FbwvrIXe.jpg,https://image.tmdb.org/t/p/w500/lhUGNUm0eCl4SoZRL4nbQYs0HGX.jpg
4589,295914.0,https://image.tmdb.org/t/p/w500/9my4y17YNNIIx6A1aP8BvuO5WdG.jpg,https://image.tmdb.org/t/p/w500/cKR1w5l5m6HjhysaGHpZhoHtT8P.jpg
4590,295964.0,https://image.tmdb.org/t/p/w500/iptu4zfvbeULkeuoVkTl2mOqTPS.jpg,https://image.tmdb.org/t/p/w500/1nMUt6PJdd6e761OG0pSCha5TjL.jpg
4591,296096.0,https://image.tmdb.org/t/p/w500/Ia3dzj5LnCj1ZBdlVeJrbKJQxG.jpg,https://image.tmdb.org/t/p/w500/3WK7p9EdZmmvB1IbB2Vw9Rf4lXH.jpg
4593,296099.0,https://image.tmdb.org/t/p/w500/fYDALvoCt3DBlSWN6pSAnGQ9ld7.jpg,https://image.tmdb.org/t/p/w500/6y5ALiAai1JbLRb7ZlydNwEPu5a.jpg
4594,296943.0,https://image.tmdb.org/t/p/w500/r2ZshBSTKD8BrBL6lAv1iwCjPVd.jpg,https://image.tmdb.org/t/p/w500/v79F0HPXFcQI6JaLNvY98izxVLX.jpg
4596,297596.0,https://image.tmdb.org/t/p/w500/gL6riNxQeyPXT5YsgqE2aWhl1zi.jpg,https://image.tmdb.org/t/p/w500/8b7BpDvmPABFtrw9GeSesHFQBaB.jpg
4597,297621.0,https://image.tmdb.org/t/p/w500/4EOoojQInBDbwDtsTQwj7l8Lcw7.jpg,https://image.tmdb.org/t/p/w500/wmClRUCAZ7g6HzA7ziWRm0e3JeR.jpg
4598,297761.0,https://image.tmdb.org/t/p/w500/sk3FZgh3sRrmr8vyhaitNobMcfh.jpg,https://image.tmdb.org/t/p/w500/wAk0yKrhAmvsoMvlKs4QImhvK5X.jpg
4599,298312.0,https://image.tmdb.org/t/p/w500/mtMfKRCa2V5b7d9k4piogB72mcY.jpg,https://image.tmdb.org/t/p/w500/o51GktmDgLPLYFXn7iZDQxmNHPF.jpg
4600,298584.0,https://image.tmdb.org/t/p/w500/yJQLWoizC5zBjVk9dr2Qo1K1TCI.jpg,https://image.tmdb.org/t/p/w500/wtDRdoHSKIY5zhv8pwy4WuOcoTD.jpg
4604,299553.0,https://image.tmdb.org/t/p/w500/rAvFko64iscEmDQkVnmc8rpmqCw.jpg,https://image.tmdb.org/t/p/w500/gh5pdz3aoMpPuOnafOq3N1PWlPx.jpg
4606,300168.0,https://image.tmdb.org/t/p/w500/hrEbZNZQ385i4snYWyCDpYrEofO.jpg,https://image.tmdb.org/t/p/w500/rnNkUJlo03a8D0utxiOrADstaMT.jpg
4608,300671.0,https://image.tmdb.org/t/p/w500/fZlAxZMo6BId1SiqyjLmkd7oUB7.jpg,https://image.tmdb.org/t/p/w500/ayDMYGUNVvXS76wQgFwTiUIDNb5.jpg
4609,300673.0,https://image.tmdb.org/t/p/w500/6UG91TJ4DKI6FGdqXZfDBeRZHX8.jpg,https://image.tmdb.org/t/p/w500/soW3KH0OWzTooeXPm624mMfXI0X.jpg
4611,301325.0,https://image.tmdb.org/t/p/w500/v9pTHwhpSWmPHU8i1pEt9VIG9Kg.jpg,https://image.tmdb.org/t/p/w500/izCwWpstY7LAm6eXIKliXACs6sK.jpg
4612,301351.0,https://image.tmdb.org/t/p/w500/7RzpN4aLjM5FUc7Q3WsvNn2MuaR.jpg,https://image.tmdb.org/t/p/w500/bTme7w566uEyoJLR8gA1fwKsECY.jpg
4613,301365.0,https://image.tmdb.org/t/p/w500/d93h9dHIez9zRg4ooG6o1ZiQ776.jpg,https://image.tmdb.org/t/p/w500/djwY73Uilfe7B8jKRmSuxjet9UF.jpg
4614,301748.0,https://image.tmdb.org/t/p/w500/4OGyobNioLlo1aj4ioxxmsssSCj.jpg,https://image.tmdb.org/t/p/w500/9oGIWV2FLr7N5kjOGjByHypNTWe.jpg
4615,302156.0,https://image.tmdb.org/t/p/w500/hn6HmGTopbbxv4Myy2IwGWxViFP.jpg,https://image.tmdb.org/t/p/w500/sKJOOzIR5oMiCeXC7gBxXgIDz9p.jpg
4617,302688.0,https://image.tmdb.org/t/p/w500/lfPqApnLVPsYfdbpSHNnHIxTdmd.jpg,https://image.tmdb.org/t/p/w500/ur8KwyzeUzOKSY5H8loqMSsmHS7.jpg
4618,302699.0,https://image.tmdb.org/t/p/w500/hXQVMbRNpf7c93e8clMY4W5DRm6.jpg,https://image.tmdb.org/t/p/w500/12gfRwL8RuZUQ4kiGzq9kRYBK5J.jpg
4619,303858.0,https://image.tmdb.org/t/p/w500/DlgdAkAKirD01R1mBejhFjS6nQ.jpg,https://image.tmdb.org/t/p/w500/ct5kjqyBwzH6OSxuOIluChs3FFN.jpg
4620,304357.0,https://image.tmdb.org/t/p/w500/6eoj6bozvgwNuDV3vOrqlvrCrX.jpg,https://image.tmdb.org/t/p/w500/cKrWGcWHKcergHyDKxKGbgcUsMm.jpg
4621,304410.0,https://image.tmdb.org/t/p/w500/kAQeZUZ1pMTSjSF3d6eBZClFGgN.jpg,https://image.tmdb.org/t/p/w500/nLLYm9qPtE6WwFSzDOHMUUfytcx.jpg
4622,306667.0,https://image.tmdb.org/t/p/w500/bgAHH1m44RyRefLbUFAG0iOX03B.jpg,https://image.tmdb.org/t/p/w500/o8tbKWcsm1HwEmZT5ecjf7Pfx7b.jpg
4623,306745.0,https://image.tmdb.org/t/p/w500/794PfYjTz3yxMRdTRmdFYt6w6ff.jpg,https://image.tmdb.org/t/p/w500/8FgzQadEF68NYvmTVyuY4pCtred.jpg
4625,308467.0,https://image.tmdb.org/t/p/w500/8qa3KR9rBzflcvXKaCH5NRvKTIn.jpg,https://image.tmdb.org/t/p/w500/flAhkBf30O3Nq32aKJXxAuJTmsw.jpg
4626,308529.0,https://image.tmdb.org/t/p/w500/9suFyXDE1MhZ8I8tuhmTd0fJ7G8.jpg,https://image.tmdb.org/t/p/w500/mZT5eXy9Tapf85LV62hkfaVp2Of.jpg
4627,308531.0,https://image.tmdb.org/t/p/w500/euVaCiCWz3AALcQXHT6aUqdGUo6.jpg,https://image.tmdb.org/t/p/w500/41objfan7PDTBG5MFXQl4ownQzJ.jpg
4628,308639.0,https://image.tmdb.org/t/p/w500/n6u00imN7AX2NiyWUc5kTgHXmEf.jpg,https://image.tmdb.org/t/p/w500/4Yihb0wD1Jd2sQtNrKo9TOs8S3l.jpg
4629,309425.0,https://image.tmdb.org/t/p/w500/89fJ4hV9fCB01EvhhLOgjMJI4A6.jpg,https://image.tmdb.org/t/p/w500/ycGFcMLv6xlj0EzxKhbZHhXT1vb.jpg
4632,309919.0,https://image.tmdb.org/t/p/w500/fTpYTV0a23Diw344tE199bIHo7l.jpg,https://image.tmdb.org/t/p/w500/xpkreMLtHfudy6aNr7ZfIFsXduu.jpg
4633,310131.0,https://image.tmdb.org/t/p/w500/zap5hpFCWSvdWSuPGAQyjUv2wAC.jpg,https://image.tmdb.org/t/p/w500/zi2oYYNSSv7t44iSt5YrxHX9PYs.jpg
4634,310569.0,https://image.tmdb.org/t/p/w500/u1tDQun2iJAzersd94S8P47WEOL.jpg,https://image.tmdb.org/t/p/w500/9h5BsxRmxLAvASADo2VcTlTUdb0.jpg
4636,387699.0,https://image.tmdb.org/t/p/w500/qiIw8ZqQGdGn5cZDRVeJWyMtkSC.jpg,
4637,312113.0,https://image.tmdb.org/t/p/w500/onBy6iJt3BX8MSc7GjzIRgE07oV.jpg,https://image.tmdb.org/t/p/w500/wKRHyL1TgPXRQpTvPeUatp833vz.jpg
4638,312221.0,https://image.tmdb.org/t/p/w500/1BfTsk5VWuw8FCocAhCyqnRbEzq.jpg,https://image.tmdb.org/t/p/w500/kODNw6GJNdgldUMEhKPlCw8wQCr.jpg
4639,312791.0,https://image.tmdb.org/t/p/w500/4zR3QYWoeY2mTwVWnVxUQQptqdM.jpg,https://image.tmdb.org/t/p/w500/aoidrQ7c0Z170EvyoDSMDeq1mUV.jpg
4640,312793.0,https://image.tmdb.org/t/p/w500/ss6eqPxe9vmsYOxb3LGUs5mIXvq.jpg,https://image.tmdb.org/t/p/w500/xpv2C0iVImzjFTm6i6Ptr08RRTi.jpg
4641,313922.0,https://image.tmdb.org/t/p/w500/evZicaR7nXe4LiD9G6QYTorcJGO.jpg,https://image.tmdb.org/t/p/w500/qRjahAq8JVoJBT2x18x2A01kxZT.jpg
4642,314365.0,https://image.tmdb.org/t/p/w500/8DPGG400FgaFWaqcv11n8mRd2NG.jpg,https://image.tmdb.org/t/p/w500/8FbbcmwmpGd7brfiC7f7lWFNGdi.jpg
4643,314385.0,https://image.tmdb.org/t/p/w500/oEyeG4UyAQvYIJiFpUV57Q3PTDp.jpg,https://image.tmdb.org/t/p/w500/eZ5ePF3gTut3tg0UyXxwiopaVN3.jpg
4644,315011.0,https://image.tmdb.org/t/p/w500/jPNShaWZMpVF0iQ7j1dvTuZLD20.jpg,https://image.tmdb.org/t/p/w500/tb0uo01w2kDHiQwTszsLlSusAm4.jpg
4646,316002.0,https://image.tmdb.org/t/p/w500/znPsDmQVKW0BuBnaErIAPo49X3i.jpg,https://image.tmdb.org/t/p/w500/rFoRdUFIHQhWRX9ZXK79uilOSWO.jpg
4647,316152.0,https://image.tmdb.org/t/p/w500/fTB6p9QwPRKIuK5LtB5CZXlkx5b.jpg,https://image.tmdb.org/t/p/w500/crVDxx9KgNW7Bm1wyXqBYpzG2TS.jpg
4648,316727.0,https://image.tmdb.org/t/p/w500/gg7tlp45xqGWMra0sqQVPvybje2.jpg,https://image.tmdb.org/t/p/w500/a7V3ZXCDAk3P7GjpgfN0IInjh0r.jpg
4649,317930.0,https://image.tmdb.org/t/p/w500/fs166jcsSkRhOvblIEPnFs04aXS.jpg,https://image.tmdb.org/t/p/w500/y7gtpXYAH6sKsJLVUUocuY2qPVO.jpg
4650,318040.0,https://image.tmdb.org/t/p/w500/pbuL9CcBAQMFgXboOV1iFOCYd4B.jpg,https://image.tmdb.org/t/p/w500/iDJBuSDedGwkTf8epBNBJOFY1DK.jpg
4651,318846.0,https://image.tmdb.org/t/p/w500/scVEaJEwP8zUix8vgmMoJJ9Nq0w.jpg,https://image.tmdb.org/t/p/w500/l2Lqkfjq1k5pG2gZXD4qSiyrJ0.jpg
4652,318850.0,https://image.tmdb.org/t/p/w500/ubehK1ZnM0NQphchuaMeE4A1BZk.jpg,https://image.tmdb.org/t/p/w500/6dzAELFO8H9s7g9RVmKan4mvH6F.jpg
4653,319069.0,https://image.tmdb.org/t/p/w500/jkAfM4NETuEguSIWteDMgobh4B0.jpg,https://image.tmdb.org/t/p/w500/szM8yqTNGSKyD4RgGZYJSkdxoRB.jpg
4654,319888.0,https://image.tmdb.org/t/p/w500/r562gvTRVHnDSvG7MrKHEECSn1V.jpg,https://image.tmdb.org/t/p/w500/jbcEWHYpnlZ1aiMCLcRyiIhwUwY.jpg
4655,319910.0,https://image.tmdb.org/t/p/w500/y75BF30IZX2VcU31YAkEdmjhDy6.jpg,https://image.tmdb.org/t/p/w500/lmLc4ITa5leik3SoSStbFSul91N.jpg
4658,321258.0,https://image.tmdb.org/t/p/w500/kW2vgzhyWXQu5UxNzebPokipBqH.jpg,https://image.tmdb.org/t/p/w500/mRUW8rmpCS2kH22eihPbbMIbFxU.jpg
4659,321697.0,https://image.tmdb.org/t/p/w500/ljiRO29Y9khEERRqMluptUYunJ9.jpg,https://image.tmdb.org/t/p/w500/xj49X22pmh61fWBsveCkHtVtOBS.jpg
4660,321741.0,https://image.tmdb.org/t/p/w500/uuRFr7Jhsq7bITDyyvxZrQMAr9e.jpg,https://image.tmdb.org/t/p/w500/fEaZwgkX2k91LJZ5APkaK0aDwg1.jpg
4661,322194.0,https://image.tmdb.org/t/p/w500/673Kdb6ogKGM0unP9piVK74jpKf.jpg,https://image.tmdb.org/t/p/w500/78604WxxJSjmX3z9qCIJ4nwxAp.jpg
4663,322745.0,https://image.tmdb.org/t/p/w500/lQzBtr4ganEcNiXxJMnWil1zibr.jpg,https://image.tmdb.org/t/p/w500/tmSCfmvIrHJFXn5oXAkmyOLRDnP.jpg
4664,323270.0,https://image.tmdb.org/t/p/w500/lQmgIgxNMCdeDbzXv7V8I55Oa6m.jpg,https://image.tmdb.org/t/p/w500/9gSHaVRPfQXUmP6b7jFCoXQo2sE.jpg
4665,323271.0,https://image.tmdb.org/t/p/w500/3cby5ym34M2N1kNvz4bIezFYJFb.jpg,https://image.tmdb.org/t/p/w500/3x06O8QQdizsUD7Z5mDi0xzGg6J.jpg
4666,323675.0,https://image.tmdb.org/t/p/w500/qKvVUHdiwqkXdlRsW4fHO7SAZef.jpg,https://image.tmdb.org/t/p/w500/x152hzQ03o6i7R78dL2Nwwy5Qhz.jpg
4667,323676.0,https://image.tmdb.org/t/p/w500/f43EUrZvE9bV0EmuqgtPgWVXnUc.jpg,https://image.tmdb.org/t/p/w500/bJyNlaNe1Pex0cvYG6RC9qGnGIh.jpg
4668,323677.0,https://image.tmdb.org/t/p/w500/ubbNizkhjEYw06XB7b0YMgsHXG1.jpg,https://image.tmdb.org/t/p/w500/eWUJTW9HFDmlIACchS6Ohnk5Aom.jpg
4669,323967.0,https://image.tmdb.org/t/p/w500/cwwL3zfVNpVsLrRr35U4QQVXmeG.jpg,https://image.tmdb.org/t/p/w500/nvl7kBSFn5XfOIE2CoUmoxdDBDh.jpg
4670,324322.0,https://image.tmdb.org/t/p/w500/7xOKJs1Q1M0KsrHgpfiFu9QcIbe.jpg,https://image.tmdb.org/t/p/w500/cjhGOLFJF1N5e3CjDJbyuTtC0m7.jpg
4671,324352.0,https://image.tmdb.org/t/p/w500/2j90os0c2HJuIjWXxMg9vMvOliw.jpg,https://image.tmdb.org/t/p/w500/gc9FN5zohhzCt05RkejQIIPLtBl.jpg
4672,324668.0,https://image.tmdb.org/t/p/w500/xA7N41glw17MBQtcWSm2eBlBRuG.jpg,https://image.tmdb.org/t/p/w500/7mHeyU0a538bgguOeF57I8ZroSk.jpg
4673,325123.0,https://image.tmdb.org/t/p/w500/str9ckfPjtAuSCpBgmxxEeKwy1N.jpg,
4676,325173.0,https://image.tmdb.org/t/p/w500/pzE3dfnmiNqjqLygS4HbMADFKa8.jpg,https://image.tmdb.org/t/p/w500/lM2KRVmNgKaCwBdIuQcHIt8Z7NE.jpg
4677,325373.0,https://image.tmdb.org/t/p/w500/q8anLL9m6ON7kTJ4Pbcuofls4gQ.jpg,https://image.tmdb.org/t/p/w500/DRPH4RxU6dQqZUfATtJfCUyVJz.jpg
4679,325789.0,https://image.tmdb.org/t/p/w500/758F57DxVRLe38S1Je4O1Bjx2u6.jpg,https://image.tmdb.org/t/p/w500/2Ei2CsAerKG1mWdWeog5k2DbcRh.jpg
4682,327833.0,https://image.tmdb.org/t/p/w500/dfXB4ZKQRINdrY3xXMyLUJrXQai.jpg,https://image.tmdb.org/t/p/w500/y6C5I2qSvkwTmgBgSEIzpw4BtFF.jpg
4683,328111.0,https://image.tmdb.org/t/p/w500/g3Hms6AE174doeGR1gz5zX5sVsv.jpg,https://image.tmdb.org/t/p/w500/c1Ywtvlqls6tPBZ3BqbPtBwHyng.jpg
4685,328387.0,https://image.tmdb.org/t/p/w500/qmSpHC0CSNyNll9WhlwWYuwoQ28.jpg,https://image.tmdb.org/t/p/w500/fg04CQyJzuDJ82jm2meY37n9XyE.jpg
4686,328425.0,https://image.tmdb.org/t/p/w500/kH3qLP8pn68Xq5XwvmPkCyaAU7W.jpg,https://image.tmdb.org/t/p/w500/xjcDbk4qPWtGQPx5Z0cMu4kqlWM.jpg
4688,329540.0,https://image.tmdb.org/t/p/w500/yR4R4SP6nLwwJ30DZOCVXefqPhi.jpg,https://image.tmdb.org/t/p/w500/fCBIG0zHkECT2elo7CDhdfbufwK.jpg
4689,329833.0,https://image.tmdb.org/t/p/w500/n8AJzALlTPBwe9Tkv3tdxbiAr9i.jpg,https://image.tmdb.org/t/p/w500/4ANhwN1jr5EGwHS0M13AH5Fs3NH.jpg
4691,244761.0,https://image.tmdb.org/t/p/w500/wLoFxTZFEfAzFLk2qSoPbcz58Jb.jpg,https://image.tmdb.org/t/p/w500/fD4Q03vX0xqumc6iuDt6SujrlxI.jpg
4694,331745.0,https://image.tmdb.org/t/p/w500/68RPd324H8KaxzZvwt0MVSgg9JB.jpg,https://image.tmdb.org/t/p/w500/1Xd5E4p5AzHCuzpBrVW3Vm9BBt4.jpg
4695,332285.0,https://image.tmdb.org/t/p/w500/p4KSOLDlg1mY4SUbFL3Rd72CoMR.jpg,https://image.tmdb.org/t/p/w500/7wbC6y2tLhEyvBppEdMS0p4N3EH.jpg
4697,332567.0,https://image.tmdb.org/t/p/w500/bnBV7hZmLuA0Si5Aop481sPF2RY.jpg,https://image.tmdb.org/t/p/w500/89ZSaf9Ofm7oDounnCOu4ktGI9e.jpg
4698,333348.0,https://image.tmdb.org/t/p/w500/fPW1BHZhUEViOmDAHFfyLezoQdI.jpg,https://image.tmdb.org/t/p/w500/5DxFiNyWHCH58nffyCtzMfPjDLJ.jpg
4700,333371.0,https://image.tmdb.org/t/p/w500/q8A39vcBDruhvoDTJd6L8a4lnTi.jpg,https://image.tmdb.org/t/p/w500/dMERTVrObB7TkRVIFmcndR2sZFH.jpg
4701,334074.0,https://image.tmdb.org/t/p/w500/npyCpfYyYknFoY2iJPyfqp70FVX.jpg,https://image.tmdb.org/t/p/w500/kbvSneIEkEcxHZ3AayZUEN2xC1P.jpg
4702,334527.0,https://image.tmdb.org/t/p/w500/dwPUSDETHavt2c2bdLbG1RKxkVB.jpg,https://image.tmdb.org/t/p/w500/tvK2oSirZ84D8t1ADUq4T25OIsF.jpg
4703,334531.0,https://image.tmdb.org/t/p/w500/yFVCCtA5f07vyc9IYscmSJpvoPB.jpg,https://image.tmdb.org/t/p/w500/aab59dodE6hey3TQ1clEwTHOIzI.jpg
4704,335244.0,https://image.tmdb.org/t/p/w500/m1TNhDblKnIig8QTWG2mCZxTByZ.jpg,
4705,335778.0,https://image.tmdb.org/t/p/w500/6hGh4z503k8wA8mLlmvwhTSGja.jpg,https://image.tmdb.org/t/p/w500/lvyU838cy3m0fKSfQIxN8grjxYr.jpg
4706,335866.0,https://image.tmdb.org/t/p/w500/hbIL53MdZFJXsgxXaSOVuApWTs8.jpg,https://image.tmdb.org/t/p/w500/o3505VxhHKHbfTmuNif1ukjXDxI.jpg
4708,336004.0,https://image.tmdb.org/t/p/w500/eKdz5i9gbzJthAxUZBBj5SVbzKR.jpg,https://image.tmdb.org/t/p/w500/py92vTBXC2lpFXWvrvlDE9b6gU4.jpg
4709,339408.0,https://image.tmdb.org/t/p/w500/vlbvPL3uXem7JaVWM2mVHJLkRqW.jpg,https://image.tmdb.org/t/p/w500/gTo9VPjYsP6FD89HdzAKfjA7qH4.jpg
4710,339984.0,https://image.tmdb.org/t/p/w500/hz9VF1TfaM0D04pYneSXUkNeOZv.jpg,https://image.tmdb.org/t/p/w500/wePpxpU1eNZnHCChP5xGNJrGKY3.jpg
4711,340611.0,https://image.tmdb.org/t/p/w500/lh3tx877oO0z88L8NZRMJrLXu1z.jpg,https://image.tmdb.org/t/p/w500/kSr7tOwysF3ny7cQluEwUshtSxh.jpg
4712,340816.0,https://image.tmdb.org/t/p/w500/vViH6PCa56kvCTm58gF45uucZWi.jpg,https://image.tmdb.org/t/p/w500/kZ5bZw3z3xOrK28pnv0zoXKZHTx.jpg
4714,342521.0,https://image.tmdb.org/t/p/w500/uswOLfIUdDjqSz1x28GR72ffhff.jpg,https://image.tmdb.org/t/p/w500/y6mCy0k7dnNKcHjLLPdo7guVjCR.jpg
4715,343409.0,https://image.tmdb.org/t/p/w500/xxErk15goAoQQh9TgfTo6W7fCtA.jpg,https://image.tmdb.org/t/p/w500/xonpmiYwKBnqkwLsjCVNRBW7ETe.jpg
4718,345003.0,https://image.tmdb.org/t/p/w500/iTvJ5tc6Os90JXza9XfDktYlAOj.jpg,https://image.tmdb.org/t/p/w500/ijOrGUZDu8FeXizcYAvOUf6RvUk.jpg
4722,347548.0,https://image.tmdb.org/t/p/w500/lz6G41YdOK1CO2qOkoBe6cudofb.jpg,https://image.tmdb.org/t/p/w500/xVV8JrQKuHVjBS4CfwIMNktf70G.jpg
4725,347969.0,https://image.tmdb.org/t/p/w500/kPc80jywR5Nm2KIQjkY5i4VXSx4.jpg,https://image.tmdb.org/t/p/w500/cB9XLza46oXuBtfuEUktThmQf6F.jpg
4726,351043.0,https://image.tmdb.org/t/p/w500/dazYq2JoKpKjtVySA9vmLCv16J.jpg,https://image.tmdb.org/t/p/w500/98OAz4zmtYAy022xdArKRgogqi8.jpg
4727,351819.0,https://image.tmdb.org/t/p/w500/nkGhv7WMbyX7tL8CJkvMY3S2lW.jpg,https://image.tmdb.org/t/p/w500/y6VYJEvzWhTCXrrv0ubiczOpVND.jpg
4728,352978.0,https://image.tmdb.org/t/p/w500/xUHN0DIWS7fs3bMjg6RktQksK9v.jpg,https://image.tmdb.org/t/p/w500/wTQHFCbvOjTDRX7nqJwZPP2P44j.jpg
4729,354110.0,https://image.tmdb.org/t/p/w500/fbTpSiqGn6ImqSAyawHlLf7goat.jpg,https://image.tmdb.org/t/p/w500/eiHNVxEXJIY7nBlcL9zXmtP7qtz.jpg
4730,354624.0,https://image.tmdb.org/t/p/w500/zhWwhbUc7v2WxOsX1uj2OGesVEU.jpg,https://image.tmdb.org/t/p/w500/dLcnZcKa0aIx2xhvbozfwSU7UYn.jpg
4731,355629.0,https://image.tmdb.org/t/p/w500/sb7lZhOmQN5QrAVx4voyBDuPilM.jpg,
4732,356216.0,https://image.tmdb.org/t/p/w500/mIvQHEkuwUxqUr3XicrUWzdmrv4.jpg,https://image.tmdb.org/t/p/w500/tG86jOOPppmzZzEeh2lJg9VaAsm.jpg
4735,356987.0,https://image.tmdb.org/t/p/w500/9iUsETntqb2hCZnM5wwlH0IWZ8Y.jpg,https://image.tmdb.org/t/p/w500/aRSk4nWAlSuabUTqtMO5tPpgYoD.jpg
4740,360188.0,https://image.tmdb.org/t/p/w500/dAiuQy4rDuE2qBXAjIe4jZHhrzA.jpg,https://image.tmdb.org/t/p/w500/4zCcMpjNdNuE10iPC7aSWluTZl.jpg
4741,360339.0,https://image.tmdb.org/t/p/w500/nVtCuhdg1mYjMMFdUKqijgrAWAS.jpg,https://image.tmdb.org/t/p/w500/xlkojbJMcuEPoZlBEciH36wQcze.jpg
4742,361159.0,https://image.tmdb.org/t/p/w500/oTvwjUMXjeKxAXY2Cggy5DZweMn.jpg,https://image.tmdb.org/t/p/w500/lXqEHxM2x6u9jlwT1byMS8QJkln.jpg
4744,361475.0,https://image.tmdb.org/t/p/w500/6TZ4H3iOHcpWr9zmClps3jZGhQV.jpg,https://image.tmdb.org/t/p/w500/aazPb6z69o0cngsGvoh7kQhWBU1.jpg
4745,361505.0,https://image.tmdb.org/t/p/w500/ukQf5WWnLerLsMR1bo33HmQ6EUG.jpg,https://image.tmdb.org/t/p/w500/8vL55lT0IKliBCnSByFdN7OHkHU.jpg
4746,362105.0,https://image.tmdb.org/t/p/w500/z3qgKFySWDs7vCjMn5gSxGV2fpI.jpg,https://image.tmdb.org/t/p/w500/gaQ7tZK0udTsiFE4b35vX4GdG2n.jpg
4747,362765.0,https://image.tmdb.org/t/p/w500/rSaQxBE2hqV377qTlXYhbicq51l.jpg,
4748,169379.0,https://image.tmdb.org/t/p/w500/ydcRTWqQpRjNvQRXa2TB01cQXmy.jpg,https://image.tmdb.org/t/p/w500/w1UbvtHMC60i9XLDEyVFP61NF93.jpg
4750,365222.0,https://image.tmdb.org/t/p/w500/8PvinaGEqzf1rrfFAxiXujJnCtI.jpg,https://image.tmdb.org/t/p/w500/19Shb0Xn0PeLXA4CkT2TIIvxaR6.jpg
4751,366967.0,https://image.tmdb.org/t/p/w500/gtPYRWywBpy18CrQTBhULz9RA6Q.jpg,https://image.tmdb.org/t/p/w500/yDpSNY2DElt3awXgEpkkMDpzc2n.jpg
4752,367551.0,https://image.tmdb.org/t/p/w500/uYHb5CG90zHp5CDj3dJDP98c77q.jpg,https://image.tmdb.org/t/p/w500/hSE7U0RhFRIKRRbcXPMggZX5Hny.jpg
4753,367961.0,https://image.tmdb.org/t/p/w500/rNF4FPFOEDsh91HoBoKvzz4ARCK.jpg,https://image.tmdb.org/t/p/w500/yiMkPecuBN1ln4qL14W11VDlc4M.jpg
4754,370464.0,https://image.tmdb.org/t/p/w500/zlT1Tc9hA1Ntye5hr7Gxos9U6U9.jpg,https://image.tmdb.org/t/p/w500/y9Dr6yCVYRmjKuDjOjNyWxVuGjp.jpg
4756,370980.0,https://image.tmdb.org/t/p/w500/eOFLjnUmxBhjtaKBhEB681TCHoX.jpg,https://image.tmdb.org/t/p/w500/Ym8Lro9PXLTklUXnarACC4iCZu.jpg
4759,373314.0,https://image.tmdb.org/t/p/w500/agQHIsW5nLbKS5exd79NhUw9uY8.jpg,https://image.tmdb.org/t/p/w500/5knrDzDDQQ4vIk4IXFUBcR2dOYU.jpg
4760,374461.0,https://image.tmdb.org/t/p/w500/5fCfZEQwcbuqVPyMu7pN5XNpK5V.jpg,https://image.tmdb.org/t/p/w500/y6jpd3c1UFoouBmIVWZMCGVyQmS.jpg
4761,375290.0,https://image.tmdb.org/t/p/w500/6jch9EHHpg74HvAXBaWJg8m2LwT.jpg,https://image.tmdb.org/t/p/w500/4dwGiIWlXiHIfjmCuZR6owCHEuU.jpg
4762,375950.0,https://image.tmdb.org/t/p/w500/uaXvqkLZlSZIiSb6d3bc81jTb6r.jpg,https://image.tmdb.org/t/p/w500/uu0MkrM0lw0v3pXnVqgD3UsF9pl.jpg
4763,376004.0,https://image.tmdb.org/t/p/w500/7weaBxcimjsN9zi89Dfk4fZFCUE.jpg,https://image.tmdb.org/t/p/w500/8q6AJYqJzZPrNSbttcwslXx7QgO.jpg
4764,376010.0,https://image.tmdb.org/t/p/w500/i4Gz2KRCgPpOig6boTphl0Ck10N.jpg,https://image.tmdb.org/t/p/w500/nhBiqczp8yhDigtdU4cW7lp9gr.jpg
4765,376659.0,https://image.tmdb.org/t/p/w500/u9q10ljhkLj0tNCjlVqe3DCjoU4.jpg,https://image.tmdb.org/t/p/w500/zci26eN6YKEg9gPLUp3wB5eqcEx.jpg
4766,378200.0,https://image.tmdb.org/t/p/w500/sAiF9gKhb3gPbnp9g5nNhrfTqpL.jpg,https://image.tmdb.org/t/p/w500/oWiKZjVuR1UHy68sHHXVHO6Fk00.jpg
4767,378237.0,https://image.tmdb.org/t/p/w500/akV2i3dRYbWDNZ7PEJOpcclSpQY.jpg,
4768,379532.0,https://image.tmdb.org/t/p/w500/y12q73PAVPax4hAZvaAZzNFUtOA.jpg,https://image.tmdb.org/t/p/w500/4xlIFuHKuJx9n5DJDbxtzc9vDHu.jpg
4770,380733.0,https://image.tmdb.org/t/p/w500/skTmWx5vwwvuKRmHXJF2jGNP6tP.jpg,https://image.tmdb.org/t/p/w500/1NLWO0IFNrFM2PShQwMVwZjcwsi.jpg
4771,381902.0,https://image.tmdb.org/t/p/w500/iOApsyuFG05NaDCNHnicrln1ztM.jpg,https://image.tmdb.org/t/p/w500/jQHjvKOc3FG3ShoKTJfp1tXoKnQ.jpg
4772,385383.0,https://image.tmdb.org/t/p/w500/jIPWkzF9srlU8eZTldLM6JYZwkO.jpg,https://image.tmdb.org/t/p/w500/tofwMq4pvdjL71UrXbPqmxTAQ62.jpg
4773,385636.0,https://image.tmdb.org/t/p/w500/3NIkJPZe7TEtoGKG8gcd1Vy5I0h.jpg,https://image.tmdb.org/t/p/w500/fHi7Zef7FcHtBSUwlV8wzTFmOSs.jpg
4774,385736.0,https://image.tmdb.org/t/p/w500/5lW7mFOQW5wPlCIT0gUuYbhNtVP.jpg,https://image.tmdb.org/t/p/w500/x73AAxWEF0gLbecippq7ONHw2ag.jpg
4775,386826.0,https://image.tmdb.org/t/p/w500/kv0i6XqUULBcgCHwXedZZulOPyv.jpg,https://image.tmdb.org/t/p/w500/6Av6boJ6I3TvOeuB9iTbnIeAntL.jpg
4776,389425.0,https://image.tmdb.org/t/p/w500/zoNvd5DNrQwGjc9lVit7rJMYFQY.jpg,https://image.tmdb.org/t/p/w500/o4ym626hChKwhnoTG5ecjhmlqjz.jpg
4777,394047.0,https://image.tmdb.org/t/p/w500/sDPBBKZAIP6r2OaLfNBSI1hdp2Q.jpg,https://image.tmdb.org/t/p/w500/zvQL0mlcaEcmnMg1Crm9YlgVS6m.jpg
4778,207703.0,https://image.tmdb.org/t/p/w500/r6q9wZK5a2K51KFj4LWVID6Ja1r.jpg,https://image.tmdb.org/t/p/w500/qzUIOTk0E3F1zjvYjcBRTKUTgf9.jpg
4779,718480.0,https://image.tmdb.org/t/p/w500/60Vbc955KmcIwCeYI4mHCGgl57B.jpg,
4780,402515.0,https://image.tmdb.org/t/p/w500/ivQ9rzNV3HzGlwbWNS6bavjsOJk.jpg,https://image.tmdb.org/t/p/w500/ox8iMFZowBbS3QoOc8IcfOoWS71.jpg
4781,407887.0,https://image.tmdb.org/t/p/w500/c9Md7hQTNjFUZF0LgpWpVCS1GcI.jpg,https://image.tmdb.org/t/p/w500/7kyhEU4T9SnUiB6qseTPQjClTuz.jpg
4782,408429.0,https://image.tmdb.org/t/p/w500/t12YIm3IajbE1erieS9Yee9iUqQ.jpg,https://image.tmdb.org/t/p/w500/mrKvs1FnCrwuViQbrg3ecBLqpID.jpg
4784,426067.0,https://image.tmdb.org/t/p/w500/lRToQoX2cQCwbq9hIzWuc6YcKNw.jpg,
4785,426469.0,https://image.tmdb.org/t/p/w500/ncALkAajnctju0CYKH4bFm40QJD.jpg,https://image.tmdb.org/t/p/w500/h0YBqSr5nnsYkbUZwwzP3UHgLXJ.jpg
4786,433715.0,https://image.tmdb.org/t/p/w500/fvYRa0Zw9G3KVKuxDjmtQlzZngx.jpg,https://image.tmdb.org/t/p/w500/12ziobFcfl52gT57RLKLk7SSyOS.jpg
4787,447027.0,https://image.tmdb.org/t/p/w500/u4KHwcZmNH0Vr6xpGvDKdkBTopg.jpg,https://image.tmdb.org/t/p/w500/sfzRWfMex53hVxfetcaopnJrQut.jpg
4788,459488.0,https://image.tmdb.org/t/p/w500/fdWfdl8p4W7TZ20BHCcCb7BUiel.jpg,
2,11.0,https://image.tmdb.org/t/p/w500/fai0rspsNeJCS69wHNjOdWxcI7P.jpg,https://image.tmdb.org/t/p/w500/zqkmTXzjkAgXmEWLRsY4UpTWCeo.jpg
3,12.0,https://image.tmdb.org/t/p/w500/eHuGQ10FUzK1mdOY69wF5pGgEf5.jpg,https://image.tmdb.org/t/p/w500/eCynaAOgYYiw5yN5lBwz3IxqvaW.jpg
6,16.0,https://image.tmdb.org/t/p/w500/pWzOfTJRZHPNO1VNrMnNFqRcJwg.jpg,https://image.tmdb.org/t/p/w500/vxvzf0cGtFY2Vpw5ULWumCIW6Ri.jpg
18,58.0,https://image.tmdb.org/t/p/w500/uXEqmloGyP7UXAiphJUu2v2pcuE.jpg,https://image.tmdb.org/t/p/w500/vr6n6ZFUZvedvIlhfYcbCWcaKyW.jpg
24,,,
25,,,
61,,,
64,146.0,https://image.tmdb.org/t/p/w500/iNDVBFNz4XyYzM9Lwip6atSTFqf.jpg,https://image.tmdb.org/t/p/w500/nSm9cij9VRrGDoZoS16CPnX0FqK.jpg
66,,,
69,155.0,https://image.tmdb.org/t/p/w500/qJ2tW6WMUDux911r6m7haRef0WH.jpg,https://image.tmdb.org/t/p/w500/9FE5eD92WfVCiivM9Pq9GVSrlWk.jpg
76,,,
92,196.0,https://image.tmdb.org/t/p/w500/crzoVQnMzIrRfHtQw0tLBirNfVg.jpg,https://image.tmdb.org/t/p/w500/AtF7TESJEMmImBRUj9Z7HmW2ZH0.jpg
94,,,
96,,,
102,217.0,https://image.tmdb.org/t/p/w500/56As6XEM1flWvprX4LgkPl8ii4K.jpg,https://image.tmdb.org/t/p/w500/p96949hcwUG2BwE6MgKmw0uYNCx.jpg
103,,,
106,226.0,https://image.tmdb.org/t/p/w500/eB505ycEhFVfMwGglIzXNUyKAIs.jpg,https://image.tmdb.org/t/p/w500/yV1s91RyHJIMIJ7KeyHsWJ0ayUv.jpg
109,235.0,https://image.tmdb.org/t/p/w500/vz0w9BSehcqjDcJOjRaCk7fgJe7.jpg,https://image.tmdb.org/t/p/w500/yjGllQUm28R4X9xD9T5xMszirgw.jpg
112,,,
124,272.0,https://image.tmdb.org/t/p/w500/sPX89Td70IDDjVr85jdSBb4rWGr.jpg,https://image.tmdb.org/t/p/w500/9IIBboV7MCT0bTxzXHmWK1Hq558.jpg
126,277.0,https://image.tmdb.org/t/p/w500/zsnQ41UZ3jo1wEeemF0eA9cAIU0.jpg,https://image.tmdb.org/t/p/w500/zsgdVbuEwqZbnUN9qLGEMBYf2Zo.jpg
128,,,
136,296.0,https://image.tmdb.org/t/p/w500/vvevzdYIrk2636maNW4qeWmlPFG.jpg,https://image.tmdb.org/t/p/w500/voVkSwgFYv9GOpRNfUAwj6qYRTL.jpg
142,310.0,https://image.tmdb.org/t/p/w500/wqkWrOFtYnZSvIMu8Lsmz7WIvKC.jpg,https://image.tmdb.org/t/p/w500/m0eJc9CwCy5nowYQdNEaxkHHmj4.jpg
154,,,
155,334.0,https://image.tmdb.org/t/p/w500/tpfC325Jk6S38VTe5dDWjWtoyxr.jpg,https://image.tmdb.org/t/p/w500/mFfyE5DPFDqoes4HIcElHc2a15y.jpg
158,,,
161,,,
162,,,
164,,,
166,,,
170,,,
173,,,
175,401.0,https://image.tmdb.org/t/p/w500/h3iqYiGS6F3y7GxaS4AT8nFxZ2i.jpg,https://image.tmdb.org/t/p/w500/2mu6XkJE0B6nK5jeOvXOyWPVmhw.jpg
176,403.0,https://image.tmdb.org/t/p/w500/iaCzvcY42HihFxQBTZCTKMpsI0P.jpg,https://image.tmdb.org/t/p/w500/4XC0HwRNOvub6xksENsOl68zHOn.jpg
186,425.0,https://image.tmdb.org/t/p/w500/gLhHHZUzeseRXShoDyC4VqLgsNv.jpg,https://image.tmdb.org/t/p/w500/8pwIhymsxfAVjrAE7syDjQULn37.jpg
197,462.0,https://image.tmdb.org/t/p/w500/eMs20iUQyZVs05Ck7Q0LNnRsstr.jpg,https://image.tmdb.org/t/p/w500/3HmLKhahTxX2ALTWlagr92pZrU7.jpg
201,473.0,https://image.tmdb.org/t/p/w500/fJA22FjlAW8rzrOw9Mwanl6oTc9.jpg,https://image.tmdb.org/t/p/w500/pVmCanXNPYqE74cJoL0U6C9ONf5.jpg
209,503.0,https://image.tmdb.org/t/p/w500/fDPdjGc8SUEDWfTwMaZlCE6NSi3.jpg,https://image.tmdb.org/t/p/w500/cmif4raVnSublaj6wEswHHPPL65.jpg
225,,,
228,547.0,https://image.tmdb.org/t/p/w500/ptkDeHY2mRJVyNRyxb9TgyAjTYs.jpg,https://image.tmdb.org/t/p/w500/ww9pokP6M6gp2Iu0o3sT5B7eN66.jpg
238,,,
252,592.0,https://image.tmdb.org/t/p/w500/dHqVBwcv1SGymOpUueRoKzcmdes.jpg,https://image.tmdb.org/t/p/w500/s7yfiwIshKQIT6M8ZcTnFKXHs8B.jpg
263,,,
271,,,
276,628.0,https://image.tmdb.org/t/p/w500/t7NU8IcmcNBrlunCxiycX9JV7Rp.jpg,https://image.tmdb.org/t/p/w500/3fChciF2G1wXHsyTfJD9y7uN6Il.jpg
277,,,
285,646.0,https://image.tmdb.org/t/p/w500/9zCOLJmLNst0sCPZlkW1IRoH65E.jpg,https://image.tmdb.org/t/p/w500/srgq7bzZsuDw7NoGXdazRXp7Hl6.jpg
286,650.0,https://image.tmdb.org/t/p/w500/kaS8BkTZESnkoB5i1zRQ02FIRGk.jpg,https://image.tmdb.org/t/p/w500/ojzo9tMl8ZLrQgdGApZJFLuS331.jpg
296,,,
301,674.0,https://image.tmdb.org/t/p/w500/fECBtHlr0RB3foNHDiCBXeg9Bv9.jpg,https://image.tmdb.org/t/p/w500/cClWTo3ftVXvV1sF8vlLuWfnlph.jpg
309,687.0,https://image.tmdb.org/t/p/w500/eShxyjhWoFl3BwsuEmVsr4nLaMZ.jpg,https://image.tmdb.org/t/p/w500/gwRWQeHfPuA8mg73kydQsM8rdXq.jpg
310,,,
312,,,
314,,,
326,712.0,https://image.tmdb.org/t/p/w500/qa72G2VS0bpxms6yo0tI9vsHm2e.jpg,https://image.tmdb.org/t/p/w500/ejFaHWnDP29z7ePw2cJVOsWvOvH.jpg
333,,,
346,,,
361,,,
362,,,
371,819.0,https://image.tmdb.org/t/p/w500/yUpiEk2EojS9ZEXb3nIQonQCYYF.jpg,https://image.tmdb.org/t/p/w500/sDhABATFQX8nfTHShTfH8HeqKY1.jpg
373,821.0,https://image.tmdb.org/t/p/w500/b6vYatvui1EXeFYfpDX4rcbueuP.jpg,https://image.tmdb.org/t/p/w500/aSlDcWtKNfRkW0SbsnEjnGBs9jV.jpg
375,,,
376,834.0,https://image.tmdb.org/t/p/w500/oJaQG353uOzOqffQ5K2hg03k4Vp.jpg,https://image.tmdb.org/t/p/w500/lao4tAa7y5QX5benDMyIeeRiTCb.jpg
389,,,
397,,,
398,869.0,https://image.tmdb.org/t/p/w500/3ZWsuP5rExMSji7erxnb1P5SK6F.jpg,https://image.tmdb.org/t/p/w500/1N0MYYFvYwpM5fi3mjw4150ReoR.jpg
399,,,
401,,,
403,,,
411,921.0,https://image.tmdb.org/t/p/w500/wkeOjIcpuqLMW4GnVowlM9VI0JE.jpg,https://image.tmdb.org/t/p/w500/oO5sMDETneOPCneX3jfXMFfPh9E.jpg
426,955.0,https://image.tmdb.org/t/p/w500/hfnrual76gPeNFduhD4xzHWpfTw.jpg,https://image.tmdb.org/t/p/w500/24DZfupDlhXeTchmcOkoGRhP5Vg.jpg
440,,,
449,,,
457,1262.0,https://image.tmdb.org/t/p/w500/nCzcepubwShvZ4vbCsygQNgF2Z1.jpg,https://image.tmdb.org/t/p/w500/d9eONXYtCmQnPWw61w9pNMGlSzK.jpg
458,,,
462,,,
470,,,
472,1378.0,https://image.tmdb.org/t/p/w500/s8QBrWgpZpYrySSyTQ0xbFLPKrS.jpg,https://image.tmdb.org/t/p/w500/a9VOWosINcLNJQb3hNZAqEShVTM.jpg
477,,,
485,,,
488,1435.0,https://image.tmdb.org/t/p/w500/7zeQapdvD8poOizcaHwzmPxN9Km.jpg,https://image.tmdb.org/t/p/w500/ayCacNxcVzNdw7wwTKYwzMihjRY.jpg
494,1491.0,https://image.tmdb.org/t/p/w500/1O9jUvqkHaGBMVRyOJz1AlkmALW.jpg,https://image.tmdb.org/t/p/w500/8ScGUtKTupr5rVLiXRmffjKMRhH.jpg
495,,,
496,,,
507,,,
508,,,
515,,,
517,1576.0,https://image.tmdb.org/t/p/w500/1UKNef590A0ZaMnxsscIcWuK1Em.jpg,https://image.tmdb.org/t/p/w500/l5KvxFVOru3Qyf3dl2asNw5g1MD.jpg
528,,,
530,,,
537,1624.0,https://image.tmdb.org/t/p/w500/p1habYSdC7oD3WygQ5lynU5G5rV.jpg,https://image.tmdb.org/t/p/w500/nuDMG0uTaiWFVD6XfHPruum5JOL.jpg
539,1636.0,https://image.tmdb.org/t/p/w500/sBV28EVvWsJRosMsEFCbVmpAZEl.jpg,https://image.tmdb.org/t/p/w500/uaTVgIzIn02wd1SBTDXouGTpiIG.jpg
545,,,
546,1648.0,https://image.tmdb.org/t/p/w500/tV25lGWGWGEqUe3U0xjQTBgilSx.jpg,https://image.tmdb.org/t/p/w500/aMASmAmkn7NT0nEq8PBZEgwBfGN.jpg
558,1691.0,https://image.tmdb.org/t/p/w500/qB20aiY8Ah3pQikkBxm3j7jQVc8.jpg,https://image.tmdb.org/t/p/w500/7MorkyWQXVOi2XKYci6pIGbjb2x.jpg
561,,,
562,1705.0,https://image.tmdb.org/t/p/w500/dP5dYjLp5p2CG103cJMio4Nj29d.jpg,https://image.tmdb.org/t/p/w500/3ap6vhJN7q87mziDP6EltPGQ0hW.jpg
565,,,
571,,,
574,1777.0,https://image.tmdb.org/t/p/w500/cZ7M343iuiMDc36fSeSm699XQFv.jpg,https://image.tmdb.org/t/p/w500/cLZxnkj75cGBK1tLTMyIudOZYZk.jpg
582,,,
584,,,
586,,,
601,,,
602,,,
606,,,
609,,,
611,,,
613,,,
616,1930.0,https://image.tmdb.org/t/p/w500/jexoNYnPd6vVrmygwF6QZmWPFdu.jpg,https://image.tmdb.org/t/p/w500/HVcza6tJtWFrLriuh3Ano4Vt46.jpg
617,1931.0,https://image.tmdb.org/t/p/w500/dald9tUbRmGQ91CUJnzaBAjjvUf.jpg,https://image.tmdb.org/t/p/w500/8QBkWWXiOvNZdPbvzR8j0amw4Yy.jpg
618,1933.0,https://image.tmdb.org/t/p/w500/p8g1vlTvpM6nr2hMMiZ1fUlKF0D.jpg,https://image.tmdb.org/t/p/w500/rbBe9WQ1OqCxzgwskOTnaY6JdUA.jpg
631,,,
632,1966.0,https://image.tmdb.org/t/p/w500/jrwQu72sGwGqwE8Ijne89PSIvhp.jpg,https://image.tmdb.org/t/p/w500/h21dxRjtR7xOhyZljtSYeTETCht.jpg
643,1999.0,https://image.tmdb.org/t/p/w500/IQj11YbraLDyPYaz79jtDoAscc.jpg,https://image.tmdb.org/t/p/w500/r73OdC9TpRIknIsVyGCd5SSwplO.jpg
644,,,
655,2043.0,https://image.tmdb.org/t/p/w500/vipRsbIpwUNf1gjfOcVNizQ1o3c.jpg,https://image.tmdb.org/t/p/w500/5C6njaciKvyZlKWUrQX7mjdl4D1.jpg
658,,,
661,2057.0,https://image.tmdb.org/t/p/w500/xvTtsdvvVr1NYlVJxWZibzhaEt5.jpg,https://image.tmdb.org/t/p/w500/lFDeRoh5gowXWf0O3ayEAUxePcw.jpg
666,2074.0,https://image.tmdb.org/t/p/w500/uIcgXQYm2eqguUaYdbolQ4LWpMy.jpg,https://image.tmdb.org/t/p/w500/gzlGNZczKeBsNskj8MLGlh0fIc1.jpg
678,2119.0,https://image.tmdb.org/t/p/w500/8UvcoeMJag8UWGF8sg7eYspzq0Q.jpg,https://image.tmdb.org/t/p/w500/t61Pj0FsdvM5JSEdzTcbpLM4ZaH.jpg
679,,,
691,2185.0,https://image.tmdb.org/t/p/w500/h844gBztdYMLrroUen6qbsomrGx.jpg,https://image.tmdb.org/t/p/w500/jY6EdpztuCUPwWzlVHC2BW4K50r.jpg
701,2270.0,https://image.tmdb.org/t/p/w500/le1gPiqeWrCj5FkjBtcF9clFmdX.jpg,https://image.tmdb.org/t/p/w500/x2LTysjFSpeK0d40zHw6Lqd4oAH.jpg
702,,,
705,,,
709,,,
711,2294.0,https://image.tmdb.org/t/p/w500/aEsAdMAhwKYFgnHHxMOknktQYKK.jpg,https://image.tmdb.org/t/p/w500/2K4ZRi6bYrl9Ha53uRi4ZyoYuft.jpg
713,2300.0,https://image.tmdb.org/t/p/w500/4RN5El3Pj2W4gpwgiAGLVfSJv2g.jpg,https://image.tmdb.org/t/p/w500/lWybXICZZpxnSvWSOW53XxTERUg.jpg
717,,,
724,,,
733,2575.0,https://image.tmdb.org/t/p/w500/na80ysnoCvoxwGTMWCWYvnmaDlz.jpg,https://image.tmdb.org/t/p/w500/zKctuZIWdni1QxTEt4SsNyysdxW.jpg
736,,,
746,2661.0,https://image.tmdb.org/t/p/w500/iBaHizz1sfMs4N03aHsGe7I2G6S.jpg,https://image.tmdb.org/t/p/w500/nOWOU0bdX76iF9XA1YPlInLbI4Y.jpg
755,2752.0,https://image.tmdb.org/t/p/w500/pQTZX4gOEEkkMVFIRWtIrCpozeu.jpg,https://image.tmdb.org/t/p/w500/cNKwwzI0KkeBgeDmGELkO14ovle.jpg
768,,,
771,2907.0,https://image.tmdb.org/t/p/w500/qFf8anju5f2epI0my8RdwwIXFIP.jpg,https://image.tmdb.org/t/p/w500/7OxGhxUYAdtuike29VMzEFxJx7y.jpg
772,2925.0,https://image.tmdb.org/t/p/w500/2ApifgYnfdJUSmCKzTBrWOYYWsn.jpg,https://image.tmdb.org/t/p/w500/gtLbJuGgAEvxG4DaPHRARURlD2H.jpg
777,,,
779,,,
780,,,
781,,,
784,,,
789,,,
794,3132.0,https://image.tmdb.org/t/p/w500/umu141mcfIEhRLgyQp7TWlGJFW.jpg,https://image.tmdb.org/t/p/w500/9oLrsekWm3sfEGw5HOav6roW1h7.jpg
798,3179.0,https://image.tmdb.org/t/p/w500/vqdgQiRCSzgpFXLlbxbybfkleBM.jpg,https://image.tmdb.org/t/p/w500/5B7idCmnzk4tdAc6tR8VgihZaMz.jpg
799,3291.0,https://image.tmdb.org/t/p/w500/w4QSEno2xxHqMtSr3mPUhJpO3F2.jpg,https://image.tmdb.org/t/p/w500/t35dVtLN4H12XXtipJfIDEy2h7Y.jpg
805,,,
806,3558.0,https://image.tmdb.org/t/p/w500/dOBdatHIVppvmRFw2z7bf9VKJr9.jpg,https://image.tmdb.org/t/p/w500/jDePFWhpfkY4GJm41qiRffJ0NGq.jpg
807,,,
816,3683.0,https://image.tmdb.org/t/p/w500/2nkPrhf4YIyMFelfe4zdOnGRYz5.jpg,https://image.tmdb.org/t/p/w500/vscsDExaKK0oKqrYBze9Tm2oitf.jpg
817,,,
831,,,
835,,,
837,,,
843,4327.0,https://image.tmdb.org/t/p/w500/paDTaHGLxhacythNZCT86VPanm6.jpg,https://image.tmdb.org/t/p/w500/oq3IOr7QvEmei0eXsXacqaMPqlV.jpg
845,4348.0,https://image.tmdb.org/t/p/w500/o8UhmEbWPHmTUxP0lMuCoqNkbB3.jpg,https://image.tmdb.org/t/p/w500/1Onam6oWyFAUCcoxtdWkACtEiNr.jpg
849,,,
852,,,
859,,,
866,,,
867,4597.0,https://image.tmdb.org/t/p/w500/oQrAXGkBy84FyGpWrY71ptqs7zD.jpg,https://image.tmdb.org/t/p/w500/EOAv4NeWOxB5rfGmDJTofX3j3Z.jpg
878,,,
880,4912.0,https://image.tmdb.org/t/p/w500/mM58ABMRzwn5zVx6BS7IiNK0j3F.jpg,https://image.tmdb.org/t/p/w500/uS03jRk64ZFFtpKNAhLppXa1nKP.jpg
882,,,
885,,,
888,4958.0,https://image.tmdb.org/t/p/w500/7jKjh9PZvHJYYtCycQmTbBoZVV4.jpg,https://image.tmdb.org/t/p/w500/bwS2YrIMJp7yAb8RhuLkNVMLeyY.jpg
891,4964.0,https://image.tmdb.org/t/p/w500/b4OaXw2MW97VvIiZE0Sbn1NfxSh.jpg,https://image.tmdb.org/t/p/w500/8uNx4YtClqB9duM4n6jOx8vWvvl.jpg
895,,,
899,5072.0,https://image.tmdb.org/t/p/w500/yg1XRTyH5knwh3Tnij2sUV0ZZ5w.jpg,https://image.tmdb.org/t/p/w500/osOhM0NS9DG9jbJcrk49tDM2aTf.jpg
912,,,
914,,,
915,,,
957,,,
959,6439.0,https://image.tmdb.org/t/p/w500/epDsuf5oUdzTFYHqV2IRcyy8Rwc.jpg,https://image.tmdb.org/t/p/w500/QpKBAkssvvKtJrJLJvbq5I4Ggg.jpg
960,,,
983,,,
987,6968.0,https://image.tmdb.org/t/p/w500/36Y0UT6bXnkHBGmmVFWGEnEh8nI.jpg,https://image.tmdb.org/t/p/w500/6vspNQNWrtoXQMqjsBhouCVsozG.jpg
990,6977.0,https://image.tmdb.org/t/p/w500/6d5XOczc226jECq0LIX0siKtgHR.jpg,https://image.tmdb.org/t/p/w500/gddUsvfyySrM5k8B8wwJy2VRlBx.jpg
992,,,
1001,7304.0,https://image.tmdb.org/t/p/w500/f2LU6M8wFmt6G1fzv9JFWbIkRd9.jpg,https://image.tmdb.org/t/p/w500/p5z5X3GRnaFEqgtEa7fiGhgtUkA.jpg
1008,,,
1014,7453.0,https://image.tmdb.org/t/p/w500/4fOFbNMjq708CQ7ou71by6rI6wZ.jpg,https://image.tmdb.org/t/p/w500/i3IOqOFdAdjw0ebQXkIevybkkNF.jpg
1026,,,
1043,,,
1044,7980.0,https://image.tmdb.org/t/p/w500/kIa9CyK2yiE4CAy7RJPGe7lztse.jpg,https://image.tmdb.org/t/p/w500/vmonG9lV1s3CtmOQmmWUO206Xay.jpg
1045,8007.0,https://image.tmdb.org/t/p/w500/fZReMWU3zszvaktDUqOoWCzHssZ.jpg,https://image.tmdb.org/t/p/w500/lEdy2A62qCwJPffMLVyByRxUpfd.jpg
1047,8011.0,https://image.tmdb.org/t/p/w500/o4GKLReSGRR0rulOBS9SrfFAXOz.jpg,https://image.tmdb.org/t/p/w500/1ulygMNAaR6KINjI6Fqcx1N82ag.jpg
1048,8012.0,https://image.tmdb.org/t/p/w500/r82SdPhg4fnIcLt0ogIjQxqjdcO.jpg,https://image.tmdb.org/t/p/w500/wiZT8DVmAZNwmqd8G3QjWZ1mpLB.jpg
1049,,,
1053,,,
1056,,,
1067,,,
1068,,,
1072,8271.0,https://image.tmdb.org/t/p/w500/3f9KwSrieczuH9nRrwfOsoMoMNd.jpg,https://image.tmdb.org/t/p/w500/ve38VxE3qVdk5xbEluWTqFa9oGd.jpg
1073,,,
1084,,,
1085,,,
1091,,,
1093,,,
1100,8427.0,https://image.tmdb.org/t/p/w500/hmjCMtkeqxruMVocq7iwMx899xi.jpg,https://image.tmdb.org/t/p/w500/qwGkQpQbDXuHDOq909RQmJPENwN.jpg
1101,,,
1108,8470.0,https://image.tmdb.org/t/p/w500/xEE91LvXiqgs7Hmdl44LCzHtFf6.jpg,https://image.tmdb.org/t/p/w500/sBB39VMtByFltGGGW2c5N6LOAvj.jpg
1109,8487.0,https://image.tmdb.org/t/p/w500/mCdo7nykEVCa25bjnkwgyX35fjm.jpg,https://image.tmdb.org/t/p/w500/tbzWgnaqhFwN5mCIiwbgN5oiw0V.jpg
1110,8488.0,https://image.tmdb.org/t/p/w500/x3W9H3nhGQbWSlyI8Amp2F6Z6cz.jpg,https://image.tmdb.org/t/p/w500/a6tIX4fGgp60w2d9pqYRbFM91ne.jpg
1111,8489.0,https://image.tmdb.org/t/p/w500/32l3FaCzs8cXWps6hkgNJAcOsP.jpg,https://image.tmdb.org/t/p/w500/sdWxVWhnJBiMq9N2ikfOmxeozKh.jpg
1128,8681.0,https://image.tmdb.org/t/p/w500/ognkaUSNgJe1a2pjB4UNdzEo5jT.jpg,https://image.tmdb.org/t/p/w500/ysCmtf9Y9fLDChZ88PXId5RbLP1.jpg
1142,8838.0,https://image.tmdb.org/t/p/w500/60AAso6I2TzQCy2SjqtzPni8csA.jpg,https://image.tmdb.org/t/p/w500/5EkowLSlfQT50KbeHzhvbdyaIoI.jpg
1145,,,
1149,,,
1152,,,
1153,,,
1165,,,
1169,,,
1175,8963.0,https://image.tmdb.org/t/p/w500/21nqRJ6ofEgVvEl68J4O9V26Xzy.jpg,https://image.tmdb.org/t/p/w500/mjlRoaURNhcW5YmXev8Z4UrV7x6.jpg
1188,,,
1191,9007.0,https://image.tmdb.org/t/p/w500/2cLbyVNhEEaUJGg7rfbLtX6454I.jpg,https://image.tmdb.org/t/p/w500/k63j5qexRlpD3wxzETKfuZRVWiT.jpg
1192,,,
1197,9021.0,https://image.tmdb.org/t/p/w500/2EAMkz0z1pbr9weOY1Y7buy2AxV.jpg,https://image.tmdb.org/t/p/w500/ycQyXPqcTOgBNVDCTBTHBqsAbOk.jpg
1206,9035.0,https://image.tmdb.org/t/p/w500/zNlJvCY3Pz7SE09Lf4G7uPs5XFZ.jpg,https://image.tmdb.org/t/p/w500/kUpD6EnpnQBi3mjYxmiM4xvuh8g.jpg
1216,9075.0,https://image.tmdb.org/t/p/w500/vZaYDWa3IqTNKsHCsUr72J4zTJ6.jpg,https://image.tmdb.org/t/p/w500/vT39NcxIWHL5XVNQGRMbS8NxXs0.jpg
1228,9260.0,https://image.tmdb.org/t/p/w500/7XyvoOopwWwDCWOcItOQiAwm30b.jpg,https://image.tmdb.org/t/p/w500/iZKF6VKwTs3m0T664NePlKr7yeM.jpg
1234,,,
1237,,,
1246,9294.0,https://image.tmdb.org/t/p/w500/5eK1HNf0Kl2vDPOeqf1kX4SKxrw.jpg,https://image.tmdb.org/t/p/w500/15JUzyooElSbMXXYl2gnHX62A7X.jpg
1250,,,
1261,,,
1265,9344.0,https://image.tmdb.org/t/p/w500/8qV8hUVCUnFIQKewzlhaFWhdszK.jpg,https://image.tmdb.org/t/p/w500/3gmreIMvzQgd1q4hsiUN5ADV88W.jpg
1269,9353.0,https://image.tmdb.org/t/p/w500/kh7B91bMl2lZ0mH9WhPfaNUIEQH.jpg,https://image.tmdb.org/t/p/w500/nNCleqiADKVMKWDC5G7hjYcVCmv.jpg
1271,,,
1275,,,
1276,,,
1277,,,
1280,,,
1287,,,
1297,,,
1300,9429.0,https://image.tmdb.org/t/p/w500/7oZ5xE4AL4D5EbeQUaoRxahgzJX.jpg,https://image.tmdb.org/t/p/w500/ygc5qt7mxtsPljY2W9LAbZWFDGb.jpg
1303,,,
1305,9440.0,https://image.tmdb.org/t/p/w500/RXEgVSEBkMnV8LkEGkBpuz3mkD.jpg,https://image.tmdb.org/t/p/w500/8S0fdn8FumgyqEN2yQDeVfBFOk1.jpg
1308,9444.0,https://image.tmdb.org/t/p/w500/bppGWGA8zq1sRvTdDJnUzVW9GcH.jpg,https://image.tmdb.org/t/p/w500/h6VshReCGaGQoaGZwT2wqiqrcZW.jpg
1310,,,
1312,9451.0,https://image.tmdb.org/t/p/w500/fbo0IYzBc32dD5SjFzKIgfp4O4F.jpg,https://image.tmdb.org/t/p/w500/lNPPNnYM3j0cb8IZ9CsJiDt0BK9.jpg
1317,9459.0,https://image.tmdb.org/t/p/w500/AapH8Qx4kUZoO7F4aK5cUnHjtdg.jpg,https://image.tmdb.org/t/p/w500/50tOx2lJXuszVjwCjNYHEXnPMWx.jpg
1320,9469.0,https://image.tmdb.org/t/p/w500/kd8hRaysUQOz7AvSorZDJHuihcJ.jpg,https://image.tmdb.org/t/p/w500/eW9vrzXW0r8glKx6p27i1iQblsr.jpg
1322,,,
1334,9502.0,https://image.tmdb.org/t/p/w500/wWt4JYXTg5Wr3xBW2phBrMKgp3x.jpg,https://image.tmdb.org/t/p/w500/qdthf9WrRDSaIkGVQGhhJ9pz1hn.jpg
1335,,,
1336,9509.0,https://image.tmdb.org/t/p/w500/grCGLCcTHv9TChibzOwzUpykcjB.jpg,https://image.tmdb.org/t/p/w500/6c7j7MQCczzNVvcrNEiXbs8Kt2p.jpg
1354,9557.0,https://image.tmdb.org/t/p/w500/xHFJt9nEfVIUItBfKZr7qhbgveL.jpg,https://image.tmdb.org/t/p/w500/pVangQxphypCeoH84BY2yq8svMZ.jpg
1358,9567.0,https://image.tmdb.org/t/p/w500/fUnSSQukwTwBSdCbufEE36petLq.jpg,https://image.tmdb.org/t/p/w500/cMkUwVCe6dpQnDqDwn0KwyBB2iv.jpg
1360,,,
1361,,,
1365,,,
1369,,,
1370,,,
1371,9598.0,https://image.tmdb.org/t/p/w500/zKuQMtnbVTz9DsOnOJmlW71v4qH.jpg,https://image.tmdb.org/t/p/w500/agkZziO4ZPAsVfKUrJD68lys08P.jpg
1372,9600.0,https://image.tmdb.org/t/p/w500/5YoSFqpTz5qIxsX61CPMGKONQIY.jpg,https://image.tmdb.org/t/p/w500/wAmg1DdrJgHYE4I3K2IVv1S5orO.jpg
1382,,,
1385,,,
1401,,,
1410,,,
1419,9703.0,https://image.tmdb.org/t/p/w500/k2jaEoOsTEMqSskBJm3gfcuxNEc.jpg,https://image.tmdb.org/t/p/w500/tgaMo8q1HpGTbtpmJm8TYKTpOr4.jpg
1428,,,
1432,9731.0,https://image.tmdb.org/t/p/w500/ewnIs4aCuWnKQ13Eaj8f3ybrQc8.jpg,https://image.tmdb.org/t/p/w500/pQy1GaR0TLwvb3Bpqk5teovzoDY.jpg
1440,9763.0,https://image.tmdb.org/t/p/w500/9YZhJGoIbJtrjDYbENGhR6f6SZE.jpg,https://image.tmdb.org/t/p/w500/hpuWR2rfcjRMni6HLtxPet4o4P4.jpg
1446,9778.0,https://image.tmdb.org/t/p/w500/4jS66Qmq2Ru5S2YzHVknGd4xJyT.jpg,https://image.tmdb.org/t/p/w500/sBecqcXgrLRiwufYr6apGnYA70k.jpg
1447,,,
1453,9793.0,https://image.tmdb.org/t/p/w500/3SX2UGSmAjIZsVACpshPpKtjbDr.jpg,https://image.tmdb.org/t/p/w500/9V529yHwmYay2wmYo0YcgUijeJO.jpg
1460,9804.0,https://image.tmdb.org/t/p/w500/X4UyUO5jgzs3c5YafnmYKLKKYw.jpg,https://image.tmdb.org/t/p/w500/yaIu82UiD9QZEkKCGrAd8VAmc0V.jpg
1465,,,
1473,9833.0,https://image.tmdb.org/t/p/w500/aTsp2VTaCBiGs8w05OTXfD97FRZ.jpg,https://image.tmdb.org/t/p/w500/p3P0eTh8AnqauhRZg0wgoBFvcjF.jpg
1484,,,
1495,,,
1515,,,
1522,,,
1527,9988.0,https://image.tmdb.org/t/p/w500/5srGbSv3zhEUjXFOZR9qHkgJO6l.jpg,https://image.tmdb.org/t/p/w500/fTCnyskFAtus040PpyQR3LLwsso.jpg
1530,,,
1532,,,
1533,10012.0,https://image.tmdb.org/t/p/w500/em45jL4CfTMyj5V83kj7rhdorJu.jpg,https://image.tmdb.org/t/p/w500/aJ4s9UjVdmkmsnx9NHpmdUqZxlz.jpg
1544,,,
1553,10054.0,https://image.tmdb.org/t/p/w500/j3rUkHIAAoKr6jU30q3Db4fcIF9.jpg,https://image.tmdb.org/t/p/w500/wfStsmeSW7MtvYhD9Ac6ETXdbmx.jpg
1554,10060.0,https://image.tmdb.org/t/p/w500/aaEJu8vFKtrAoSRtw3xjCf1aM5d.jpg,https://image.tmdb.org/t/p/w500/bxJmFRjwWnpoLFkp5OSzA7xfzn6.jpg
1557,10066.0,https://image.tmdb.org/t/p/w500/aCLSgw1DaqkRvosYc3YUttBTtpT.jpg,https://image.tmdb.org/t/p/w500/2J7re6BvXXxLFXCYZpTUmRKkTHn.jpg
1564,10073.0,https://image.tmdb.org/t/p/w500/xjLK0EmD0MAM7B049SRCUQaqkdL.jpg,https://image.tmdb.org/t/p/w500/vORtOIuQMp3h3DCC6acfv1tsqhy.jpg
1574,,,
1575,,,
1583,10147.0,https://image.tmdb.org/t/p/w500/rfClLIyeHqpMofmrPY8DaLe4z9x.jpg,https://image.tmdb.org/t/p/w500/tbmNzJIc7R1MuEweCOThpTzglyx.jpg
1593,,,
1606,10197.0,https://image.tmdb.org/t/p/w500/bSxdTXktgPQPNwlkQ0DZtuAJXlb.jpg,https://image.tmdb.org/t/p/w500/3ixn2R4tPEUQuq5AWw5EngopyWZ.jpg
1611,,,
1614,10208.0,https://image.tmdb.org/t/p/w500/Aww9cF4uMsbald9ddhCYFoP4gBi.jpg,https://image.tmdb.org/t/p/w500/4n10DEpEsNOJj5Is1NjpGqrN7Lv.jpg
1622,10223.0,https://image.tmdb.org/t/p/w500/wO2gH7DMqpMeHlj5QmDhW4IkgAr.jpg,https://image.tmdb.org/t/p/w500/gtdCmYpubVkkvTQ8rdR9tkixDSj.jpg
1627,,,
1643,10317.0,https://image.tmdb.org/t/p/w500/tE7oaFegUgfBC0FMZbHdwB9I1lC.jpg,https://image.tmdb.org/t/p/w500/cZo0oHZA9dG06vkTcYR0khALAHf.jpg
1646,10329.0,https://image.tmdb.org/t/p/w500/hPNSToNIIpRO6y5Rh973leqQqNr.jpg,https://image.tmdb.org/t/p/w500/dT8Fhrh3eVazbuSSIarFPXniQh4.jpg
1647,10330.0,https://image.tmdb.org/t/p/w500/y6kn3tUb4qrNZvV4TDIIjskZ9eV.jpg,https://image.tmdb.org/t/p/w500/cTGeY2fdf0eLubvEFZAGcr2PfLZ.jpg
1656,,,
1661,10377.0,https://image.tmdb.org/t/p/w500/iwSURa8nS2ujwrU3s1lfxxX7voH.jpg,https://image.tmdb.org/t/p/w500/uEoaOfvWibpvjBNxFoj4MxWn0OH.jpg
1662,10383.0,https://image.tmdb.org/t/p/w500/9DOq3KqGrNbqa3z5M8iDJ2wuaxJ.jpg,https://image.tmdb.org/t/p/w500/gGTzXQsIeVTLoqihn7fcJk9GFnI.jpg
1668,,,
1674,10402.0,https://image.tmdb.org/t/p/w500/w0UKAcY4fAPuQW2GhAoIMwutIA5.jpg,https://image.tmdb.org/t/p/w500/per5h5iqTtwQ27nrk6YF2Hwe39T.jpg
1678,,,
1681,,,
1684,10437.0,https://image.tmdb.org/t/p/w500/ssrV29QSVVJuemBHho0Qx7pFYak.jpg,https://image.tmdb.org/t/p/w500/kLVWvnUdqQ07WjbAYGpmiD2ZFQa.jpg
1686,,,
1688,,,
1689,,,
1691,,,
1700,,,
1711,,,
1713,,,
1723,,,
1725,10585.0,https://image.tmdb.org/t/p/w500/wvpgvcWNkF2HLuTEMIM7K83MvZ.jpg,https://image.tmdb.org/t/p/w500/edghRD7vw1XgWEpMLpGt1VSGB5w.jpg
1729,10590.0,https://image.tmdb.org/t/p/w500/nzeSYldx7wIrwycLKHKHTTUJNWh.jpg,https://image.tmdb.org/t/p/w500/sGDXh6QU6CRqHVXfoYOBwqEnBVO.jpg
1730,,,
1740,,,
1745,10642.0,https://image.tmdb.org/t/p/w500/nOqWmYfgvpUA6gZjvdB0Cg24kA4.jpg,https://image.tmdb.org/t/p/w500/r80VehB1GzdOReLSgr0N4iWo5id.jpg
1752,10661.0,https://image.tmdb.org/t/p/w500/gBhLQmpCPoKFMCGsulMbIFzrBID.jpg,https://image.tmdb.org/t/p/w500/tfUotS2rLaIu7ieJPDonyDn5EqQ.jpg
1753,,,
1767,10708.0,https://image.tmdb.org/t/p/w500/uiey5XUKuPicwpIJMf1OpaOd1jL.jpg,https://image.tmdb.org/t/p/w500/gQ9uxP1hBIJd0dw4jMTCkToQQly.jpg
1771,10718.0,https://image.tmdb.org/t/p/w500/pY35tW8BMAjZewl87OxjXK8ui02.jpg,https://image.tmdb.org/t/p/w500/giQy3vmsOIbNCMZ9EAZScSQZ3jo.jpg
1773,,,
1778,,,
1793,,,
1809,,,
1813,10871.0,https://image.tmdb.org/t/p/w500/3v4nX475G97Vd8XCapTKQ7NTqMs.jpg,https://image.tmdb.org/t/p/w500/yWhwrzGTsGo98fT1xC3GFI5u7WQ.jpg
1814,10873.0,https://image.tmdb.org/t/p/w500/nWm7DWi8X4D87XkM5qr9BhTJHq6.jpg,https://image.tmdb.org/t/p/w500/cKKhk85c1TZSYy6ZF94QpUH8bRw.jpg
1815,,,
1819,,,
1820,,,
1827,,,
1834,,,
1835,10970.0,https://image.tmdb.org/t/p/w500/AeaoOSqEU3elkpDAlKbIWcdKLJ8.jpg,https://image.tmdb.org/t/p/w500/6MBo0C4G0O7A7JVVfVVJIJbh1fU.jpg
1836,10972.0,https://image.tmdb.org/t/p/w500/A3Au37c3KJX29BDvldzGiYtaU5B.jpg,https://image.tmdb.org/t/p/w500/q00YpCIaO4ke4qstYnds9PtAz3t.jpg
1844,,,
1845,10996.0,https://image.tmdb.org/t/p/w500/1vdPKC35IOjEAJEr9Y2rjEeyCcW.jpg,https://image.tmdb.org/t/p/w500/iEvlXeDvLW5IjmWa5jwO0Tieu1g.jpg
1846,10998.0,https://image.tmdb.org/t/p/w500/vjB9XwJKnYqFKKjhWcE6WpAf5Ki.jpg,https://image.tmdb.org/t/p/w500/2UlBdiveZcOVrlNe5MYcI6TYeA7.jpg
1847,10999.0,https://image.tmdb.org/t/p/w500/ollPAAAgZ7euU8VisfqU3cuXhZ6.jpg,https://image.tmdb.org/t/p/w500/gvao0WZchzudp2oMF5sjgzwHY0q.jpg
1860,11033.0,https://image.tmdb.org/t/p/w500/oy1m5dd44foNrxV8U9l6Walx82V.jpg,https://image.tmdb.org/t/p/w500/8UZfEjAlFq1iUiAkHMkJViq4ZO0.jpg
1865,11058.0,https://image.tmdb.org/t/p/w500/lLncs8FEzKupj19wCqZ3sPmg3eU.jpg,https://image.tmdb.org/t/p/w500/eDcuAU8mpjRYXOMtDGUYx7Y0tVR.jpg
1870,,,
1887,11165.0,https://image.tmdb.org/t/p/w500/c311sN931DixuZRer0JGYCwpx9N.jpg,https://image.tmdb.org/t/p/w500/z2mntgw06VvPybd1YlNBi5prg7N.jpg
1888,11170.0,https://image.tmdb.org/t/p/w500/5PSiExbg6Fm8MiPJOikBCOcZFnd.jpg,https://image.tmdb.org/t/p/w500/2aY1ZPtn0Nu0yBxdbG1oPtnpER3.jpg
1892,,,
1897,,,
1899,11212.0,https://image.tmdb.org/t/p/w500/21U2jwl36hoTHsXB3fDuIQkcchu.jpg,https://image.tmdb.org/t/p/w500/7bDfeFS4utVf2LNN5lr2pnVgRTb.jpg
1900,11217.0,https://image.tmdb.org/t/p/w500/9slWyVotwxZNthMcKoeFaK3tgNz.jpg,https://image.tmdb.org/t/p/w500/cyTwskS7gIuv93SHyBppOcnudQH.jpg
1902,11228.0,https://image.tmdb.org/t/p/w500/bRWNxtm3q0QvIIM52uQqRIEvpl2.jpg,https://image.tmdb.org/t/p/w500/uK4mks9XqF0LGinouk7BQvqZiR1.jpg
1907,,,
1910,,,
1920,11308.0,https://image.tmdb.org/t/p/w500/9XGGGniMtBqhox7JAV5JujlUqFz.jpg,https://image.tmdb.org/t/p/w500/6ja3HVez4A4XPNSMHhuOiu2UTXm.jpg
1923,11322.0,https://image.tmdb.org/t/p/w500/3KgtekisQBrHRsm2cD5UOB6Ce3k.jpg,https://image.tmdb.org/t/p/w500/rlKB2moKVOPasy4Dr19QluzbJgA.jpg
1930,,,
1931,,,
1933,11359.0,https://image.tmdb.org/t/p/w500/ozQAmW85tTJu2dhRe3evzyY03Nb.jpg,https://image.tmdb.org/t/p/w500/fKzQzmqsUDVbrH4dux9FcXtXLbQ.jpg
1938,,,
1941,,,
1942,11382.0,https://image.tmdb.org/t/p/w500/mY9D1oCLeDKNMdUO8EV7MoCZ3up.jpg,https://image.tmdb.org/t/p/w500/6zfPDvqeZUleXjNaU5iWQwHUtCN.jpg
1950,,,
1951,,,
1960,11457.0,https://image.tmdb.org/t/p/w500/qNFlcei9vWh5NCRTVrs52qDvUmq.jpg,https://image.tmdb.org/t/p/w500/cq0xYG4TIcEPaFPhkgTpDhWLIqo.jpg
1965,,,
1980,,,
1981,11545.0,https://image.tmdb.org/t/p/w500/hSJ6swahAuZ8wM96lHDTwQPXUvZ.jpg,https://image.tmdb.org/t/p/w500/asC4h9U7pD72bkYcqzgTB7VJYLy.jpg
1984,,,
1994,,,
2009,,,
2013,,,
2018,11683.0,https://image.tmdb.org/t/p/w500/xxp0qcZ3n2YA53SIzWilDSfIaA4.jpg,https://image.tmdb.org/t/p/w500/oOZtWMhJft0QvPcnJXFgGlt0Jn7.jpg
2023,11697.0,https://image.tmdb.org/t/p/w500/4C1R0LEivLjbv3swAzJfzh0tzXl.jpg,https://image.tmdb.org/t/p/w500/f6gTJLQ950dPHfFRnxQdaA6OlXJ.jpg
2028,11778.0,https://image.tmdb.org/t/p/w500/bbGtogDZOg09bm42KIpCXUXICkh.jpg,https://image.tmdb.org/t/p/w500/a5zBQfXmLk3qqRYF7AioWpiAxk2.jpg
2029,11780.0,https://image.tmdb.org/t/p/w500/kWI2rF6RAnRtEjfBlZgsXumgOm5.jpg,https://image.tmdb.org/t/p/w500/yOwrZDFWdK2hjb4iOg8UEfNvNpJ.jpg
2031,11802.0,https://image.tmdb.org/t/p/w500/ecAKgzlt78OvEVpZURYYdSz8K5v.jpg,https://image.tmdb.org/t/p/w500/xBHa6D7XBiSDzCV4592iiF6bHNn.jpg
2044,,,
2063,,,
2070,11973.0,https://image.tmdb.org/t/p/w500/aLx9UXH9fK2v6NDMvMyW4X88K3u.jpg,https://image.tmdb.org/t/p/w500/pR3v192B20nFtsHY1jZQS4AkN0a.jpg
2085,,,
2094,,,
2113,,,
2123,12257.0,https://image.tmdb.org/t/p/w500/rXEpaJIPlBqKq7QepB8uowmeAT2.jpg,https://image.tmdb.org/t/p/w500/rpwWJbqI8br33aktuKTz1ml6uee.jpg
2132,12404.0,https://image.tmdb.org/t/p/w500/jU7KFn4O1HLgzj9WkkmBkzJNPlN.jpg,https://image.tmdb.org/t/p/w500/yr5SDUn21j124pQDyr0B9Zsu4Ks.jpg
2134,,,
2138,12454.0,https://image.tmdb.org/t/p/w500/5VRYeJ8DI3GkVzO7MUlug8v2BZO.jpg,https://image.tmdb.org/t/p/w500/1AIfw3ah53rLaeC6agq4Ehu8d1G.jpg
2140,,,
2141,12486.0,https://image.tmdb.org/t/p/w500/bb3f1catVid2yDqHvhygai2RUoM.jpg,https://image.tmdb.org/t/p/w500/mxDKl54b4S4gQG5N1hNRDw7zXsK.jpg
2149,,,
2153,12602.0,https://image.tmdb.org/t/p/w500/aao5hdQbzy5RxdewrdSW3SFSHZG.jpg,https://image.tmdb.org/t/p/w500/7EzSQdUEvPOZxBLvywlPuvoGC2P.jpg
2156,,,
2161,,,
2167,12770.0,https://image.tmdb.org/t/p/w500/iCHAn0eVAXwybuzoQO598aKMVJD.jpg,https://image.tmdb.org/t/p/w500/xjBcaVGVQuXws9tqqhCs1xp7M8m.jpg
2174,,,
2199,13155.0,https://image.tmdb.org/t/p/w500/dyMwaXA9nVhPiA5wYHsvfUAnbaB.jpg,https://image.tmdb.org/t/p/w500/p6zh3jTuuhNfsUhUCEajEizDC9K.jpg
2200,13156.0,https://image.tmdb.org/t/p/w500/mYIMMAma7DCACRfiGhHAybPAdKa.jpg,https://image.tmdb.org/t/p/w500/ithoU8bcAj5dIaKkhN4ybiiWhyK.jpg
2204,13166.0,https://image.tmdb.org/t/p/w500/gVmSZgxiT7ynyRLsEgg8Xs8ZVWX.jpg,https://image.tmdb.org/t/p/w500/uhHYfrbc4BWZbmsAvl951pfvoEu.jpg
2220,13342.0,https://image.tmdb.org/t/p/w500/e15rmfjf0m6EGLe4MnNhwD3Dd1W.jpg,https://image.tmdb.org/t/p/w500/mHbnNX6jxpndW03yGXslHcBOaZv.jpg
2221,,,
2224,,,
2228,,,
2253,13538.0,https://image.tmdb.org/t/p/w500/5W8jG9kt2UfEq8Tn0rb3BRaOPqe.jpg,https://image.tmdb.org/t/p/w500/oU5y1lggEM9cU6CglNC5rOPjntS.jpg
2259,13596.0,https://image.tmdb.org/t/p/w500/4Zn149rIsfIwBZZwIwuryRzVbon.jpg,https://image.tmdb.org/t/p/w500/pe43Ut5GMyeXkuyY9aSfya1GV3F.jpg
2278,13811.0,https://image.tmdb.org/t/p/w500/OG0mxQt4YaNIWiz8EKJSHe9lPh.jpg,https://image.tmdb.org/t/p/w500/oZqounvawm4hDxpDGDHLmVBGJBr.jpg
2283,,,
2284,,,
2288,13888.0,https://image.tmdb.org/t/p/w500/jhUTLuPgc3Qcvr5xtji8oiWSfYy.jpg,https://image.tmdb.org/t/p/w500/8vREmZvEKvsz5Ptp1gazc9rAhts.jpg
2292,13909.0,https://image.tmdb.org/t/p/w500/2IXtuwkTVcDsaa09AiQnlkfxe7I.jpg,https://image.tmdb.org/t/p/w500/45tJCXfr3S08qb5fVP86duFUUzx.jpg
2297,,,
2312,14014.0,https://image.tmdb.org/t/p/w500/6Q7z71vQD7Rl8ehdlFu5qfmvenv.jpg,https://image.tmdb.org/t/p/w500/e5Cmgg5BestVd7egZZM6KtyJDdZ.jpg
2319,,,
2347,,,
2350,,,
2351,,,
2355,,,
2362,,,
2367,,,
2377,14517.0,https://image.tmdb.org/t/p/w500/itIJU3NKbdgScA1WPIxXzOlm0Uj.jpg,https://image.tmdb.org/t/p/w500/zDkLBWZmt8jZrEhdKoUKoaEwETC.jpg
2387,14582.0,https://image.tmdb.org/t/p/w500/2FMtSxzF2fR5dx5was9Kftjag0U.jpg,https://image.tmdb.org/t/p/w500/mm5itexxDxDZBemUrdX4Mm8Owgk.jpg
2388,,,
2390,14623.0,https://image.tmdb.org/t/p/w500/1jH0vADEIvuRlkvJzLUW5nVO96d.jpg,https://image.tmdb.org/t/p/w500/jyzuK6OgWzibgAblJzxANUHSZ2x.jpg
2394,14635.0,https://image.tmdb.org/t/p/w500/gNmLsseIs6thkBKne91iQZDGyBT.jpg,https://image.tmdb.org/t/p/w500/gf5ahmfnGuM02RJyoETKQXTLft0.jpg
2399,,,
2400,14736.0,https://image.tmdb.org/t/p/w500/zNZWNX19FZ5QyedprVM0ldsXFiP.jpg,https://image.tmdb.org/t/p/w500/jF71CkY9bHyWvZTNQUThyzecXYb.jpg
2404,14778.0,https://image.tmdb.org/t/p/w500/rcc3eL3wcydEUmXpX1tW9ro8NR9.jpg,https://image.tmdb.org/t/p/w500/z4YiI1tyo1xifoWHTHAcBRoFoQa.jpg
2410,14844.0,https://image.tmdb.org/t/p/w500/aGh5zpJSuxcx4lzFFbZ2QyY8wQP.jpg,https://image.tmdb.org/t/p/w500/cXlUiO1keDZAiSo9432x2H5yb6Y.jpg
2422,15028.0,https://image.tmdb.org/t/p/w500/6XZJ58gStdLZV8uJyTRcA5bGNyi.jpg,https://image.tmdb.org/t/p/w500/ygys5z5itmGGbSp2G003A6crCyO.jpg
2437,,,
2441,15250.0,https://image.tmdb.org/t/p/w500/dBuLAw4mRlO83LPA2s4zOlVesUe.jpg,https://image.tmdb.org/t/p/w500/qUTY0w0ZQ15siNdu3Nfa88T5gqV.jpg
2447,15389.0,https://image.tmdb.org/t/p/w500/852ZwTRj9tRxkGOT0Pu0Ep8yimk.jpg,https://image.tmdb.org/t/p/w500/hyHp1MgvUXw40GLjhqfjxwMWD4.jpg
2456,,,
2460,,,
2470,15765.0,https://image.tmdb.org/t/p/w500/btC4819GhihmkCELqO3qgepNGos.jpg,https://image.tmdb.org/t/p/w500/bNZsRKtsfQAc7LZ7k8RnTK6H5n6.jpg
2471,15797.0,https://image.tmdb.org/t/p/w500/pPWV5rBhCgzlzhwkpdRG7a7UZqt.jpg,https://image.tmdb.org/t/p/w500/k7wQcxa6KN5EmAdxj1tWgy7odBg.jpg
2474,15907.0,https://image.tmdb.org/t/p/w500/opoDxQW9S6SaiP8rY7urw16QVTL.jpg,https://image.tmdb.org/t/p/w500/nGd0NNJSXMVwCGvWcVmp0pMd8uo.jpg
2481,,,
2486,,,
2488,,,
2493,,,
2499,16288.0,https://image.tmdb.org/t/p/w500/bbanIymLuTYmQGis9nlCkFlT1eg.jpg,https://image.tmdb.org/t/p/w500/w6RisE566EXIekhfLqIUprYtxbU.jpg
2501,16300.0,https://image.tmdb.org/t/p/w500/w2XM4YCfBOOWEL4a0abQji7QxwI.jpg,https://image.tmdb.org/t/p/w500/5fCjc8FlHwaK5soz0PBwN73CRxh.jpg
2511,16406.0,https://image.tmdb.org/t/p/w500/aBG4XoK5xkujl4crloPs6bStl4m.jpg,https://image.tmdb.org/t/p/w500/5WLdmRWfTpohU3aSbBgvF4zljfM.jpg
2512,,,
2513,16433.0,https://image.tmdb.org/t/p/w500/5sWWj5tlTDyAi2yiEjQZUmJCoKr.jpg,https://image.tmdb.org/t/p/w500/cl4YFssTisk1NHRVCVjHPgbwTYZ.jpg
2514,,,
2519,16538.0,https://image.tmdb.org/t/p/w500/xr4zAYsvgTzvMMiWu6qCAP9WBer.jpg,https://image.tmdb.org/t/p/w500/zLXACaQzLLKmzbSBPpgXW6wfGdv.jpg
2521,16564.0,https://image.tmdb.org/t/p/w500/xwPAQjLoIqqAAGRZ5ke5j7OpKSH.jpg,https://image.tmdb.org/t/p/w500/dotY8NsIZvhpCj9MZhK8LUADWdr.jpg
2541,,,
2545,,,
2549,,,
2578,,,
2580,,,
2582,,,
2596,,,
2613,18276.0,https://image.tmdb.org/t/p/w500/99VEv4lpXbV4VF9aWH8lzQaEVVU.jpg,https://image.tmdb.org/t/p/w500/qVrASD7cuRrGryDwhVK6RXlOwMy.jpg
2614,18292.0,https://image.tmdb.org/t/p/w500/g9nZi8u5LqSrVKEpSm199EM4hk5.jpg,https://image.tmdb.org/t/p/w500/5ZVRnltdsQXrRWhYCw7zHU4lruz.jpg
2618,,,
2619,18442.0,https://image.tmdb.org/t/p/w500/nieqSpywIW3J25cFC8mEUXF2FTk.jpg,https://image.tmdb.org/t/p/w500/nJ3fpugCXF3AgUUVDUCLfHceuTq.jpg
2621,,,
2623,,,
2636,,,
2641,18808.0,https://image.tmdb.org/t/p/w500/jttL1E4eCQn7tHBbYlUkMz865Q4.jpg,https://image.tmdb.org/t/p/w500/8cwxKDaTK0i4XC3UAm3h284bsIT.jpg
2643,18828.0,https://image.tmdb.org/t/p/w500/gNyudcF4Z8LVJn4IxauOptG6dcb.jpg,https://image.tmdb.org/t/p/w500/e93Upxk1sCLdscVKD7pQNLiaqVI.jpg
2648,,,
2651,,,
2659,19153.0,https://image.tmdb.org/t/p/w500/wyLs32hfhfShhHPJ8h8VzAash55.jpg,https://image.tmdb.org/t/p/w500/ilpL6PTHhVqip11raFIKmYrlp6K.jpg
2669,,,
2673,19585.0,https://image.tmdb.org/t/p/w500/9Tly3ZXTTsQKM26fis8v9LR4GxG.jpg,https://image.tmdb.org/t/p/w500/xgic8uEqzzhc0YimHGsWSQWMduE.jpg
2674,19615.0,https://image.tmdb.org/t/p/w500/xLMv1cpLK3qrvF0ehNEkowWXaFB.jpg,
2686,19908.0,https://image.tmdb.org/t/p/w500/dUkAmAyPVqubSBNRjRqCgHggZcK.jpg,https://image.tmdb.org/t/p/w500/oihWVx3imvRKujnGmSDYhfG1gI5.jpg
2688,19913.0,https://image.tmdb.org/t/p/w500/qXAuQ9hF30sQRsXf40OfRVl0MJZ.jpg,https://image.tmdb.org/t/p/w500/1M2i4Mxd03elGOTmEkIvqrHfmyS.jpg
2696,,,
2702,,,
2703,,,
2704,,,
2719,20662.0,https://image.tmdb.org/t/p/w500/9NS5QGOfck24yL3bZqWeW06PgPC.jpg,https://image.tmdb.org/t/p/w500/gxJnDz2W566PRdYKCaJrp1FpRRI.jpg
2720,,,
2747,,,
2757,,,
2761,22013.0,https://image.tmdb.org/t/p/w500/5vd031r08rrfSMqtB9UarwqCUOz.jpg,https://image.tmdb.org/t/p/w500/tPMHXHKGl9bFCcByKO6M5mClKnE.jpg
2763,,,
2766,22256.0,https://image.tmdb.org/t/p/w500/2HoKVqCzVOez7DEwHApc73bKobg.jpg,https://image.tmdb.org/t/p/w500/i1E2K8gPSkrWAf2ZwO3dvSlseNG.jpg
2787,22805.0,https://image.tmdb.org/t/p/w500/bzQCsmvPJU0L4tnPtQHlVliw2zn.jpg,https://image.tmdb.org/t/p/w500/8ic41TNDfkewNkN9lcZMbST1fdS.jpg
2793,,,
2796,22907.0,https://image.tmdb.org/t/p/w500/s2zx7JA87rkQcmsV40k0vbVJ6oh.jpg,https://image.tmdb.org/t/p/w500/2MmcWazB76kabQ1livKMqIUfN80.jpg
2798,,,
2814,,,
2819,,,
2820,,,
2823,23685.0,https://image.tmdb.org/t/p/w500/lgH7Wej9922C1MQv0wciAfesKH8.jpg,https://image.tmdb.org/t/p/w500/ntVB3LgyvKIaw6Dk29ZuDsV3TSR.jpg
2824,23706.0,https://image.tmdb.org/t/p/w500/k7lmf0OeOpQLUoTRLG7e5JZ7H4B.jpg,https://image.tmdb.org/t/p/w500/7qdeWU6XNrMFuemM2TAHD6Rc6NS.jpg
2838,24126.0,https://image.tmdb.org/t/p/w500/qpRtxbnLb0qFP93db5vwDDXvWz2.jpg,https://image.tmdb.org/t/p/w500/meOtdGhHZIOCmCdBqVe1AzTG7M2.jpg
2846,24356.0,https://image.tmdb.org/t/p/w500/zKxB2Ivm1717Hbnuvvy2lONC4R1.jpg,https://image.tmdb.org/t/p/w500/9zoo6uzFiewyzQxW9SXcE1ErM23.jpg
2848,,,
2853,24438.0,https://image.tmdb.org/t/p/w500/zNRLfwUGKaSQEDvOKlIOLGn8qRk.jpg,https://image.tmdb.org/t/p/w500/4ctxEEXIDLRawB4To5ntzhbVqln.jpg
2859,24664.0,https://image.tmdb.org/t/p/w500/oAg1mUUxdWJNLa6t1gctbQhXHVN.jpg,https://image.tmdb.org/t/p/w500/p7e7OZwPxDQTYE4l4EFuYkCloLU.jpg
2860,,,
2875,,,
2876,,,
2878,25195.0,https://image.tmdb.org/t/p/w500/i86hMi5iEF3WnYLCaGHdT5FPdYg.jpg,https://image.tmdb.org/t/p/w500/6wlM6qQIiB7nb9mUYX95XjDLikX.jpg
2880,,,
2881,,,
2882,,,
2892,25462.0,https://image.tmdb.org/t/p/w500/oDWVsSJMXvDeX9KohSOtfqCFD7e.jpg,https://image.tmdb.org/t/p/w500/38mKWUbVaWaMvKHeCNeXRJY5yLW.jpg
2908,,,
2911,26268.0,https://image.tmdb.org/t/p/w500/zy56CkGHBA9WubuJ7fjntTZCvRi.jpg,https://image.tmdb.org/t/p/w500/lSjWDLe8KwU731Bhs1TAwA7agGH.jpg
2933,26791.0,https://image.tmdb.org/t/p/w500/8CM2YIX0qLcqDY7d6iVb4uRXGG8.jpg,https://image.tmdb.org/t/p/w500/ag90STh8Gvinuwg8Q0NRAcY3JAm.jpg
2947,,,
2956,,,
2960,27576.0,https://image.tmdb.org/t/p/w500/ppXyhOe8UCEOrBRSYqE3SkHwrcR.jpg,https://image.tmdb.org/t/p/w500/sgTnSgLfLAARam9Fz9CMblOBiwW.jpg
2965,27585.0,https://image.tmdb.org/t/p/w500/zTUQXwMn4ndt5AAcDvJCi14ZY2B.jpg,https://image.tmdb.org/t/p/w500/kgUhrJSLesy71iDf1x5Ab94HnEv.jpg
2979,,,
2980,,,
2981,,,
2985,,,
2990,28932.0,https://image.tmdb.org/t/p/w500/yiqQHB0vZg9O6z7VvAefV3fSPqX.jpg,https://image.tmdb.org/t/p/w500/soryIIVwUFTtD13eS41vfFBxjj9.jpg
2991,29015.0,https://image.tmdb.org/t/p/w500/kCoifvSC6tUa7Ia4YClf4npqjQp.jpg,https://image.tmdb.org/t/p/w500/ifXKFWQWKO7B3Mz3L0Qn3kEVcF2.jpg
2994,,,
3003,29427.0,https://image.tmdb.org/t/p/w500/ggtG9DZELyTtM2Y0DRJDOJa5iP8.jpg,https://image.tmdb.org/t/p/w500/n6wLCq16XxY5p0PG3EWU18LdFAM.jpg
3005,29463.0,https://image.tmdb.org/t/p/w500/83jp1uZp9405rkHKzDuX8qnJbhw.jpg,https://image.tmdb.org/t/p/w500/oZRpEhbiKHcRZrXhZFZoaSVny8t.jpg
3007,,,
3017,30128.0,https://image.tmdb.org/t/p/w500/oBBood3JcOu0LQstdL9FeqCxMwa.jpg,https://image.tmdb.org/t/p/w500/wZ7njCHjE4iplwFoR2mmdvpCd3h.jpg
3020,,,
3030,,,
3032,31007.0,https://image.tmdb.org/t/p/w500/tt9pBPoXjFu36rPqObwrgkYCY3t.jpg,https://image.tmdb.org/t/p/w500/aKess0g91BMSYpq1VLqwaqz83JF.jpg
3034,,,
3039,,,
3048,31909.0,https://image.tmdb.org/t/p/w500/rs3cOVZtrXD27XQQdut1FWFYrUG.jpg,https://image.tmdb.org/t/p/w500/prXg39FFxNgmab46jS5wkNbjQSt.jpg
3055,32316.0,https://image.tmdb.org/t/p/w500/8gDhnXFVARqa5F2sCZdelDhiVjc.jpg,https://image.tmdb.org/t/p/w500/kJAo4SAL9hDJkwVAHowGqy2otXl.jpg
3056,,,
3057,,,
3060,,,
3061,32823.0,https://image.tmdb.org/t/p/w500/6g0li87w8LIK77QRUtOkQkM6bD7.jpg,https://image.tmdb.org/t/p/w500/99XKAb7zFAKDogB0DYl87bA9Hi1.jpg
3067,,,
3073,,,
3076,33870.0,https://image.tmdb.org/t/p/w500/mvHW6UTlrn60RhyYsoqxXxTPIFn.jpg,https://image.tmdb.org/t/p/w500/tPgTNKrWSXajxYqpW8Yn8gBjkt2.jpg
3078,,,
3081,34086.0,https://image.tmdb.org/t/p/w500/vchyoV7mnaUd46meVO81yolXH2D.jpg,https://image.tmdb.org/t/p/w500/2z2A7LHAMF8t3ZfZoODfWQw2IgF.jpg
3087,,,
3096,,,
3097,,,
3098,34769.0,https://image.tmdb.org/t/p/w500/a1ce5xYYkwSCqIHh0nGKnh7Zs7Q.jpg,https://image.tmdb.org/t/p/w500/hbUsU7HZyrDPzT8CwjLvQXWYAkq.jpg
3099,,,
3108,35199.0,https://image.tmdb.org/t/p/w500/8AY7EkxJwB8Ow5iPe41GOJesxzn.jpg,https://image.tmdb.org/t/p/w500/1F5udd0LhzxTCXmFnhCbiyC0yBm.jpg
3121,36351.0,https://image.tmdb.org/t/p/w500/fFSdOYKp80rcK81KuNW3rz7FcLX.jpg,https://image.tmdb.org/t/p/w500/kTu8o04UGSB1n0OV8cXwenHzg2k.jpg
3132,36648.0,https://image.tmdb.org/t/p/w500/6f7iXvPOnf83MaLB1JmPzUor1rr.jpg,https://image.tmdb.org/t/p/w500/63eAFgJtN6ZTyFFzlAOoZLhlYqc.jpg
3136,,,
3144,36955.0,https://image.tmdb.org/t/p/w500/pqdvCBDThAOjlA0XBzbNm7GvwpU.jpg,https://image.tmdb.org/t/p/w500/jRZ3joUcg8YDCQYl4Tog5xhY6wk.jpg
3151,,,
3158,,,
3166,,,
3167,37786.0,https://image.tmdb.org/t/p/w500/6CtFxG3WbeS8khj0Wzshmqg2zLM.jpg,https://image.tmdb.org/t/p/w500/gPqqEBBpSl7E4Fz8uMBqoBLxcTP.jpg
3170,37834.0,https://image.tmdb.org/t/p/w500/phhp52CZZJiGYmiOTp9ZBDkGHB3.jpg,https://image.tmdb.org/t/p/w500/k5mNW8qutywD3GhAuaq33qcQR2y.jpg
3180,38033.0,https://image.tmdb.org/t/p/w500/Qkz89qeK3gJh49x3T85KiecTZi.jpg,https://image.tmdb.org/t/p/w500/jx744afQpw67FuIxMdYuujmmHMb.jpg
3182,,,
3186,38153.0,https://image.tmdb.org/t/p/w500/m8dgxxCrpLhKjkjH2DPxkz0inoJ.jpg,https://image.tmdb.org/t/p/w500/xAiQwgOSIhNs9ZwIPeDTwpAyP78.jpg
3199,,,
3200,38428.0,https://image.tmdb.org/t/p/w500/sFzo2Ss4PQfNUlrzeTfwoVp5ajE.jpg,
3202,,,
3203,,,
3206,,,
3209,,,
3214,,,
3220,39053.0,https://image.tmdb.org/t/p/w500/qkJ0rB1qf62TJ6thxEVRT7Eccqn.jpg,https://image.tmdb.org/t/p/w500/tZP2xJaUgCFByVMDYHyEOJiCSX6.jpg
3222,,,
3223,39180.0,https://image.tmdb.org/t/p/w500/29iKqRGRcNqhrT710ohxVq5WwcE.jpg,https://image.tmdb.org/t/p/w500/7CYcy9eZZdhgBzaHGPH73hrjcNr.jpg
3231,39451.0,https://image.tmdb.org/t/p/w500/90mwPRNMmX9RUGVgKMJMJNQnYX8.jpg,https://image.tmdb.org/t/p/w500/sLDoVwrzmKNdiBmykPSxaJA7uQh.jpg
3241,39800.0,https://image.tmdb.org/t/p/w500/qXCuzXPqd21orMT59JbGV01VRMT.jpg,https://image.tmdb.org/t/p/w500/vMRPkdf3m3Ra6ZI3EyZPdKRi9m5.jpg
3243,39833.0,https://image.tmdb.org/t/p/w500/4PdRIIrBN4q8H7f8yGbd0ScpTjh.jpg,https://image.tmdb.org/t/p/w500/48oxvgG5yrMPA2f9cPEhi9mHOV4.jpg
3255,,,
3258,40688.0,https://image.tmdb.org/t/p/w500/7hSCyqtYZ2ICMiV2rI5ZtZQTUnF.jpg,https://image.tmdb.org/t/p/w500/6CMGdj5mAnfPm7PPV2KF8rXJgmY.jpg
3260,,,
3262,,,
3267,40932.0,https://image.tmdb.org/t/p/w500/j4Qu0WPS04bYOLwV3d9vSSsvYQb.jpg,https://image.tmdb.org/t/p/w500/cGIKqJnM984ZKI8Xjej267wloa3.jpg
3274,,,
3283,,,
3284,41469.0,https://image.tmdb.org/t/p/w500/cygwoUJ1LqXkYT451E7W3dHtfHZ.jpg,https://image.tmdb.org/t/p/w500/bpCfNntqaHCYIGOahipfyGE8ovP.jpg
3301,42222.0,https://image.tmdb.org/t/p/w500/qHtPzs9eVCilp88c1arq73gH6xk.jpg,https://image.tmdb.org/t/p/w500/iAgMjPnY0jsQnIQkZbVHQu9Cbpk.jpg
3304,42497.0,https://image.tmdb.org/t/p/w500/kaZiiGE6820KyFF9XkzPB9Rx9qn.jpg,https://image.tmdb.org/t/p/w500/jDgaKZG5KfEMKYmxt6G3mpKBfo6.jpg
3306,,,
3310,,,
3312,43074.0,https://image.tmdb.org/t/p/w500/wJmWliwXIgZOCCVOcGRBhce7xPS.jpg,https://image.tmdb.org/t/p/w500/3KDHaahgXlUhmpXzoRZrLc7QSBM.jpg
3314,43213.0,https://image.tmdb.org/t/p/w500/6saeAm5xt4vVM632Hxw3tV0tRsJ.jpg,https://image.tmdb.org/t/p/w500/lC29yzn2tSHlkjzgt277YMWAV32.jpg
3326,,,
3332,43931.0,https://image.tmdb.org/t/p/w500/3dOFUWCue0ovlGpUhuEDmOikTPk.jpg,https://image.tmdb.org/t/p/w500/wyK1ZNm3L6M1WRH9d4pREddVYTL.jpg
3333,43933.0,https://image.tmdb.org/t/p/w500/qpJyTxR33KG9qFmXoCD5AUTToPl.jpg,https://image.tmdb.org/t/p/w500/imiBIsvNU3TbMB3sbqKanKODS33.jpg
3352,44562.0,https://image.tmdb.org/t/p/w500/AnF4FFmJPIJhZ3FoOhlTWClPHFR.jpg,https://image.tmdb.org/t/p/w500/gph8WWp4efupQi7L76MlpPSiAhe.jpg
3353,,,
3366,,,
3368,44896.0,https://image.tmdb.org/t/p/w500/A5MP1guV8pbruieG0tnpPIbaJtt.jpg,https://image.tmdb.org/t/p/w500/mOtKQlXdL5J4lwqcSFlkZmgmFeZ.jpg
3381,,,
3391,,,
3392,45791.0,https://image.tmdb.org/t/p/w500/fWzhqUMGva7sKENr4L6M1RC7BlA.jpg,https://image.tmdb.org/t/p/w500/3xKimqRf6atT2aKQv95ieOEuKej.jpg
3396,,,
3401,,,
3404,,,
3413,46838.0,https://image.tmdb.org/t/p/w500/8shwLEDzajJGSfLgbpac8x8xn1U.jpg,https://image.tmdb.org/t/p/w500/kgaQLCOpH8K5kZZRmeiI4btSrl0.jpg
3420,47502.0,https://image.tmdb.org/t/p/w500/nbDb2ESmcDT2tDpwdgOPPReRSl6.jpg,https://image.tmdb.org/t/p/w500/uLe08DokjJDRxhZJmQsAk4vtDjE.jpg
3421,47534.0,https://image.tmdb.org/t/p/w500/19nKfguTd9HZhYkh1SEnMulhitI.jpg,https://image.tmdb.org/t/p/w500/z2Rp6ObFgcoLiCT6pYQfEyaHHZg.jpg
3422,47546.0,https://image.tmdb.org/t/p/w500/ukFRXI9Dg9JdjebQPFde7Gfel3.jpg,
3429,,,
3454,,,
3469,,,
3474,,,
3484,,,
3492,,,
3496,,,
3509,,,
3515,51942.0,https://image.tmdb.org/t/p/w500/dyP1Zlj1lbhBHeO5veF5L7uqdsb.jpg,https://image.tmdb.org/t/p/w500/xUfyg80LvnfHjQ3xE65GXigeqiS.jpg
3518,,,
3519,52015.0,https://image.tmdb.org/t/p/w500/q5Cq3svR0XPEb9VkVBHPowT1Bxf.jpg,https://image.tmdb.org/t/p/w500/1CF9VduPpELjzPpX1ELKk2tiaXf.jpg
3528,,,
3536,,,
3545,,,
3553,,,
3563,,,
3570,57165.0,https://image.tmdb.org/t/p/w500/b9n2R3xZWQ8MVZgndQoV34stS0h.jpg,https://image.tmdb.org/t/p/w500/g6Bppew6A1PxpHfraNroo0mRBcm.jpg
3574,57294.0,https://image.tmdb.org/t/p/w500/cYAaZuFnhymi4jA1xMRV97xhZ6e.jpg,https://image.tmdb.org/t/p/w500/4n88kTRWtWcFiHj1Lrd18ZkmwA8.jpg
3576,,,
3584,58224.0,https://image.tmdb.org/t/p/w500/jGwZ1QI5DaL7mHQ2ZsMV1p8xvPS.jpg,https://image.tmdb.org/t/p/w500/gtkROcxhItcEvGoRr0a12PWBLpf.jpg
3590,58595.0,https://image.tmdb.org/t/p/w500/8HUa5kRubYbnAD5UVpnhTGGgMTW.jpg,https://image.tmdb.org/t/p/w500/KBe9fHU5rVg4daoKnFwl1Cbc28.jpg
3592,58680.0,https://image.tmdb.org/t/p/w500/8K1IfJXWPW1N5J6ar8ZOLU47c98.jpg,https://image.tmdb.org/t/p/w500/c8qHUbcyVGw300QHsIXnodwsCpf.jpg
3599,,,
3610,59981.0,https://image.tmdb.org/t/p/w500/5XiNCjFudNX0Wj5LanPuIb8E9pU.jpg,https://image.tmdb.org/t/p/w500/3UPdg8QO6CF5UqmOIJoLKhRM6e.jpg
3612,,,
3619,,,
3627,61891.0,https://image.tmdb.org/t/p/w500/mRjdFP0kqCPaDKeXgQtsb7how6e.jpg,https://image.tmdb.org/t/p/w500/5fKDsHMfY3K7vV1JFECYaafnwwx.jpg
3629,,,
3631,,,
3633,62206.0,https://image.tmdb.org/t/p/w500/12VgS5G6OG7ANKrSbhtUD2POHb8.jpg,https://image.tmdb.org/t/p/w500/jms0K8EDkLYVVYOm7R0IyeJQ6VM.jpg
3636,62214.0,https://image.tmdb.org/t/p/w500/yGjVbLVdZRBlZTTQVBsj2KUjL1s.jpg,https://image.tmdb.org/t/p/w500/yfTZ2MSRWc06cBrFOsAF4Lebi4.jpg
3640,,,
3644,62764.0,https://image.tmdb.org/t/p/w500/gzTSQUUuFrm5ndkIbOVibT797os.jpg,https://image.tmdb.org/t/p/w500/iFSO0glqR8wydqaRl9KxQI63xEd.jpg
3646,62837.0,https://image.tmdb.org/t/p/w500/af2SRFllNW26WFG84AfTv3xLT5t.jpg,https://image.tmdb.org/t/p/w500/y0GUZoM63hT4HTKyUbQbsaP8yIT.jpg
3664,,,
3665,64807.0,https://image.tmdb.org/t/p/w500/jTq9jYTKKo6EhQPso4xTMpPYYXW.jpg,https://image.tmdb.org/t/p/w500/iniZ0x168fb6fHdpio4DJmf0nDs.jpg
3666,64973.0,https://image.tmdb.org/t/p/w500/AsJA9DQFxCP9jpuNsqC17ZcaUqN.jpg,https://image.tmdb.org/t/p/w500/bdp3CScYTohKHS6ztdi3Kz3b3fV.jpg
3668,,,
3690,,,
3692,,,
3712,,,
3719,70868.0,https://image.tmdb.org/t/p/w500/eUQfE21WB0qKfUx6yUAhmsCWTmX.jpg,https://image.tmdb.org/t/p/w500/f2WjZXaEAp8eAxCFiRCbfbu84U2.jpg
3720,,,
3722,,,
3727,,,
3736,,,
3751,,,
3752,72913.0,https://image.tmdb.org/t/p/w500/fKSc6ZB8DOdwxtSBPjv7NjGMWBr.jpg,https://image.tmdb.org/t/p/w500/6TyP5cMiLkuqzVzbqVeMV3K9xyU.jpg
3760,73873.0,https://image.tmdb.org/t/p/w500/68fdlvmqTWGC2y5nGXQE5RfgNB5.jpg,https://image.tmdb.org/t/p/w500/oZbLtVbpNFmDa58woYqHBpHDxwt.jpg
3761,,,
3774,,,
3783,75986.0,https://image.tmdb.org/t/p/w500/pu6BqPRbEaIeKs6YmmSEFGKDiBj.jpg,https://image.tmdb.org/t/p/w500/g6uHmI0z8qtrF1slryMWFGOYKKt.jpg
3784,76025.0,https://image.tmdb.org/t/p/w500/cAWLz9kFv4xc6IsEXTj2DrcqD55.jpg,https://image.tmdb.org/t/p/w500/AOSzhQfsXIqHPl9JgQvGkBPhYm.jpg
3786,,,
3795,76494.0,https://image.tmdb.org/t/p/w500/dHLN64hvTtbqVqeJI67Ali5XSBE.jpg,https://image.tmdb.org/t/p/w500/3hlsNk8RMaxfcjHTllSODvWwt12.jpg
3797,76640.0,https://image.tmdb.org/t/p/w500/3tP4r47v8v6mEj5X5RuG9y8Frbh.jpg,https://image.tmdb.org/t/p/w500/d7HubNeMNg3KOXgmeIOFNhsSTJC.jpg
3810,77866.0,https://image.tmdb.org/t/p/w500/c9NQDANheSz887myHeMocUKQ5Je.jpg,https://image.tmdb.org/t/p/w500/3se6YngJYOQ8rpbp7ZeNcnSKmmM.jpg
3811,77875.0,https://image.tmdb.org/t/p/w500/jYv6MqOoAIpxZd6ydJ4S5S2QHDZ.jpg,https://image.tmdb.org/t/p/w500/n1hONNc8eGBti9N7YhSwBwPkujl.jpg
3831,,,
3844,,,
3853,,,
3855,,,
3857,82525.0,https://image.tmdb.org/t/p/w500/joyiyBwYY5QCpldqT1FzrTqsTJK.jpg,https://image.tmdb.org/t/p/w500/39FIOhhLT8mxvFRD6MaFzXCVgHr.jpg
3858,,,
3859,,,
3863,82675.0,https://image.tmdb.org/t/p/w500/yzAlcuJhpnxRPjaj7AHBRbNPQCJ.jpg,https://image.tmdb.org/t/p/w500/5M92Rtz6r01HLrN0TMrU8jCbyVm.jpg
3873,82702.0,https://image.tmdb.org/t/p/w500/d13Uj86LdbDLrfDoHR5aDOFYyJC.jpg,https://image.tmdb.org/t/p/w500/8AAuJtCzaibYkbE0QVHc8EBsELB.jpg
3876,83542.0,https://image.tmdb.org/t/p/w500/8naVv2Xu3rWI5JKHz0vCujx6GaJ.jpg,https://image.tmdb.org/t/p/w500/sFDntG0Z0Wjrsz26TVptfs5OSLT.jpg
3885,,,
3892,84332.0,https://image.tmdb.org/t/p/w500/vgP1ikT5tYv2pAlkpAN1SjGZmsh.jpg,https://image.tmdb.org/t/p/w500/hOVZHM2ZEaWdytcptRhfzk0fJBv.jpg
3913,87499.0,https://image.tmdb.org/t/p/w500/qTJPT1jFz94vSkmiHMUxQTfQsL7.jpg,https://image.tmdb.org/t/p/w500/kq99sRIMHlgIPHV8U4SHdWBZMRx.jpg
3932,,,
3938,91076.0,https://image.tmdb.org/t/p/w500/vovb7pbU3CkKjfcmOxwz7AMbpCX.jpg,https://image.tmdb.org/t/p/w500/i5PZiTBdvt4lDmpwAnMso0bAiWs.jpg
3945,92635.0,https://image.tmdb.org/t/p/w500/9X1rn2qC3ltQjZdclPINTWIAX7Y.jpg,
3948,,,
3949,,,
3951,94352.0,https://image.tmdb.org/t/p/w500/jAt4ugebhXKmAnirHAWe5P6gnMi.jpg,https://image.tmdb.org/t/p/w500/jZsTNDun2GCILLnN8y9x9KKnHXV.jpg
3958,97020.0,https://image.tmdb.org/t/p/w500/gM5ql3BKYmHG3WtZ0buKXN7xY8O.jpg,https://image.tmdb.org/t/p/w500/xACuC5FwpCdayrcCsJPxYzrl8BO.jpg
3961,,,
3962,,,
3963,,,
3965,,,
3966,,,
3968,,,
3981,102362.0,https://image.tmdb.org/t/p/w500/8xWo2WE36JdBwlCmwvXM4bb5rBg.jpg,https://image.tmdb.org/t/p/w500/q4j6JBIkfp1Sfj6TxfOoFlqygYb.jpg
3983,102651.0,https://image.tmdb.org/t/p/w500/ik8PugpL41s137RAWEGTAWu0dPo.jpg,https://image.tmdb.org/t/p/w500/xjotE7aFdZ0D8aGriYjFOtDayct.jpg
3999,,,
4000,,,
4002,,,
4007,,,
4024,,,
4025,,,
4026,,,
4029,,,
4050,119458.0,https://image.tmdb.org/t/p/w500/qQrVjSPIarrSnpY9O1eZH01VbUh.jpg,
4051,,,
4053,,,
4061,,,
4062,,,
4066,,,
4067,125537.0,https://image.tmdb.org/t/p/w500/cGCNG3Md9t0Zvhksr27aqXa1AI9.jpg,
4071,126509.0,https://image.tmdb.org/t/p/w500/9Ht3rh0GVgh0rGqW99wCXWE4DP1.jpg,https://image.tmdb.org/t/p/w500/ledcZn5v3qvi7hqxjdti1r3LWMa.jpg
4083,132316.0,https://image.tmdb.org/t/p/w500/1TlzJZrzUlaC95Noqt3oMoxQxCu.jpg,https://image.tmdb.org/t/p/w500/sgf60uAPn95lBAcSX9eQE8bKxTb.jpg
4088,,,
4106,,,
4124,146198.0,https://image.tmdb.org/t/p/w500/q2kIq9yzEkOVhl1aeo0alJHtdfz.jpg,https://image.tmdb.org/t/p/w500/kVchIyTFulZtFJmxq8e0SPvc3tH.jpg
4125,146203.0,https://image.tmdb.org/t/p/w500/260ztSWhGIYSLAjDC6smFWcdUSp.jpg,https://image.tmdb.org/t/p/w500/cQE2dSKpt31WNtiRipbYBlJz5YE.jpg
4126,146216.0,https://image.tmdb.org/t/p/w500/tbksijr6g340yFWRgI4JfwrtM9h.jpg,https://image.tmdb.org/t/p/w500/gd2vQT8uMf1FAsiC0OdewL7XUFR.jpg
4127,,,
4130,,,
4131,,,
4133,133991.0,https://image.tmdb.org/t/p/w500/fYXsdK5j1pKUpO0yF43tEmdvO67.jpg,https://image.tmdb.org/t/p/w500/7fJRcut8QGnKmYy653ed6dm0M96.jpg
4140,,,
4149,153158.0,https://image.tmdb.org/t/p/w500/tJL0oyVmrwSpULCAGaTqs9VMTdM.jpg,https://image.tmdb.org/t/p/w500/b6usdEMEOX5pcVpXrS32z0NOwGc.jpg
4152,,,
4153,,,
4157,,,
4158,,,
4161,157386.0,https://image.tmdb.org/t/p/w500/obDS8pTWVWZiNAaTyfIFWYZbRsZ.jpg,https://image.tmdb.org/t/p/w500/xy5YazEiPb3Nij6TUEP9Dq3LDhp.jpg
4163,,,
4166,157847.0,https://image.tmdb.org/t/p/w500/numu669Pf8wOPcqImONWORYx0Pp.jpg,https://image.tmdb.org/t/p/w500/ql13iTyPHlx2rErb2gPnB4pJ3Mz.jpg
4168,157909.0,https://image.tmdb.org/t/p/w500/eIfFa00THsuUEerMeiehvVtVGCn.jpg,
4169,,,
4170,,,
4172,158752.0,https://image.tmdb.org/t/p/w500/g3qZofBWiLauJviv27f8zpEFbki.jpg,https://image.tmdb.org/t/p/w500/AtUC9rFuBE43QQ0JyORuHw6fqEi.jpg
4185,,,
4188,166624.0,https://image.tmdb.org/t/p/w500/zFY2dXaZ9SBI1x9lZkDKG0rECOt.jpg,https://image.tmdb.org/t/p/w500/7hgyl4rY6ymKYxvnN0nUJwEA7jX.jpg
4210,175528.0,https://image.tmdb.org/t/p/w500/qSKvf23QuEJGt8MMrKvoFk85TZo.jpg,https://image.tmdb.org/t/p/w500/ta31idy1pxZHH9LyTZpej9Yf84Y.jpg
4213,175574.0,https://image.tmdb.org/t/p/w500/gnSU2wUBq2gTkBEkxY8C1d1fXAQ.jpg,https://image.tmdb.org/t/p/w500/bYCYL5mVX4unStJy34wWuofVq2O.jpg
4228,,,
4237,,,
4242,,,
4247,,,
4253,,,
4270,,,
4277,200505.0,https://image.tmdb.org/t/p/w500/bnl2ocjS1io4UCPhjoFuPKmJ9bf.jpg,https://image.tmdb.org/t/p/w500/6OmYtlqri24uwgPx1UQERaZIMmn.jpg
4278,201088.0,https://image.tmdb.org/t/p/w500/7zu6HPnKPjNA7NuR4DGRdaH0PdX.jpg,https://image.tmdb.org/t/p/w500/1u7TuvR5mSUz2xRQhz01i75IwdT.jpg
4282,,,
4285,204922.0,https://image.tmdb.org/t/p/w500/1sSWpTupVixOanIpZdLGzsKvcZS.jpg,https://image.tmdb.org/t/p/w500/4Vyrc1SGaBZZ0ZGDq4o6LcEgq1i.jpg
4286,205126.0,https://image.tmdb.org/t/p/w500/6jor0EqECPgHqu89GrQIy9Wetkf.jpg,https://image.tmdb.org/t/p/w500/of1lXyqqqN6iPNI4vvaQF83qxBg.jpg
4287,,,
4296,,,
4320,,,
4342,,,
4343,,,
4345,,,
4360,,,
4363,,,
4364,228550.0,https://image.tmdb.org/t/p/w500/tFKSA6EXmA9IV5gr7hwJ3VPbTJJ.jpg,https://image.tmdb.org/t/p/w500/fawf6d9uRtnPzZeX2ud28n4S24B.jpg
4365,,,
4366,,,
4388,,,
4389,241257.0,https://image.tmdb.org/t/p/w500/luHpMTmU1ygtEgdOTSSj0i9nd8E.jpg,https://image.tmdb.org/t/p/w500/pYr7HL3peZQZRaAYqwWT6Ax4DAx.jpg
4390,,,
4391,,,
4399,242582.0,https://image.tmdb.org/t/p/w500/j9HrX8f7GbZQm1BrBiR40uFQZSb.jpg,https://image.tmdb.org/t/p/w500/bdI6U1mT0kCdTJ6TWtiFxQ42GSn.jpg
4401,243940.0,https://image.tmdb.org/t/p/w500/4aq0TOLvITU3iWRUfxlRc83lMz1.jpg,https://image.tmdb.org/t/p/w500/nMlsS5v0BY9W1GhRBUNrRPF90Xh.jpg
4402,,,
4407,244534.0,https://image.tmdb.org/t/p/w500/gjOQUlsprWkmyZP4hhMGr0GP3LG.jpg,https://image.tmdb.org/t/p/w500/uNau8T09oIHIyBxilMtPg8lQkPk.jpg
4414,,,
4421,,,
4423,,,
4427,,,
4434,,,
4437,253290.0,https://image.tmdb.org/t/p/w500/nQRsj3wRXOesAaN0I31rSNz2WX7.jpg,https://image.tmdb.org/t/p/w500/rRVjDIyRDY4Q0TpXluHhEN0EbF5.jpg
4440,,,
4449,255266.0,https://image.tmdb.org/t/p/w500/u9oGJbBEFoyiHQ1rE3dRFOcyfqD.jpg,
4454,,,
4459,,,
4462,257088.0,https://image.tmdb.org/t/p/w500/z7JOvw5Lqs9ezoFTJxmz3nx3av2.jpg,https://image.tmdb.org/t/p/w500/3zJnkABcx8xNsD22jYJXEShTjcg.jpg
4465,,,
4466,257445.0,https://image.tmdb.org/t/p/w500/aeZT9pqEgrmXOGdESFkAuVjX6kw.jpg,https://image.tmdb.org/t/p/w500/6mPe4rBHzDMal2oL6hVgOBkaHz9.jpg
4478,262500.0,https://image.tmdb.org/t/p/w500/dP5Fb6YRfzmCQtRbHOr2kO7tJW9.jpg,https://image.tmdb.org/t/p/w500/8YNNyQiPZlF9qv5EGOUK20mnXVk.jpg
4492,,,
4494,267935.0,https://image.tmdb.org/t/p/w500/w17Mc2x2olB5CtewznUFxgpvne0.jpg,https://image.tmdb.org/t/p/w500/tOTtJelsPKX0bvSdvDVL2ou3cGS.jpg
4499,269057.0,https://image.tmdb.org/t/p/w500/5NLzhk3hQ6M6X1A27ZST5nNhUya.jpg,https://image.tmdb.org/t/p/w500/fs2jLtwXs4h1d0PaGKfWkGWXF3i.jpg
4500,,,
4504,270946.0,https://image.tmdb.org/t/p/w500/dXbpNrPDZDMEbujFoOxmMNQVMHa.jpg,https://image.tmdb.org/t/p/w500/msnknPOg9dx86b0YozXOFP8PgBI.jpg
4505,271110.0,https://image.tmdb.org/t/p/w500/rAGiXaUfPzY7CDEyNKUofk3Kw2e.jpg,https://image.tmdb.org/t/p/w500/7FWlcZq3r6525LWOcvO9kNWurN1.jpg
4507,,,
4520,,,
4521,,,
4523,,,
4526,,,
4528,,,
4530,280092.0,https://image.tmdb.org/t/p/w500/iDdGfdNvY1EX0uDdA4Ru77fwMfc.jpg,https://image.tmdb.org/t/p/w500/1fpwEe2GvNjAq2MN2xxdifNZLBT.jpg
4535,281230.0,https://image.tmdb.org/t/p/w500/4ok9jMdmjQUKtuTNwX0w0My9wib.jpg,
4541,283671.0,https://image.tmdb.org/t/p/w500/crcj3IEAUtzIySVjw3HN2tS910S.jpg,https://image.tmdb.org/t/p/w500/uPHPPFL6ZqhfoDQkAYjJ2RyHuFy.jpg
4542,,,
4546,,,
4547,,,
4556,,,
4560,,,
4574,,,
4577,,,
4580,293670.0,https://image.tmdb.org/t/p/w500/lWE9ih9qgjx8HatYboP7fG0nri.jpg,https://image.tmdb.org/t/p/w500/9qxBNfI1QFbiZS62fsgaUd563t2.jpg
4592,296098.0,https://image.tmdb.org/t/p/w500/fmOOjHAQzxr0c1sfcY4qkiSRBH6.jpg,https://image.tmdb.org/t/p/w500/12M3SvYO4WMdlXCajWklz1zUAly.jpg
4601,,,
4602,,,
4603,299552.0,https://image.tmdb.org/t/p/w500/rmAzBd173UrSWF8K3lEBS5JfnfY.jpg,https://image.tmdb.org/t/p/w500/ilDKP6zLVTI6NOVIaFkLJDzRFFn.jpg
4605,299687.0,https://image.tmdb.org/t/p/w500/ja34BV577dtjWl2S5G1tB93IjYb.jpg,https://image.tmdb.org/t/p/w500/pXRAVmgcYnXGq6PAF7Hfe5P7QJR.jpg
4610,,,
4616,302579.0,https://image.tmdb.org/t/p/w500/yTQPrKLhKC8qUe2CMn8MxmfaxA5.jpg,https://image.tmdb.org/t/p/w500/cAnxUXXxCmvzwYY5ce3kRbPzmkx.jpg
4624,,,
4630,,,
4631,309809.0,https://image.tmdb.org/t/p/w500/je5Z7gbFTzrs3FPHINo9yGiHoVo.jpg,https://image.tmdb.org/t/p/w500/ackk6QMSECnqWC2H73lKXs8J5iY.jpg
4635,,,
4645,315664.0,https://image.tmdb.org/t/p/w500/1HAdtUchzWEo0LMFHrgD2UBIBS3.jpg,https://image.tmdb.org/t/p/w500/x5zHw4qTZ1aP4Lrcv49coRluvxr.jpg
4656,320146.0,https://image.tmdb.org/t/p/w500/y8toiQT0xb6mLWT84xVhUNXICdg.jpg,https://image.tmdb.org/t/p/w500/iLlUzHH2vsR7z3oUggklEtXTmJJ.jpg
4662,322443.0,https://image.tmdb.org/t/p/w500/kV0jEsELVEhqIU9MPyidKaHpvh9.jpg,https://image.tmdb.org/t/p/w500/k6OJmK0SamFbu0642JLMey4voNk.jpg
4674,,,
4680,326284.0,https://image.tmdb.org/t/p/w500/lLxgyIuENnjPLeNIoqwIg3XBwJ1.jpg,https://image.tmdb.org/t/p/w500/5KqLlBfhkS58MVQ9ir4ttyGk2i6.jpg
4681,,,
4687,,,
4690,,,
4693,,,
4696,332411.0,https://image.tmdb.org/t/p/w500/6NvLA3BP5ktLaZ1qdLY0oHsaqwD.jpg,https://image.tmdb.org/t/p/w500/ox6qOu33CSE48bNcArrqqCp4NUB.jpg
4699,1895.0,https://image.tmdb.org/t/p/w500/xfSAoBEm9MNBjmlNcDYLvLSMlnq.jpg,https://image.tmdb.org/t/p/w500/5vDuLrjJXFS9PTF7Q1xzobmYKR9.jpg
4713,,,
4716,343795.0,https://image.tmdb.org/t/p/w500/e3LKk8UdDyXDkov9k8iP2JJNChi.jpg,https://image.tmdb.org/t/p/w500/xoj5PSZkFEsDdHBdbBgEWs34jmO.jpg
4717,,,
4719,,,
4721,,,
4723,,,
4724,,,
4733,,,
4734,,,
4736,,,
4738,357837.0,https://image.tmdb.org/t/p/w500/vSJ7W4RVTjN5QePdfFqnZuoTeaB.jpg,https://image.tmdb.org/t/p/w500/hg7BYkUMYtNRz3TiOiRjqZIphm0.jpg
4739,358451.0,https://image.tmdb.org/t/p/w500/fRnFmQ8kkTLptnm8cDUXQ1ZYP9o.jpg,https://image.tmdb.org/t/p/w500/83LZPdxD5wdY2nKp2ZnZ35sqnAS.jpg
4743,,,
4755,,,
4758,371690.0,https://image.tmdb.org/t/p/w500/iQ8fn12g3OHUldSaUMwW6vbdONv.jpg,https://image.tmdb.org/t/p/w500/2JMZAUevK85BfXiXeurbf4KOoWs.jpg
4783,417859.0,https://image.tmdb.org/t/p/w500/7a5Jzjr9TmffGy76y1SZhn3sCiz.jpg,https://image.tmdb.org/t/p/w500/c5MCkebYhFuhmi32x760HfcvLIO.jpg
